time,water_level,contamination
2024-11-01 00:00:00,1.2489573917975574,22.260092270232693
2024-11-01 01:00:00,1.6260668591142649,16.92168434159027
2024-11-01 02:00:00,1.832195667287846,18.558446084295703
2024-11-01 03:00:00,2.2125183539110314,15.539852339292047
2024-11-01 04:00:00,1.8292532887571245,12.774023934215284
2024-11-01 05:00:00,1.5894384843788343,19.204193447220963
2024-11-01 06:00:00,1.284010765252856,20.156372897813693
2024-11-01 07:00:00,0.8816493429973707,16.1325919066768
2024-11-01 08:00:00,0.575907091882991,15.63973719797291
2024-11-01 09:00:00,0.5008213623167758,24.12692921969947
2024-11-01 10:00:00,0.1809154685992478,25.33106268479445
2024-11-01 11:00:00,0.6244677659625971,18.16710855506294
2024-11-01 12:00:00,0.941746596127396,9.842440443547487
2024-11-01 13:00:00,1.4801719789012442,25.17266988598397
2024-11-01 14:00:00,1.7893297651246014,11.083091791689494
2024-11-01 15:00:00,3.496488195779919,78.39021549692575
2024-11-01 16:00:00,1.925138449083377,29.44370562192273
2024-11-01 17:00:00,1.6925651625141729,21.280653627285552
2024-11-01 18:00:00,1.3301577281110195,12.541109596118222
2024-11-01 19:00:00,0.8733127431383039,24.020344995826246
2024-11-01 20:00:00,0.5726209355522818,23.738032481879287
2024-11-01 21:00:00,0.34375240769976423,15.804392020672443
2024-11-01 22:00:00,0.3322719880003711,19.233200466902538
2024-11-01 23:00:00,0.4147899819891947,18.110369237792145
2024-11-02 00:00:00,0.9295250433809669,24.476822190609166
2024-11-02 01:00:00,1.219346102110195,9.4122698092643
2024-11-02 02:00:00,1.8371949035547328,19.805283457785283
2024-11-02 03:00:00,1.9714641164353817,19.717167365301165
2024-11-02 04:00:00,2.0569392430034825,13.97368909998181
2024-11-02 05:00:00,2.1214273590341186,24.08028751023476
2024-11-02 06:00:00,1.5250510399025163,20.990575207984197
2024-11-02 07:00:00,1.1313252100885878,19.56582273655534
2024-11-02 08:00:00,0.8912293046162623,19.373283807611944
2024-11-02 09:00:00,0.4672037216572409,19.202620126186652
2024-11-02 10:00:00,0.34445281797872573,18.74657179309124
2024-11-02 11:00:00,0.45198641836830045,23.151198058465337
2024-11-02 12:00:00,0.5967487705778646,26.360730284936025
2024-11-02 13:00:00,1.1018199480086588,22.622873147826287
2024-11-02 14:00:00,1.4743608146721625,25.571393546917314
2024-11-02 15:00:00,1.8426911547979834,21.592483008898682
2024-11-02 16:00:00,2.0540513043052306,22.988140573982466
2024-11-02 17:00:00,1.8452437559106194,14.413890074137832
2024-11-02 18:00:00,1.8461422905425633,22.71264818065709
2024-11-02 19:00:00,1.3314912945411514,28.5943012612099
2024-11-02 20:00:00,0.9662026209505026,15.799876873625077
2024-11-02 21:00:00,0.6411730352811089,13.965850331353952
2024-11-02 22:00:00,0.5457275652716809,20.42587980533761
2024-11-02 23:00:00,0.3056925698677789,28.603240304959336
2024-11-03 00:00:00,0.5256353623714116,22.848231520874517
2024-11-03 01:00:00,1.1565071514499243,14.90850593138403
2024-11-03 02:00:00,1.3024498627962258,17.388569524941126
2024-11-03 03:00:00,1.6499313397532243,27.690879229673406
2024-11-03 04:00:00,2.03603765554844,27.31682850011763
2024-11-03 05:00:00,1.8451038658633947,24.345088877285207
2024-11-03 06:00:00,1.8715566727738373,14.639700273704245
2024-11-03 07:00:00,1.5082037093876939,22.331178174421904
2024-11-03 08:00:00,1.0937999299983883,8.127039817744503
2024-11-03 09:00:00,0.7637558578410708,19.977273634942925
2024-11-03 10:00:00,0.5447279511479332,24.172229029232803
2024-11-03 11:00:00,0.2611895309037604,15.712044270542485
2024-11-03 12:00:00,0.3883917029057663,28.975562941980815
2024-11-03 13:00:00,0.9074597495668135,15.722344662203565
2024-11-03 14:00:00,1.2286521386685514,15.251634967999138
2024-11-03 15:00:00,1.5082310607887766,25.384872023701874
2024-11-03 16:00:00,1.9009244711468594,9.226460275469082
2024-11-03 17:00:00,2.0103452843385763,20.03575842345997
2024-11-03 18:00:00,1.8422389188863089,16.33579859898461
2024-11-03 19:00:00,1.5887023723517175,19.061917811065882
2024-11-03 20:00:00,1.1955645745266386,20.521511573659275
2024-11-03 21:00:00,0.896450032367837,20.03474211199019
2024-11-03 22:00:00,0.5304330116746302,17.655585993331083
2024-11-03 23:00:00,0.5094256955339339,19.858102639180284
2024-11-04 00:00:00,0.33466606030767854,23.628908277287966
2024-11-04 01:00:00,2.037368877314288,78.69645943533185
2024-11-04 02:00:00,0.9914042571956397,24.45788866801592
2024-11-04 03:00:00,1.2966876766859161,22.590788316284463
2024-11-04 04:00:00,1.8337773342779848,17.409454313069798
2024-11-04 05:00:00,1.9540123360228059,13.42598056818244
2024-11-04 06:00:00,1.9509137766317275,20.81603162142882
2024-11-04 07:00:00,1.7891621642360565,12.170755158385742
2024-11-04 08:00:00,1.4492882635100783,18.952538355487963
2024-11-04 09:00:00,1.1189815956182232,19.180086005893404
2024-11-04 10:00:00,0.6409184926595709,23.14198659581311
2024-11-04 11:00:00,0.5737797848204403,9.576764793778459
2024-11-04 12:00:00,0.5378884506227557,18.946420168050395
2024-11-04 13:00:00,0.5589701574036371,20.90072478002406
2024-11-04 14:00:00,0.9987405864552229,13.879672018883946
2024-11-04 15:00:00,1.3859168676426719,20.64758415102262
2024-11-04 16:00:00,1.678935808812787,12.885169285917826
2024-11-04 17:00:00,1.8904440185823768,19.605374501171838
2024-11-04 18:00:00,2.112880937802616,23.45159773155423
2024-11-04 19:00:00,1.843970002445162,20.311005365121023
2024-11-04 20:00:00,1.5263594203724495,18.573452929395966
2024-11-04 21:00:00,1.1843366406884168,23.22696195827432
2024-11-04 22:00:00,0.8884275864439294,21.434334963138603
2024-11-04 23:00:00,0.41457017552463976,15.480822304493289
2024-11-05 00:00:00,0.36938977660452466,15.992227986084842
2024-11-05 01:00:00,0.4075711246146202,23.703036889132218
2024-11-05 02:00:00,0.664990698225691,26.698630563155735
2024-11-05 03:00:00,1.1614378116335093,3.4046677836028323
2024-11-05 04:00:00,2.879011992537851,75.96550245581433
2024-11-05 05:00:00,1.802956165975638,23.282096831251987
2024-11-05 06:00:00,1.989637573089246,22.957218825284205
2024-11-05 07:00:00,1.8196361293697922,20.444992908286373
2024-11-05 08:00:00,1.6800211061740944,17.887784388334175
2024-11-05 09:00:00,1.4615610395632161,25.910603442105845
2024-11-05 10:00:00,0.8166637048614993,28.78031075936218
2024-11-05 11:00:00,0.5894609394771375,21.613851432580777
2024-11-05 12:00:00,0.5204683725203401,23.612834981356837
2024-11-05 13:00:00,0.423847034915133,18.01054881841328
2024-11-05 14:00:00,0.5641734814101174,14.62000648842147
2024-11-05 15:00:00,0.913738036134216,19.68353625311004
2024-11-05 16:00:00,1.4581247563104707,24.408596606805176
2024-11-05 17:00:00,1.6891199245756336,21.567054004878752
2024-11-05 18:00:00,2.0272036851904947,22.694616058693295
2024-11-05 19:00:00,2.068929989957092,14.964581324396914
2024-11-05 20:00:00,1.8262821102761189,21.12215185702991
2024-11-05 21:00:00,1.4424606953556116,21.97204818038349
2024-11-05 22:00:00,0.8706314145561098,24.13474329702711
2024-11-05 23:00:00,0.6912487323375597,26.784725298698135
2024-11-06 00:00:00,0.3673136415103733,18.16562394030846
2024-11-06 01:00:00,0.3740560155566543,25.661893557081736
2024-11-06 02:00:00,0.44752375189542626,22.825793002051753
2024-11-06 03:00:00,0.6613553260285931,26.536869395960643
2024-11-06 04:00:00,1.199773507345897,22.661278223021665
2024-11-06 05:00:00,1.5457644504310355,17.513748118815062
2024-11-06 06:00:00,1.9465987552665738,21.647649770672256
2024-11-06 07:00:00,1.920040049386736,16.900255770440108
2024-11-06 08:00:00,1.9124158491177778,22.900734934057866
2024-11-06 09:00:00,1.6777564296157597,24.277216446074483
2024-11-06 10:00:00,1.31182447241232,19.44249078196132
2024-11-06 11:00:00,0.9580397726559057,24.007576833192225
2024-11-06 12:00:00,0.5011232113799337,21.77170454984147
2024-11-06 13:00:00,0.4340644030542001,18.390402565431515
2024-11-06 14:00:00,0.4562587122962765,29.403808336721568
2024-11-06 15:00:00,0.5760706834478355,19.340285616524064
2024-11-06 16:00:00,1.0974611527227873,26.377030265405256
2024-11-06 17:00:00,1.4120015117580564,26.510587448163264
2024-11-06 18:00:00,1.780367874717417,18.575515982072858
2024-11-06 19:00:00,1.97000285877556,24.361413598115448
2024-11-06 20:00:00,2.1636085566898573,22.82258116328309
2024-11-06 21:00:00,1.8973358452300508,17.11110125560589
2024-11-06 22:00:00,1.3830206778204879,12.662045976937108
2024-11-06 23:00:00,0.9232922406514883,10.813200841907431
2024-11-07 00:00:00,0.6779416885704065,22.09066183500819
2024-11-07 01:00:00,0.28540048900788406,22.691448748252206
2024-11-07 02:00:00,0.518001742845233,13.214830360526001
2024-11-07 03:00:00,0.4386596524043599,16.992894028817187
2024-11-07 04:00:00,0.8256278540146668,14.683274600072446
2024-11-07 05:00:00,1.2046602833694875,30.651182469477217
2024-11-07 06:00:00,1.685986665586909,17.450103464889178
2024-11-07 07:00:00,1.8041928084613854,18.430335501667297
2024-11-07 08:00:00,1.7905903327223303,23.12215651159131
2024-11-07 09:00:00,1.910555571736222,17.590213051476077
2024-11-07 10:00:00,1.5644937991558114,21.215230595057
2024-11-07 11:00:00,1.1430361729599565,21.94722426997535
2024-11-07 12:00:00,0.857507821686693,29.815629122600868
2024-11-07 13:00:00,0.4705336028334853,20.026915047927208
2024-11-07 14:00:00,0.40527910161041525,13.007961549501044
2024-11-07 15:00:00,0.5689488378236512,15.58586446934747
2024-11-07 16:00:00,0.7765828408605585,32.15783749084066
2024-11-07 17:00:00,0.9330831528675124,22.301193117370794
2024-11-07 18:00:00,1.3405622357099787,24.425211960484134
2024-11-07 19:00:00,1.9479343498915629,15.380175200749687
2024-11-07 20:00:00,2.0238557822087855,11.40177584123743
2024-11-07 21:00:00,1.9700766957051672,17.10775675158211
2024-11-07 22:00:00,1.649566854058445,15.868395607379817
2024-11-07 23:00:00,1.2984404376348233,27.21397938150873
2024-11-08 00:00:00,0.8307007193780676,17.120813987976206
2024-11-08 01:00:00,0.5441814762341378,19.346598069279292
2024-11-08 02:00:00,0.3385020263964951,20.59970186895876
2024-11-08 03:00:00,0.4631267701975801,25.816017247028547
2024-11-08 04:00:00,0.5259143872710239,13.95815727149791
2024-11-08 05:00:00,1.0766931574296588,25.97873697621166
2024-11-08 06:00:00,1.2893493493899504,24.931770523786966
2024-11-08 07:00:00,1.8932852504719544,16.65286164956494
2024-11-08 08:00:00,2.01867466251456,15.64763813719901
2024-11-08 09:00:00,2.0103971574079704,17.087739958607735
2024-11-08 10:00:00,1.7009246416438608,21.618268292087727
2024-11-08 11:00:00,1.5024452185215174,24.17031131188654
2024-11-08 12:00:00,1.104388630876367,20.468253339489788
2024-11-08 13:00:00,0.8086505385097313,20.14328416865461
2024-11-08 14:00:00,0.4045341186741014,18.85341693311269
2024-11-08 15:00:00,0.5121464793007021,18.66083302307988
2024-11-08 16:00:00,0.5753052836303332,19.493994012773694
2024-11-08 17:00:00,0.6926832929754869,26.36844764747991
2024-11-08 18:00:00,1.2903224640832174,15.376787162512295
2024-11-08 19:00:00,1.6761233510352505,13.636858781477065
2024-11-08 20:00:00,2.0000934918545807,19.467932626207517
2024-11-08 21:00:00,2.062087224394014,15.743868356403901
2024-11-08 22:00:00,1.9311304022045266,21.35291336292255
2024-11-08 23:00:00,1.7877693100916996,23.74369109289266
2024-11-09 00:00:00,1.1086415589235104,18.8008098178998
2024-11-09 01:00:00,1.0419295815425922,20.659082240885272
2024-11-09 02:00:00,0.5855666172482336,21.801294533691532
2024-11-09 03:00:00,0.4373431397946321,19.323340132367775
2024-11-09 04:00:00,0.4815407646236283,17.340667877918342
2024-11-09 05:00:00,0.6640983699940544,20.237059812021712
2024-11-09 06:00:00,0.9252405395348124,26.908525172132048
2024-11-09 07:00:00,1.3315574147049158,28.398800832764614
2024-11-09 08:00:00,1.8801452410518604,22.023623689321614
2024-11-09 09:00:00,1.9822496355308084,21.22352895306796
2024-11-09 10:00:00,2.147158030368495,14.205523841036332
2024-11-09 11:00:00,1.5976023872266354,22.205515952295283
2024-11-09 12:00:00,1.3518603684690154,15.719914116702729
2024-11-09 13:00:00,1.1726871743892087,21.813363929739015
2024-11-09 14:00:00,0.7699836572341522,19.38725793240907
2024-11-09 15:00:00,0.45313684905884605,25.853905385037386
2024-11-09 16:00:00,0.4560047649363217,11.367292654497133
2024-11-09 17:00:00,2.193123603334549,71.73925867063919
2024-11-09 18:00:00,2.35764014204885,84.92954240252062
2024-11-09 19:00:00,1.3317987106711207,16.05510408584412
2024-11-09 20:00:00,1.610347394104396,25.167236504486908
2024-11-09 21:00:00,1.8752313274360506,13.251196152875504
2024-11-09 22:00:00,1.998460891142088,20.420067493195123
2024-11-09 23:00:00,1.6396171563674142,17.1110200773494
2024-11-10 00:00:00,1.3764917360457898,23.613670069029443
2024-11-10 01:00:00,1.2906960516234016,21.05868580629916
2024-11-10 02:00:00,0.9802930340982383,23.217815394693222
2024-11-10 03:00:00,0.4897801464277881,22.765795766095547
2024-11-10 04:00:00,0.35091369227385394,20.269426665044374
2024-11-10 05:00:00,0.41943080783054515,17.38036898012361
2024-11-10 06:00:00,0.8904800613199007,18.790884496300972
2024-11-10 07:00:00,1.3264948568360024,21.58054957053456
2024-11-10 08:00:00,1.5124838072277769,25.244912826710653
2024-11-10 09:00:00,1.8980712978688175,22.57715273027071
2024-11-10 10:00:00,2.034853318943224,23.960262831624927
2024-11-10 11:00:00,2.1622205714554554,25.021588756968995
2024-11-10 12:00:00,1.706012808390612,25.39034388118363
2024-11-10 13:00:00,1.4955265746548392,19.021884695954434
2024-11-10 14:00:00,1.0107598182847395,27.840813264492578
2024-11-10 15:00:00,0.6565650653277071,27.18238914941628
2024-11-10 16:00:00,0.47224685817908163,15.80465886237708
2024-11-10 17:00:00,0.5809379295551259,27.163009027420383
2024-11-10 18:00:00,0.5747699281505121,17.514232050929373
2024-11-10 19:00:00,1.032149165590642,17.9962014630304
2024-11-10 20:00:00,1.3690312269624403,24.290610028195445
2024-11-10 21:00:00,1.6458566911545252,17.738046385561997
2024-11-10 22:00:00,2.000831692337734,14.037171452038521
2024-11-10 23:00:00,2.027913970764394,13.793626924268752
2024-11-11 00:00:00,1.7704480742546713,25.443366325187185
2024-11-11 01:00:00,1.4405262584734349,24.30420899831669
2024-11-11 02:00:00,1.1751575613528935,16.84063437908621
2024-11-11 03:00:00,0.7151577409913885,22.9157176540913
2024-11-11 04:00:00,0.3468098879992219,13.062591618680107
2024-11-11 05:00:00,0.3961110960661438,28.393949355078433
2024-11-11 06:00:00,0.3176953052674081,17.859607434361067
2024-11-11 07:00:00,0.8671585780036304,22.316387043998475
2024-11-11 08:00:00,1.4038115239879003,31.500809897686487
2024-11-11 09:00:00,1.5300946548026735,22.977646973608472
2024-11-11 10:00:00,1.8992813707954381,21.70380955447157
2024-11-11 11:00:00,1.9402893966062797,16.11265560966567
2024-11-11 12:00:00,1.9737830906936042,6.466718644370484
2024-11-11 13:00:00,1.790730730539144,22.70608969763045
2024-11-11 14:00:00,1.3944660437825915,17.942625287756545
2024-11-11 15:00:00,0.9266589670531524,16.836851008984823
2024-11-11 16:00:00,0.3950025476736312,12.083846816917946
2024-11-11 17:00:00,0.24246656540198863,22.096320772939773
2024-11-11 18:00:00,0.6759204231625182,16.929093598907286
2024-11-11 19:00:00,0.8673379621670307,15.811987913709714
2024-11-11 20:00:00,1.1068284894527054,11.145733288673119
2024-11-11 21:00:00,1.3992401340685041,15.27555798969209
2024-11-11 22:00:00,1.7659485537759751,12.64043201871585
2024-11-11 23:00:00,1.9923196567091033,16.64934602613937
2024-11-12 00:00:00,1.911895240203632,13.144281270357792
2024-11-12 01:00:00,1.6779519443237736,13.354194504524735
2024-11-12 02:00:00,1.435045232678054,16.733513917304805
2024-11-12 03:00:00,1.1615864125718764,17.72895643057449
2024-11-12 04:00:00,0.7801819512987798,13.023748805891607
2024-11-12 05:00:00,0.4641443475961801,20.277203468011987
2024-11-12 06:00:00,0.30620664725923225,27.544287890770573
2024-11-12 07:00:00,2.245305283320212,83.08400668400635
2024-11-12 08:00:00,0.7999610438970052,21.66951980261838
2024-11-12 09:00:00,1.215326605677127,13.163724808986553
2024-11-12 10:00:00,1.6000425058688967,19.52935820982173
2024-11-12 11:00:00,2.0463722497610606,12.93334468842719
2024-11-12 12:00:00,2.174021854042403,13.353320878570793
2024-11-12 13:00:00,1.8694627536176227,27.942519574061713
2024-11-12 14:00:00,1.4478870498674463,25.04508017538953
2024-11-12 15:00:00,1.2705860274382996,13.424089736575286
2024-11-12 16:00:00,0.655125140178659,27.890437050373514
2024-11-12 17:00:00,0.33675453280541695,15.43453491729744
2024-11-12 18:00:00,0.3519694095168554,18.65051562722146
2024-11-12 19:00:00,0.6765583523724346,22.6212377241328
2024-11-12 20:00:00,0.8938967313388699,21.473970356527232
2024-11-12 21:00:00,1.0606356431766086,27.153823321329114
2024-11-12 22:00:00,1.5491704049670654,28.575281331570565
2024-11-12 23:00:00,1.7190323386816158,24.64966642986257
2024-11-13 00:00:00,1.8181849985284675,25.31822209873396
2024-11-13 01:00:00,1.7980831294304853,14.253005088609001
2024-11-13 02:00:00,1.668913123024449,16.90039410189639
2024-11-13 03:00:00,1.435889926955408,18.724540944694965
2024-11-13 04:00:00,1.1341161200559773,18.73983601259759
2024-11-13 05:00:00,0.6360107990321542,24.95910843151977
2024-11-13 06:00:00,0.3726744195654236,15.42540458923678
2024-11-13 07:00:00,0.3794584508880395,14.439285506804271
2024-11-13 08:00:00,0.4679034248715774,17.861153280255433
2024-11-13 09:00:00,0.9214432794405851,19.072612902253454
2024-11-13 10:00:00,1.2623316422350546,25.33566436686862
2024-11-13 11:00:00,1.72638647807449,16.734960081453337
2024-11-13 12:00:00,1.94268629338594,21.90576274873956
2024-11-13 13:00:00,2.0121050534691727,11.937752218520739
2024-11-13 14:00:00,1.7145096198558627,19.46701068518688
2024-11-13 15:00:00,1.4036927442493228,13.332314939891631
2024-11-13 16:00:00,0.9650189729487404,28.735050096340384
2024-11-13 17:00:00,0.6689307106864277,19.88998537032234
2024-11-13 18:00:00,0.4452822049926216,22.797095265404675
2024-11-13 19:00:00,0.5307367388451418,13.913935418134788
2024-11-13 20:00:00,0.4204654610876122,24.48186221093393
2024-11-13 21:00:00,0.6949756976062424,20.137042134540017
2024-11-13 22:00:00,1.1802460168363462,19.602624835861135
2024-11-13 23:00:00,1.5943388427295562,27.796581158838542
2024-11-14 00:00:00,2.118678248383055,23.13569442954121
2024-11-14 01:00:00,2.0912214466314176,23.688209699900874
2024-11-14 02:00:00,1.8315034558393166,23.405599548113262
2024-11-14 03:00:00,1.412948959978551,21.930493496033098
2024-11-14 04:00:00,1.286838798902744,26.964588682167324
2024-11-14 05:00:00,0.876063433982025,16.70335705441503
2024-11-14 06:00:00,0.580689915376109,26.1973109237975
2024-11-14 07:00:00,0.4270925425900376,24.446667454984933
2024-11-14 08:00:00,0.4661654547436473,26.43990839739154
2024-11-14 09:00:00,0.7582932472444859,14.176552312262555
2024-11-14 10:00:00,0.7722089768900855,15.586299986496062
2024-11-14 11:00:00,1.377303459859686,21.962467811393637
2024-11-14 12:00:00,1.87548941996419,20.221581723478607
2024-11-14 13:00:00,1.7334436275071945,17.928948873242454
2024-11-14 14:00:00,1.90192031982402,10.787426572305947
2024-11-14 15:00:00,1.9829081812412492,21.079908104606098
2024-11-14 16:00:00,1.2972603501317719,27.790281742099545
2024-11-14 17:00:00,1.0231648296589186,12.938741006932993
2024-11-14 18:00:00,0.8536175106861056,19.95398080445646
2024-11-14 19:00:00,0.3420273162343747,23.520203858629614
2024-11-14 20:00:00,0.543826310639102,28.720711933741413
2024-11-14 21:00:00,0.679178142285619,17.205012491383016
2024-11-14 22:00:00,0.9936534680121878,12.176719358960174
2024-11-14 23:00:00,1.3608938900271939,28.214020271513483
2024-11-15 00:00:00,1.5101967302044783,12.903456199620672
2024-11-15 01:00:00,1.9692853069595133,19.105734450883904
2024-11-15 02:00:00,2.1262572888999447,19.19845661206412
2024-11-15 03:00:00,1.7771640641835234,19.12616602549342
2024-11-15 04:00:00,1.6324152044033635,24.674568721147843
2024-11-15 05:00:00,1.2828942935154979,18.79164602604103
2024-11-15 06:00:00,0.8198542765725237,28.753199061459554
2024-11-15 07:00:00,0.4199888068891655,10.981462234948106
2024-11-15 08:00:00,0.33289289150672474,19.873737100530988
2024-11-15 09:00:00,0.4625420149521995,17.271550223639526
2024-11-15 10:00:00,0.6957331187523703,14.507400114249036
2024-11-15 11:00:00,0.9492220046134703,27.814443426629996
2024-11-15 12:00:00,1.390087855625206,15.95043945427463
2024-11-15 13:00:00,1.7959633420406953,22.79794910794675
2024-11-15 14:00:00,2.0992993738392665,17.872614810183354
2024-11-15 15:00:00,1.9625533845215168,15.790904505384137
2024-11-15 16:00:00,1.8295261521520243,17.205678466633664
2024-11-15 17:00:00,1.5476183866999977,29.375518116346854
2024-11-15 18:00:00,0.9247122201162999,30.456051201669393
2024-11-15 19:00:00,0.7618976975991877,25.2651035737738
2024-11-15 20:00:00,1.7464173800512373,87.28446317982356
2024-11-15 21:00:00,0.4283422229874721,18.91480330857988
2024-11-15 22:00:00,0.6926841256569805,18.149855889126773
2024-11-15 23:00:00,1.0327464202817997,22.19342016635987
2024-11-16 00:00:00,2.8616799525280934,76.14113415923288
2024-11-16 01:00:00,1.6712017513272657,17.913286287017492
2024-11-16 02:00:00,2.1012186021542876,21.239925064570876
2024-11-16 03:00:00,2.0091854457999694,12.276561370459582
2024-11-16 04:00:00,1.6776218756456065,20.307671836921816
2024-11-16 05:00:00,1.5344191080904486,15.088398886394685
2024-11-16 06:00:00,1.0755434026499493,22.15727693053104
2024-11-16 07:00:00,0.6381390492959671,16.423245035223122
2024-11-16 08:00:00,0.5702953866764063,12.597222430065054
2024-11-16 09:00:00,0.43761781671982924,9.937065417145485
2024-11-16 10:00:00,0.549893031488794,15.132460325765955
2024-11-16 11:00:00,0.8150633388549531,19.322780816821528
2024-11-16 12:00:00,1.2166600058651607,28.903092940997247
2024-11-16 13:00:00,1.525767797261071,11.796501884778847
2024-11-16 14:00:00,1.9035294692009304,14.939836510951427
2024-11-16 15:00:00,2.159108567315543,27.32954971111525
2024-11-16 16:00:00,1.9750210165292448,14.141351284983905
2024-11-16 17:00:00,1.7281066687908564,17.07869003525897
2024-11-16 18:00:00,1.1395729154283634,29.210899231185415
2024-11-16 19:00:00,0.946351816349107,10.79574755355878
2024-11-16 20:00:00,0.5876051554126754,23.986059053358876
2024-11-16 21:00:00,0.3715840647781979,24.568726792261216
2024-11-16 22:00:00,0.5130755769644118,21.88869782650449
2024-11-16 23:00:00,0.5246854164430546,22.800258595589884
2024-11-17 00:00:00,1.0347737514486712,19.064279529806093
2024-11-17 01:00:00,1.2574858941746203,22.958795540054908
2024-11-17 02:00:00,1.7225661600013153,22.75151701419952
2024-11-17 03:00:00,1.8067188298108003,19.111753694446335
2024-11-17 04:00:00,2.0318791007152948,18.720965280411235
2024-11-17 05:00:00,1.6709179412969397,22.22779127470874
2024-11-17 06:00:00,1.538858384070664,20.973138253665056
2024-11-17 07:00:00,1.1192807676350631,14.722025884084506
2024-11-17 08:00:00,0.6486089008316303,28.52129985633365
2024-11-17 09:00:00,0.4296014205376345,15.361443859714914
2024-11-17 10:00:00,0.5150099428337485,25.419200630292487
2024-11-17 11:00:00,0.5914151672070146,24.740276779875195
2024-11-17 12:00:00,0.705130961954125,17.462037777084838
2024-11-17 13:00:00,1.3269052993964061,28.05531944467171
2024-11-17 14:00:00,1.594501607608388,16.61662515879019
2024-11-17 15:00:00,1.9976655128851153,15.35090662649895
2024-11-17 16:00:00,2.0517508529244965,18.026810678185864
2024-11-17 17:00:00,1.8769246769103027,3.017368959468513
2024-11-17 18:00:00,1.484294524644767,15.04979522931628
2024-11-17 19:00:00,1.050820698274769,21.522157253609155
2024-11-17 20:00:00,0.9171685416302191,17.844737547739197
2024-11-17 21:00:00,0.7248357250879951,16.4855854342391
2024-11-17 22:00:00,0.5005000370798519,28.591840582793537
2024-11-17 23:00:00,0.511513076290039,26.264809201245868
2024-11-18 00:00:00,0.7299002131379847,18.923635995441465
2024-11-18 01:00:00,1.0475546776979292,21.477028495232094
2024-11-18 02:00:00,1.4535097976696747,24.244903117410274
2024-11-18 03:00:00,1.7981927520327052,19.14243627431909
2024-11-18 04:00:00,2.096417745438265,22.267881183219135
2024-11-18 05:00:00,1.9189310500133037,21.053492275751612
2024-11-18 06:00:00,1.922446077134739,18.69811222430535
2024-11-18 07:00:00,1.4235300973089224,12.342508602327806
2024-11-18 08:00:00,0.9233892110296464,29.50145785952155
2024-11-18 09:00:00,0.4602037012447776,25.27468056398549
2024-11-18 10:00:00,0.6371696786299139,22.662746708897025
2024-11-18 11:00:00,0.41490109236590106,13.608440212399353
2024-11-18 12:00:00,0.569401359358457,16.019693904001247
2024-11-18 13:00:00,0.8282179491122177,26.19484809939098
2024-11-18 14:00:00,1.1857976235831869,16.34507330235069
2024-11-18 15:00:00,1.7842434675166141,21.549521078132646
2024-11-18 16:00:00,1.9202385330920844,26.508021957069943
2024-11-18 17:00:00,1.881816601607826,22.40837122991436
2024-11-18 18:00:00,1.8491441756508733,27.382114932127273
2024-11-18 19:00:00,1.5000299069542447,19.42945106951422
2024-11-18 20:00:00,1.1919641018345042,20.258016422425577
2024-11-18 21:00:00,0.747632381039633,23.41902203749116
2024-11-18 22:00:00,0.42050465158645756,24.2942999213845
2024-11-18 23:00:00,0.24581819405907668,19.81241089662994
2024-11-19 00:00:00,0.44563804270837504,20.647817897173496
2024-11-19 01:00:00,0.7507172678758484,19.788156288064865
2024-11-19 02:00:00,1.0710486445115297,22.904289341306917
2024-11-19 03:00:00,1.658239145832407,16.350652518554664
2024-11-19 04:00:00,1.8736420803582714,20.72283435533767
2024-11-19 05:00:00,1.991259643594958,18.693526845291213
2024-11-19 06:00:00,1.93162687074794,22.01989481986753
2024-11-19 07:00:00,1.6114685731216534,21.2059596553548
2024-11-19 08:00:00,1.2662408058189845,8.865430976658129
2024-11-19 09:00:00,0.9079284617322542,21.60544499347425
2024-11-19 10:00:00,0.48279915088478387,16.459359857682085
2024-11-19 11:00:00,0.4438876889070321,19.146380826750075
2024-11-19 12:00:00,0.5573441305603872,20.334909644337134
2024-11-19 13:00:00,0.7014970041783859,19.63410613647756
2024-11-19 14:00:00,1.0450799502157464,20.91954374668244
2024-11-19 15:00:00,1.4329916711106014,15.768192349529583
2024-11-19 16:00:00,1.6438733657198485,11.353530993418108
2024-11-19 17:00:00,2.046899875458175,25.1080450045662
2024-11-19 18:00:00,1.8239369651772854,20.462508439810744
2024-11-19 19:00:00,1.8088942648937545,18.067352021783186
2024-11-19 20:00:00,1.2786432602618332,16.053471251650954
2024-11-19 21:00:00,0.8724923891786573,26.865360182868837
2024-11-19 22:00:00,0.7018072077160755,18.321905878829583
2024-11-19 23:00:00,0.6068672540561713,20.580606075073472
2024-11-20 00:00:00,0.32562710881671303,25.336575961520452
2024-11-20 01:00:00,0.5063134984287767,11.785273363390996
2024-11-20 02:00:00,0.8928283646653937,23.460077257712058
2024-11-20 03:00:00,1.199680277362019,17.271687547270215
2024-11-20 04:00:00,1.5411593388844549,23.023710959781955
2024-11-20 05:00:00,1.8924216410020989,19.58799620861754
2024-11-20 06:00:00,1.9599342604924437,22.119625503451037
2024-11-20 07:00:00,1.9528540800786125,17.257401437280034
2024-11-20 08:00:00,1.620306459397423,22.183275704021103
2024-11-20 09:00:00,1.1618415519114562,23.282320962422986
2024-11-20 10:00:00,0.7119022362571463,15.404754119668521
2024-11-20 11:00:00,0.4767996300188002,23.667011810977865
2024-11-20 12:00:00,0.31103391480966,11.109219086651095
2024-11-20 13:00:00,0.5253788949961955,28.11609167897805
2024-11-20 14:00:00,0.694262854676312,15.02932239835885
2024-11-20 15:00:00,1.0774463564293473,18.190030689641027
2024-11-20 16:00:00,1.419520683805382,24.047226695419102
2024-11-20 17:00:00,1.8638785823840025,21.124469076845344
2024-11-20 18:00:00,1.9540023481393312,31.795813244894973
2024-11-20 19:00:00,1.9189619664385138,16.178147967450837
2024-11-20 20:00:00,1.6563606039209575,22.266087165958872
2024-11-20 21:00:00,1.3427464923323544,15.969254118510587
2024-11-20 22:00:00,0.9716853634004837,28.788677958238047
2024-11-20 23:00:00,0.6343334233621726,26.104884828339575
2024-11-21 00:00:00,0.3709656558786958,28.80491941689525
2024-11-21 01:00:00,0.48311204072000385,17.233218167641077
2024-11-21 02:00:00,0.6925686609334686,15.355391615998068
2024-11-21 03:00:00,0.9864913038176488,19.07729500434484
2024-11-21 04:00:00,1.4359638727101054,24.12107318019685
2024-11-21 05:00:00,1.8047321989093574,14.227661058400294
2024-11-21 06:00:00,2.1950699851989075,18.27778910092496
2024-11-21 07:00:00,2.044549955579548,27.884814106282363
2024-11-21 08:00:00,1.9349112758250668,27.554090654037946
2024-11-21 09:00:00,2.944335760357182,81.65075869086476
2024-11-21 10:00:00,1.0024224217488846,17.4476385191431
2024-11-21 11:00:00,0.7818666720735986,23.743259772751447
2024-11-21 12:00:00,0.45121401130476646,20.41663355871891
2024-11-21 13:00:00,0.5307698524929525,17.75339154385918
2024-11-21 14:00:00,0.5852755819173787,15.784867168771804
2024-11-21 15:00:00,0.9779871005541446,21.041284755537642
2024-11-21 16:00:00,1.1083840919089456,14.463045364317264
2024-11-21 17:00:00,1.7257462766321379,23.62572402865495
2024-11-21 18:00:00,1.538213067854704,17.696443663809212
2024-11-21 19:00:00,3.6788878621764374,84.64666653501683
2024-11-21 20:00:00,1.7712639901301515,17.060257461963406
2024-11-21 21:00:00,1.5639496237944899,23.808032732807266
2024-11-21 22:00:00,1.3100018793748123,24.530884843439274
2024-11-21 23:00:00,2.5239960807405266,85.721982709074
2024-11-22 00:00:00,0.5898539622943534,19.08468388258692
2024-11-22 01:00:00,0.48693354918785264,24.756288964578395
2024-11-22 02:00:00,0.2717191950082982,25.451137745401027
2024-11-22 03:00:00,0.548443175933791,12.369477139616853
2024-11-22 04:00:00,1.0676317754311686,25.40162008026862
2024-11-22 05:00:00,1.4475551419239026,19.812673994028252
2024-11-22 06:00:00,1.658105868610606,20.55758590626275
2024-11-22 07:00:00,1.972695922833966,21.71866734941036
2024-11-22 08:00:00,1.7349219980723887,13.44134040636698
2024-11-22 09:00:00,1.8066761309088835,12.90739646387691
2024-11-22 10:00:00,1.4598626338575502,13.918949407943348
2024-11-22 11:00:00,0.9192716669677856,18.322074135889817
2024-11-22 12:00:00,0.8194105205220485,26.812494674783274
2024-11-22 13:00:00,0.41558134298028176,21.198332238197082
2024-11-22 14:00:00,0.47507906054471716,13.950019134169017
2024-11-22 15:00:00,0.5643978018021587,13.589694321741277
2024-11-22 16:00:00,0.7154805922882199,21.112626581088875
2024-11-22 17:00:00,1.3631208678096467,21.573833439423616
2024-11-22 18:00:00,1.737724281631945,24.857703140875365
2024-11-22 19:00:00,1.9247520139227214,22.64815729602935
2024-11-22 20:00:00,1.9626379681216033,25.46807516431833
2024-11-22 21:00:00,1.8671634659605607,9.607752252697182
2024-11-22 22:00:00,1.6615310242739705,22.34448285746956
2024-11-22 23:00:00,1.2565869643337866,25.431918069683366
2024-11-23 00:00:00,1.0076056591762668,21.05843906841891
2024-11-23 01:00:00,0.6702413035360292,23.013711759457898
2024-11-23 02:00:00,0.4232269176332063,18.263801021824925
2024-11-23 03:00:00,0.5389380385568726,19.255515623475578
2024-11-23 04:00:00,0.6680116093295169,19.618029777586294
2024-11-23 05:00:00,1.0443611801933275,28.115930348257887
2024-11-23 06:00:00,1.6416476851490214,22.665549639677653
2024-11-23 07:00:00,1.988570521370298,26.10294731891902
2024-11-23 08:00:00,1.9331940374195102,24.35306034385154
2024-11-23 09:00:00,1.9554904601869356,19.48572868469012
2024-11-23 10:00:00,1.7118152142525342,22.416146058128852
2024-11-23 11:00:00,1.4420547180829948,28.054381497338078
2024-11-23 12:00:00,0.9860019709078212,22.602135570990644
2024-11-23 13:00:00,0.6345670719896407,31.10491798814712
2024-11-23 14:00:00,0.3658077109318386,21.365859087566175
2024-11-23 15:00:00,0.372314687998899,30.1603659655122
2024-11-23 16:00:00,0.6024648750592069,25.005643586714065
2024-11-23 17:00:00,1.0680189926847312,15.87341929352505
2024-11-23 18:00:00,1.418199601475423,10.554279170287192
2024-11-23 19:00:00,1.7380446774915497,25.477329938572417
2024-11-23 20:00:00,1.8809181198209515,24.97168344392319
2024-11-23 21:00:00,2.082554389482469,16.038870597971478
2024-11-23 22:00:00,1.9156579693073192,30.0110752954711
2024-11-23 23:00:00,1.4329043133872816,17.81400634436269
2024-11-24 00:00:00,1.0694639719736634,22.86044386225734
2024-11-24 01:00:00,0.6241526648576333,14.542675053732278
2024-11-24 02:00:00,0.6017444491246671,16.356194098447748
2024-11-24 03:00:00,0.5134750314842211,18.58928494575685
2024-11-24 04:00:00,0.4174788179409101,26.579418608357916
2024-11-24 05:00:00,0.5535336379369522,20.121323114625138
2024-11-24 06:00:00,1.0386859780866722,23.43740906108325
2024-11-24 07:00:00,1.6737347372754432,20.51208547264458
2024-11-24 08:00:00,1.646761386204712,19.58137117505853
2024-11-24 09:00:00,1.9317784863496796,23.36554851922629
2024-11-24 10:00:00,2.0234175768593934,17.52129530212234
2024-11-24 11:00:00,1.6547043382503464,23.38118550861458
2024-11-24 12:00:00,1.210068316489551,28.96894866186358
2024-11-24 13:00:00,0.8147725580237295,18.801930577981224
2024-11-24 14:00:00,0.41731724701628614,20.49736890858074
2024-11-24 15:00:00,0.5537826068966142,25.885427611999788
2024-11-24 16:00:00,0.3863296083546617,16.62996324069171
2024-11-24 17:00:00,0.7676636249967371,13.355733603150565
2024-11-24 18:00:00,0.98434194833252,22.28710858231572
2024-11-24 19:00:00,1.3623095508322731,16.222927278198224
2024-11-24 20:00:00,1.8509921198528023,24.71024775770369
2024-11-24 21:00:00,1.8590683217504402,22.824257684515285
2024-11-24 22:00:00,1.884503664294682,28.265918471550002
2024-11-24 23:00:00,1.9112134699166345,24.974647830185056
2024-11-25 00:00:00,2.8291797001337384,70.15754130833771
2024-11-25 01:00:00,1.0570545879411217,17.545504348175808
2024-11-25 02:00:00,0.6985571945652855,20.54945814942362
2024-11-25 03:00:00,0.492151569842456,17.192572440231963
2024-11-25 04:00:00,0.5432449869676051,15.807587482782541
2024-11-25 05:00:00,0.6560129460275651,25.095756871256228
2024-11-25 06:00:00,0.9938747244478704,25.145960871527414
2024-11-25 07:00:00,1.32398917105722,19.66706559928458
2024-11-25 08:00:00,1.6817344870604034,19.91573462480541
2024-11-25 09:00:00,2.0582926052624697,15.725093614413709
2024-11-25 10:00:00,2.097132846278864,23.488526114507227
2024-11-25 11:00:00,1.815239523696275,22.544288394538988
2024-11-25 12:00:00,1.5348727624849732,21.540478328201676
2024-11-25 13:00:00,1.2265143331423596,21.387961226260447
2024-11-25 14:00:00,0.5805571069497528,24.852716560996573
2024-11-25 15:00:00,0.5298960292403605,10.822303950782775
2024-11-25 16:00:00,0.37650697747376377,28.033329937729015
2024-11-25 17:00:00,0.46758218181496036,11.541851970948043
2024-11-25 18:00:00,0.8171283004227616,18.27497352321206
2024-11-25 19:00:00,1.322353312621014,22.57291653789867
2024-11-25 20:00:00,1.616674970046593,21.87471485349942
2024-11-25 21:00:00,1.8288902082092615,22.121906788729266
2024-11-25 22:00:00,1.910258882725366,16.400372405283377
2024-11-25 23:00:00,1.9834653001728915,16.87406646635832
2024-11-26 00:00:00,1.6124681446704208,19.48835401245533
2024-11-26 01:00:00,1.2663295208049843,22.934660313688486
2024-11-26 02:00:00,1.0697036365629435,21.97138879817844
2024-11-26 03:00:00,0.7313940795698748,16.373381793474167
2024-11-26 04:00:00,0.48798751761853904,17.30703407113525
2024-11-26 05:00:00,0.4388550181080857,30.13528844354183
2024-11-26 06:00:00,0.5063465201939756,15.234927954831198
2024-11-26 07:00:00,0.9908461992047543,27.411764610677047
2024-11-26 08:00:00,1.2772191445600634,26.50521721810179
2024-11-26 09:00:00,1.7153349293158493,23.673048276376637
2024-11-26 10:00:00,1.9557751010574638,14.337193823398634
2024-11-26 11:00:00,2.071987879516953,16.326433409049514
2024-11-26 12:00:00,1.8797031472021135,9.894533226836488
2024-11-26 13:00:00,1.3966734972807076,17.043430584966014
2024-11-26 14:00:00,1.081514882648978,17.586387704535674
2024-11-26 15:00:00,0.8308336313100915,17.32958414217963
2024-11-26 16:00:00,0.5044682453890083,16.992381000513877
2024-11-26 17:00:00,0.39757770232336265,29.63885460709944
2024-11-26 18:00:00,0.5254785226911549,20.207420868989136
2024-11-26 19:00:00,0.9611222250721337,22.39968997570646
2024-11-26 20:00:00,1.1248391278260828,24.70008375283529
2024-11-26 21:00:00,1.6798177335477535,24.757868894900916
2024-11-26 22:00:00,1.8523744767629047,20.572243999091466
2024-11-26 23:00:00,2.1390626539300075,18.839703051930613
2024-11-27 00:00:00,2.095473767276065,21.09845146631746
2024-11-27 01:00:00,1.7043599688559792,20.6463267622082
2024-11-27 02:00:00,1.4487687002115837,27.375842663360274
2024-11-27 03:00:00,0.8684623618997288,19.918970147926167
2024-11-27 04:00:00,0.519019783398015,25.831125245100587
2024-11-27 05:00:00,0.5469709608191938,10.605009274583326
2024-11-27 06:00:00,0.4495825760767525,15.951695838041129
2024-11-27 07:00:00,0.677199967197996,23.089633928691974
2024-11-27 08:00:00,0.9753281767631882,8.574346836660968
2024-11-27 09:00:00,1.3849909212105376,27.89548914582354
2024-11-27 10:00:00,1.6765254872640776,17.396869163185496
2024-11-27 11:00:00,2.1461654657293283,10.448100889442136
2024-11-27 12:00:00,2.1830827405154425,22.36461031760391
2024-11-27 13:00:00,1.8840545720861792,22.70807160911445
2024-11-27 14:00:00,1.3307967115413868,12.748873414982977
2024-11-27 15:00:00,1.2862944237102225,23.866876920365506
2024-11-27 16:00:00,0.6638090425864716,15.703197554188023
2024-11-27 17:00:00,0.5640958788340447,25.79888011091252
2024-11-27 18:00:00,0.573449287086867,1.8321916502877613
2024-11-27 19:00:00,0.543002329113302,28.253120017722072
2024-11-27 20:00:00,0.8413854403230633,7.843559187615817
2024-11-27 21:00:00,1.3614135433393297,15.937607268919297
2024-11-27 22:00:00,1.571112582774346,14.015694001135394
2024-11-27 23:00:00,2.0351660904628006,17.754078728024574
2024-11-28 00:00:00,1.9405289992597907,17.614047214011983
2024-11-28 01:00:00,2.027252131350482,22.521550927550564
2024-11-28 02:00:00,1.6316241171496861,22.064687920685998
2024-11-28 03:00:00,1.3867946249364298,25.75125966748887
2024-11-28 04:00:00,0.8764324188418047,19.46610741529226
2024-11-28 05:00:00,0.6476317078675276,14.033353812084929
2024-11-28 06:00:00,0.5670231639948043,16.340979553846434
2024-11-28 07:00:00,0.45966955070469173,23.34888682934433
2024-11-28 08:00:00,0.8211494123561415,21.7642482494329
2024-11-28 09:00:00,1.170451248282905,23.793114117023347
2024-11-28 10:00:00,1.440418470480501,16.88282071027436
2024-11-28 11:00:00,1.616043330291306,21.405138533598265
2024-11-28 12:00:00,2.0818921876499585,21.143024698855033
2024-11-28 13:00:00,1.9829063540905014,11.062352438241827
2024-11-28 14:00:00,1.6871026114178904,22.058099867554887
2024-11-28 15:00:00,1.4173420369960863,27.320406247557123
2024-11-28 16:00:00,1.010796464272725,18.93376278704376
2024-11-28 17:00:00,0.6734087278893442,10.690581851009547
2024-11-28 18:00:00,0.1891574807478953,23.215259941122213
2024-11-28 19:00:00,0.44683628826048555,20.079926800245048
2024-11-28 20:00:00,0.6016412275489545,14.45641517487308
2024-11-28 21:00:00,0.8999682426866249,19.054768612634902
2024-11-28 22:00:00,1.3542360486974523,19.616974925202676
2024-11-28 23:00:00,1.771386267412305,17.353441366540505
2024-11-29 00:00:00,2.1241729033536005,26.597961324045365
2024-11-29 01:00:00,2.044441586106324,23.97361189952136
2024-11-29 02:00:00,2.0453682322824855,18.02586364960176
2024-11-29 03:00:00,1.546507107086875,31.268686619658837
2024-11-29 04:00:00,1.1808421981803106,22.1314598042558
2024-11-29 05:00:00,0.7525356605484377,20.87697204592243
2024-11-29 06:00:00,1.9222320866001898,79.87447442186132
2024-11-29 07:00:00,0.4446769021045385,19.419184768034672
2024-11-29 08:00:00,0.721783600247768,19.737075553926218
2024-11-29 09:00:00,1.079421126074588,13.216591824722062
2024-11-29 10:00:00,1.2496444382135,25.816674383142065
2024-11-29 11:00:00,1.5495175581222056,12.696624116984506
2024-11-29 12:00:00,2.02946149689381,15.762261153498594
2024-11-29 13:00:00,1.882288679824293,20.530461888112733
2024-11-29 14:00:00,1.9807351611991566,19.91362770866757
2024-11-29 15:00:00,1.5612458066934702,31.203452480342172
2024-11-29 16:00:00,1.0687533941642848,19.265172796116225
2024-11-29 17:00:00,0.8274521304305685,21.24022803220973
2024-11-29 18:00:00,0.5717906554886815,19.169464590737523
2024-11-29 19:00:00,0.5131037695058283,24.46054071321332
2024-11-29 20:00:00,0.49763620395442243,16.85782227243316
2024-11-29 21:00:00,0.5224321974866233,12.561387769429206
2024-11-29 22:00:00,1.0161822212537155,23.771035812004996
2024-11-29 23:00:00,1.6043697788682019,11.245983889121396
2024-11-30 00:00:00,1.9075153676163015,23.61922837769495
2024-11-30 01:00:00,1.9269459535445852,21.26671167759953
2024-11-30 02:00:00,1.8821613846257768,26.12232508876167
2024-11-30 03:00:00,1.5073967279135227,18.546607039013647
2024-11-30 04:00:00,1.4395034045235064,20.573030831055586
2024-11-30 05:00:00,0.9648024943085778,22.70543120896693
2024-11-30 06:00:00,0.6099980799828741,22.353968470911102
2024-11-30 07:00:00,0.4031407087517628,16.801235538128594
2024-11-30 08:00:00,0.39875151195984254,15.20738327919861
2024-11-30 09:00:00,0.6517676015451741,19.718045257502414
2024-11-30 10:00:00,0.9735760710666216,21.963388743665345
2024-11-30 11:00:00,1.2678851518386935,30.501396288166955
2024-11-30 12:00:00,1.8437506672971642,23.968149918087608
2024-11-30 13:00:00,1.766576326220947,14.811567038989672
2024-11-30 14:00:00,1.9432627603117822,23.451562348693358
2024-11-30 15:00:00,1.7496667446902492,22.1868066877452
2024-11-30 16:00:00,1.5385603751243435,20.451945834421828
2024-11-30 17:00:00,1.187212287296745,13.340347702308161
2024-11-30 18:00:00,0.7272371116980683,23.008069309830955
2024-11-30 19:00:00,0.8520424636298614,19.358981545393682
2024-11-30 20:00:00,0.15427776227159024,17.953093391589817
2024-11-30 21:00:00,0.5418345961411698,25.965999996123564
2024-11-30 22:00:00,2.1158575998971467,85.96419889341297
2024-11-30 23:00:00,1.1403157748406076,24.073468647834442
2024-12-01 00:00:00,1.5706880853480083,20.644541276189024
2024-12-01 01:00:00,1.9037585153037209,21.381238060643938
2024-12-01 02:00:00,1.8949775948351828,20.750386928834537
2024-12-01 03:00:00,2.050836143854581,20.430316482944008
2024-12-01 04:00:00,1.800833734345568,16.53552373467314
2024-12-01 05:00:00,1.231661229582126,24.85143432233044
2024-12-01 06:00:00,1.0206861157465232,20.09758209541633
2024-12-01 07:00:00,0.44910414868648507,14.985633788111013
2024-12-01 08:00:00,0.37001664522914063,19.51882486873218
2024-12-01 09:00:00,0.48359188036381995,22.15079555529754
2024-12-01 10:00:00,0.5455852429123289,16.42398498665901
2024-12-01 11:00:00,1.12387094788522,7.97409107588609
2024-12-01 12:00:00,1.3522637996044973,20.264548386591304
2024-12-01 13:00:00,1.6065840833815532,23.131250867399505
2024-12-01 14:00:00,1.8269701567554366,18.451329221618916
2024-12-01 15:00:00,1.872069146384835,21.030796628778706
2024-12-01 16:00:00,1.8730516729643805,27.233839246794737
2024-12-01 17:00:00,1.4623362302054066,20.88683088713461
2024-12-01 18:00:00,1.0660219396854815,16.80970193756374
2024-12-01 19:00:00,0.867792847554397,18.978403409787667
2024-12-01 20:00:00,0.23813196148789825,19.777120652109424
2024-12-01 21:00:00,0.37207382423833846,17.418014894052405
2024-12-01 22:00:00,0.7378701132632841,16.733440411142418
2024-12-01 23:00:00,0.870257948598034,16.830834365973338
2024-12-02 00:00:00,1.2798885878693327,27.664387738469316
2024-12-02 01:00:00,1.5061995126294518,17.384098685023094
2024-12-02 02:00:00,1.7959538321648645,15.452919131494369
2024-12-02 03:00:00,2.020532621182947,14.900071694817655
2024-12-02 04:00:00,1.8904510879205776,21.384180192934892
2024-12-02 05:00:00,1.547191629319324,20.606922821418806
2024-12-02 06:00:00,1.0974451148050688,23.141757037043817
2024-12-02 07:00:00,0.9138051993913713,16.802178412010367
2024-12-02 08:00:00,2.072973245025561,77.06442778856777
2024-12-02 09:00:00,0.3991548993170649,22.584380172440376
2024-12-02 10:00:00,0.44180369434605493,27.794617024691448
2024-12-02 11:00:00,0.7875203116779051,22.709377599958422
2024-12-02 12:00:00,1.1391014006230673,26.609674279508972
2024-12-02 13:00:00,1.2494633233337087,17.399381770807544
2024-12-02 14:00:00,1.8666785782458282,19.47922182400826
2024-12-02 15:00:00,1.7939473278015803,21.16710788287952
2024-12-02 16:00:00,2.0840487708624287,7.234149966670655
2024-12-02 17:00:00,1.8067570729524716,28.256715479751286
2024-12-02 18:00:00,1.3813024796061997,22.89000862180459
2024-12-02 19:00:00,1.0213184031605205,8.7963433345404
2024-12-02 20:00:00,0.6738323050827443,18.479237535132548
2024-12-02 21:00:00,0.4954660022342837,32.60563384000389
2024-12-02 22:00:00,0.40270477292867357,21.389527167711798
2024-12-02 23:00:00,0.6414795726160277,16.31196858904373
2024-12-03 00:00:00,0.9514907272664391,24.413077713977078
2024-12-03 01:00:00,0.9691709922773736,32.3284671797793
2024-12-03 02:00:00,1.6336299060465496,14.973320533680411
2024-12-03 03:00:00,1.9126398489617342,22.975176047677742
2024-12-03 04:00:00,1.9121936256359262,18.639410730512175
2024-12-03 05:00:00,1.7506231522247682,20.926793073344538
2024-12-03 06:00:00,1.5784878970152636,22.003951589021682
2024-12-03 07:00:00,1.2020347322165317,20.71834844318428
2024-12-03 08:00:00,0.7332848915082308,26.69914398038013
2024-12-03 09:00:00,0.48014099018048956,18.43585537425511
2024-12-03 10:00:00,0.5478196963003273,22.46286377474324
2024-12-03 11:00:00,0.41036886688979435,18.056988645307186
2024-12-03 12:00:00,0.7753987904710055,19.73282257588987
2024-12-03 13:00:00,1.0749685686972337,17.87112234295093
2024-12-03 14:00:00,1.4407954852904064,16.826472567361513
2024-12-03 15:00:00,1.8739378659419523,17.196409329367338
2024-12-03 16:00:00,2.1357450466478403,24.24505965072929
2024-12-03 17:00:00,2.151630380332876,26.92930518065316
2024-12-03 18:00:00,1.7410054767025653,19.313278847363687
2024-12-03 19:00:00,1.6018360557491016,16.74297527594596
2024-12-03 20:00:00,1.046578975936677,16.063715072677912
2024-12-03 21:00:00,0.6478575478132819,14.159821090893352
2024-12-03 22:00:00,0.3843550330039345,15.994686183291734
2024-12-03 23:00:00,0.4853201303808705,20.262464535927148
2024-12-04 00:00:00,0.5816714129956952,22.794300854604636
2024-12-04 01:00:00,0.9296037853833878,15.218971491044094
2024-12-04 02:00:00,1.348718363298246,17.59604119703767
2024-12-04 03:00:00,1.7017539751813646,18.42641781932761
2024-12-04 04:00:00,1.894384585593923,15.893171519420616
2024-12-04 05:00:00,1.9483875078425612,20.59397297238137
2024-12-04 06:00:00,1.8797893443801128,19.545836033387776
2024-12-04 07:00:00,1.433926060938426,25.190736811634004
2024-12-04 08:00:00,0.9949826363250659,17.44935906542596
2024-12-04 09:00:00,0.6684892769492322,13.108988778668708
2024-12-04 10:00:00,0.5826792557515059,15.306780385345974
2024-12-04 11:00:00,0.5339394740985306,18.011500983894233
2024-12-04 12:00:00,0.4034723741450109,13.039930710076801
2024-12-04 13:00:00,2.3735162684068136,76.43363252732894
2024-12-04 14:00:00,1.200953165101768,25.401416756542133
2024-12-04 15:00:00,1.6478845296571623,13.902032175453419
2024-12-04 16:00:00,1.913870450554447,21.109494466498262
2024-12-04 17:00:00,2.068541121540064,16.99383170992151
2024-12-04 18:00:00,1.9234065327399934,14.104758738747813
2024-12-04 19:00:00,3.0918339226104807,82.60998762308371
2024-12-04 20:00:00,1.2720518832421241,27.166953815090334
2024-12-04 21:00:00,1.0137376602494947,29.354760547938994
2024-12-04 22:00:00,0.6070387333401552,21.379193530521967
2024-12-04 23:00:00,0.5266429336172266,24.394642180874037
2024-12-05 00:00:00,0.4096698407604483,19.8328734325127
2024-12-05 01:00:00,0.6405833376234629,18.232004111970728
2024-12-05 02:00:00,1.029272139236812,22.080422359389935
2024-12-05 03:00:00,1.49227330709417,28.684115726694284
2024-12-05 04:00:00,1.8856823126730227,14.15667284532448
2024-12-05 05:00:00,1.8705176673176103,22.26095001002426
2024-12-05 06:00:00,2.0642206135740984,19.80535415350295
2024-12-05 07:00:00,1.7917075998657528,34.18996310376939
2024-12-05 08:00:00,1.4906896772193234,22.242634368132663
2024-12-05 09:00:00,1.1023556834975836,15.260612868747046
2024-12-05 10:00:00,0.7868843116088035,20.137384198341746
2024-12-05 11:00:00,0.3377016631168333,19.961705472306676
2024-12-05 12:00:00,0.2737659217014953,24.061701996195357
2024-12-05 13:00:00,0.5203175537332637,17.465538654942193
2024-12-05 14:00:00,0.7019395982415699,20.630648975638437
2024-12-05 15:00:00,1.3374962350814208,22.706456401457395
2024-12-05 16:00:00,1.6966173294199454,19.725188060518352
2024-12-05 17:00:00,1.8630689206664068,15.034518730177714
2024-12-05 18:00:00,1.965895638180911,23.546336349377977
2024-12-05 19:00:00,1.936966550185908,22.634844405395494
2024-12-05 20:00:00,1.7056127653015998,22.066122116173585
2024-12-05 21:00:00,1.0810714062287263,11.759824254127379
2024-12-05 22:00:00,0.8514779714605326,15.617696383750793
2024-12-05 23:00:00,0.46227722707436536,19.694426098872345
2024-12-06 00:00:00,0.41624472339052243,12.686791677553895
2024-12-06 01:00:00,0.41785364227662836,26.30615105113276
2024-12-06 02:00:00,0.8833590207353937,22.853895454157154
2024-12-06 03:00:00,1.021737125180689,22.523791041570973
2024-12-06 04:00:00,1.5250587419085664,19.751470858165337
2024-12-06 05:00:00,1.891080720254857,17.189857785068025
2024-12-06 06:00:00,1.9624773169060095,22.148472988716406
2024-12-06 07:00:00,1.9698205429470876,25.67823629490688
2024-12-06 08:00:00,1.6585327694837826,26.541999172711332
2024-12-06 09:00:00,1.4457872889179428,25.33868135426586
2024-12-06 10:00:00,1.0374941728801137,29.62276502823435
2024-12-06 11:00:00,0.6513264202849891,11.099329679665125
2024-12-06 12:00:00,0.3585500845247681,20.3967712251881
2024-12-06 13:00:00,0.4987483785563467,21.801233616712313
2024-12-06 14:00:00,0.4707722041385979,24.1792554963043
2024-12-06 15:00:00,0.9327368307312841,16.96947302412221
2024-12-06 16:00:00,1.5304589747890367,17.63442629410217
2024-12-06 17:00:00,1.7780857598875333,13.028763719704965
2024-12-06 18:00:00,1.84863457857667,30.026164169346128
2024-12-06 19:00:00,2.0239739159270975,14.371134433874358
2024-12-06 20:00:00,1.7618444198519168,16.85488634511686
2024-12-06 21:00:00,1.4650379769739499,20.00912594475555
2024-12-06 22:00:00,1.2462873249679962,14.367531101484214
2024-12-06 23:00:00,0.8265380725627013,20.267492271718634
2024-12-07 00:00:00,0.6246667294200265,22.850667021371372
2024-12-07 01:00:00,0.42269806024563017,17.44045368899369
2024-12-07 02:00:00,0.6791968821911843,21.720427950305467
2024-12-07 03:00:00,0.8393509328109277,26.346286825548
2024-12-07 04:00:00,1.3680560528611072,18.861864375066595
2024-12-07 05:00:00,1.6367946993250015,7.362395464012177
2024-12-07 06:00:00,1.775989633300152,14.396168490522824
2024-12-07 07:00:00,3.5189411787146443,77.05475293135808
2024-12-07 08:00:00,1.813492709121831,18.16695888641792
2024-12-07 09:00:00,1.6004535546230851,17.740357784137142
2024-12-07 10:00:00,1.1847870923698838,20.174630886676646
2024-12-07 11:00:00,0.9327037148702293,18.747933039614026
2024-12-07 12:00:00,0.6125645232523613,24.140555433475882
2024-12-07 13:00:00,0.4569462463893692,21.611217259495373
2024-12-07 14:00:00,0.30721906267185073,16.218854140274537
2024-12-07 15:00:00,0.8078636326243582,20.485994155925738
2024-12-07 16:00:00,1.076398083957353,20.621517089605877
2024-12-07 17:00:00,1.3866322914547133,18.24947067380852
2024-12-07 18:00:00,2.0004107060017744,14.98290852232038
2024-12-07 19:00:00,1.9983312157961983,15.94250031381242
2024-12-07 20:00:00,1.9003126877195757,18.672309319195442
2024-12-07 21:00:00,1.6436897687992573,20.864387261407565
2024-12-07 22:00:00,1.464737398848436,14.174551951806471
2024-12-07 23:00:00,1.080895080794675,27.976421215323995
2024-12-08 00:00:00,0.567569115809972,15.329475201454102
2024-12-08 01:00:00,0.6504514462962809,24.549613948789634
2024-12-08 02:00:00,0.38798507743252286,9.427403089934552
2024-12-08 03:00:00,0.49156246275060694,28.882423378775194
2024-12-08 04:00:00,1.0078558220106377,14.741162290606589
2024-12-08 05:00:00,1.2327168471255454,21.23582181492174
2024-12-08 06:00:00,1.6899089565020733,15.985738585443887
2024-12-08 07:00:00,2.0085986288514266,17.040346596777432
2024-12-08 08:00:00,1.9975981211992981,24.46751883175898
2024-12-08 09:00:00,2.070280417980557,12.84119390359006
2024-12-08 10:00:00,1.5243522028630765,19.47108798980556
2024-12-08 11:00:00,1.223595950305565,28.286491392643683
2024-12-08 12:00:00,0.89067494098977,21.9588578728504
2024-12-08 13:00:00,0.48765689356512326,21.209182718792704
2024-12-08 14:00:00,0.2806452247740407,17.94592758287268
2024-12-08 15:00:00,0.5618152532102514,23.710449520364136
2024-12-08 16:00:00,0.8930811781528144,20.49580937316092
2024-12-08 17:00:00,0.9554920446599708,15.975693600375735
2024-12-08 18:00:00,1.4398149581150095,24.5582826511609
2024-12-08 19:00:00,1.7234211175316978,14.75350016433317
2024-12-08 20:00:00,1.8539904720107667,18.64793830227522
2024-12-08 21:00:00,1.8678541631879326,20.749818178801124
2024-12-08 22:00:00,1.700832596650178,7.5897003999256025
2024-12-08 23:00:00,1.2624407306049372,13.575914643555656
2024-12-09 00:00:00,0.784165947896933,20.7417413318657
2024-12-09 01:00:00,2.225191040704894,78.3012465416639
2024-12-09 02:00:00,0.42900182218139987,21.171054780535243
2024-12-09 03:00:00,0.3272951029358417,20.54979884524183
2024-12-09 04:00:00,0.7724768699081568,8.135785518910598
2024-12-09 05:00:00,0.9651464315152251,13.592374073799459
2024-12-09 06:00:00,1.3341028316793344,20.790880384825794
2024-12-09 07:00:00,1.8524756900071766,18.24542409166638
2024-12-09 08:00:00,1.9161616812899371,21.306328787968372
2024-12-09 09:00:00,1.9307590394260803,22.905527860253446
2024-12-09 10:00:00,1.8480233507337573,25.99066077807069
2024-12-09 11:00:00,1.5006103913992968,12.409209343155908
2024-12-09 12:00:00,1.1507791875747557,23.01881921837598
2024-12-09 13:00:00,0.693085073151169,14.271671294247758
2024-12-09 14:00:00,0.49797791093166033,20.100806495724214
2024-12-09 15:00:00,0.32500529806330186,18.13840260617291
2024-12-09 16:00:00,0.521722437559113,19.431286347078526
2024-12-09 17:00:00,0.6798098172048228,11.411526510404506
2024-12-09 18:00:00,1.2382398721509933,25.62592611248964
2024-12-09 19:00:00,1.6169689383279475,22.8827114114196
2024-12-09 20:00:00,2.070908700785548,16.949332804833023
2024-12-09 21:00:00,1.9834422013413204,9.700258923167835
2024-12-09 22:00:00,1.968681704371056,22.371872499386917
2024-12-09 23:00:00,1.6749855701316823,20.905558661213274
2024-12-10 00:00:00,1.3490696899558463,26.2574362162289
2024-12-10 01:00:00,0.9064638505343479,16.556010472735814
2024-12-10 02:00:00,0.5618216989783545,9.629927716284891
2024-12-10 03:00:00,0.22405604666816598,27.288029455916636
2024-12-10 04:00:00,0.4624465740035379,27.78206142692064
2024-12-10 05:00:00,0.6002106659884049,24.228425909540285
2024-12-10 06:00:00,1.2059539329901905,16.38437899518396
2024-12-10 07:00:00,1.567568917162162,18.64075725510084
2024-12-10 08:00:00,1.8215505195806614,21.337869272267838
2024-12-10 09:00:00,1.96864220194328,15.008057168056345
2024-12-10 10:00:00,1.8553166633291773,22.999882557855585
2024-12-10 11:00:00,1.741067996620331,23.256481469267307
2024-12-10 12:00:00,1.3482948635230314,18.827333458275866
2024-12-10 13:00:00,1.0386972918097095,29.97913078908757
2024-12-10 14:00:00,0.671022361009694,14.34196886752112
2024-12-10 15:00:00,0.4531544618939139,24.889773400758795
2024-12-10 16:00:00,0.37233808492833553,32.13905709548286
2024-12-10 17:00:00,0.4611996503939291,25.001382763741482
2024-12-10 18:00:00,0.9780952009149536,24.34352377080494
2024-12-10 19:00:00,1.2011986588150099,14.879233754613377
2024-12-10 20:00:00,1.7274833135681218,31.714221980296056
2024-12-10 21:00:00,1.765729893783892,20.140173356446912
2024-12-10 22:00:00,1.9235164405717735,16.538954884810288
2024-12-10 23:00:00,1.8942025302742513,19.064914048557004
2024-12-11 00:00:00,1.6110784144158057,17.611324031580487
2024-12-11 01:00:00,1.0967906758295785,21.48499353802497
2024-12-11 02:00:00,0.9255830416420445,19.251794620356055
2024-12-11 03:00:00,0.6658078461200138,19.680850948291592
2024-12-11 04:00:00,0.39818509228371896,25.805478325649588
2024-12-11 05:00:00,0.3855574526599323,16.49607309128257
2024-12-11 06:00:00,0.8088305637118699,21.644127643022298
2024-12-11 07:00:00,0.9928392803290446,24.486737801298812
2024-12-11 08:00:00,1.4711084562975072,27.68567520469004
2024-12-11 09:00:00,2.028434295475897,18.13176836006072
2024-12-11 10:00:00,2.101289229019668,11.604368122716277
2024-12-11 11:00:00,1.9182308359574531,21.899000316429742
2024-12-11 12:00:00,1.8060100999918072,24.229482584317694
2024-12-11 13:00:00,1.372663287141016,22.19329401781369
2024-12-11 14:00:00,0.994068388310362,14.075848408484871
2024-12-11 15:00:00,0.6069848522906155,26.75988262609856
2024-12-11 16:00:00,0.3314219928764377,19.001441868949918
2024-12-11 17:00:00,0.3436436996032034,19.20341859186056
2024-12-11 18:00:00,0.7116890968301586,17.924517507562335
2024-12-11 19:00:00,0.9691176768395557,17.953547720778307
2024-12-11 20:00:00,1.423922487058067,23.582557595037404
2024-12-11 21:00:00,1.7198311799823738,22.532252631390016
2024-12-11 22:00:00,1.962686022653032,5.551021671121019
2024-12-11 23:00:00,2.034922240955264,17.079209064124793
2024-12-12 00:00:00,1.9285519338300616,9.998571161368567
2024-12-12 01:00:00,1.496411685187861,26.69263320103653
2024-12-12 02:00:00,1.0801466010147525,19.521362195392197
2024-12-12 03:00:00,0.8004750301675252,11.351654888679441
2024-12-12 04:00:00,0.41189887881924,22.853278521866876
2024-12-12 05:00:00,0.2591541316062358,12.894591118058756
2024-12-12 06:00:00,0.6082217958306397,23.791521938192293
2024-12-12 07:00:00,0.7196809164755424,27.63244515566497
2024-12-12 08:00:00,1.1711235602678614,18.218629414831632
2024-12-12 09:00:00,1.6727328431380046,18.750672111846132
2024-12-12 10:00:00,1.9552031232149139,10.877454278096216
2024-12-12 11:00:00,1.9432708477747656,19.698096199760865
2024-12-12 12:00:00,1.883870036696804,19.64559029763902
2024-12-12 13:00:00,1.6470465621204329,27.603904917611786
2024-12-12 14:00:00,1.3001159163014555,5.166121795463106
2024-12-12 15:00:00,0.7697124404481108,21.61612296012198
2024-12-12 16:00:00,0.5349473922561698,22.20428206633599
2024-12-12 17:00:00,0.477183068306948,27.918082424535108
2024-12-12 18:00:00,0.5395961205061203,19.451929163792173
2024-12-12 19:00:00,0.7265314053750177,20.210669178645066
2024-12-12 20:00:00,1.1853129903898592,22.61723797239986
2024-12-12 21:00:00,3.039007541083301,88.06034739942088
2024-12-12 22:00:00,1.9843759402610555,9.278740686299091
2024-12-12 23:00:00,1.9412926206026682,24.545129177902407
2024-12-13 00:00:00,1.9526217546442355,25.0869096407739
2024-12-13 01:00:00,1.8266543133132869,13.770900902192022
2024-12-13 02:00:00,1.5904606358800704,21.73731713296553
2024-12-13 03:00:00,0.9782197385140315,16.741188551377377
2024-12-13 04:00:00,0.7914122242522269,18.01402027819869
2024-12-13 05:00:00,0.3647339507193547,17.340461021950453
2024-12-13 06:00:00,0.3640119090664161,19.638452245541973
2024-12-13 07:00:00,0.655857018897969,8.627667609261874
2024-12-13 08:00:00,0.6620764315608076,10.908414074998296
2024-12-13 09:00:00,1.2561571546430172,10.717276816364379
2024-12-13 10:00:00,1.520063592659939,19.634206795127813
2024-12-13 11:00:00,2.0278020490862056,19.022197626155172
2024-12-13 12:00:00,1.9615736806544593,16.000552703124455
2024-12-13 13:00:00,1.7984681000666929,12.76264739278543
2024-12-13 14:00:00,1.37837188543376,16.406123027951217
2024-12-13 15:00:00,1.293317324781576,16.265950461887634
2024-12-13 16:00:00,0.6266587918329867,12.572774275827326
2024-12-13 17:00:00,0.6575120938236172,20.19474335940344
2024-12-13 18:00:00,0.3177649166566727,21.86971996112691
2024-12-13 19:00:00,0.30426622408570914,20.349582766983772
2024-12-13 20:00:00,0.7764387225027383,21.809687496352556
2024-12-13 21:00:00,0.9505633856318597,18.151776754768875
2024-12-13 22:00:00,1.335278357379337,23.888775668066902
2024-12-13 23:00:00,1.6540516039057307,23.68759811464086
2024-12-14 00:00:00,1.921268905614152,21.899127331989025
2024-12-14 01:00:00,1.9514424401575494,16.740495880306653
2024-12-14 02:00:00,1.6330218615618046,17.991944417956205
2024-12-14 03:00:00,1.2698914188984227,15.010976216682714
2024-12-14 04:00:00,0.9693300782367564,13.300884629844488
2024-12-14 05:00:00,0.7725406993710918,18.18719408365746
2024-12-14 06:00:00,0.41679336511012,29.9978153148729
2024-12-14 07:00:00,0.423507850759213,12.529114777325093
2024-12-14 08:00:00,0.6835909695401016,25.56583704991488
2024-12-14 09:00:00,1.0976976185023506,24.474998066836815
2024-12-14 10:00:00,1.4796673340739663,9.255794972276973
2024-12-14 11:00:00,1.7765547283575054,22.51621284789639
2024-12-14 12:00:00,1.980276972770745,13.912543264646704
2024-12-14 13:00:00,1.9430889503441577,16.759256952534166
2024-12-14 14:00:00,1.8974675625499766,23.38149055046335
2024-12-14 15:00:00,1.597378886305544,16.111292162890706
2024-12-14 16:00:00,1.0851304019184442,20.241297835591464
2024-12-14 17:00:00,0.5250428801251783,26.75192157473522
2024-12-14 18:00:00,0.4046375676938939,23.921575453246696
2024-12-14 19:00:00,0.3258198754370367,12.066977866165516
2024-12-14 20:00:00,0.6033308614365044,17.265955608393813
2024-12-14 21:00:00,0.7004597160470459,17.935299113953494
2024-12-14 22:00:00,1.3459261091160308,20.46564880593782
2024-12-14 23:00:00,1.4780371259745604,14.58735716698547
2024-12-15 00:00:00,1.7441273880825656,23.267929833739853
2024-12-15 01:00:00,1.9413334213424305,20.697469897906906
2024-12-15 02:00:00,1.8527710293932445,24.732314122802833
2024-12-15 03:00:00,1.6003672874694286,24.264734545829743
2024-12-15 04:00:00,1.1293584349302987,16.722535864619417
2024-12-15 05:00:00,0.7805410247214254,15.989726603951322
2024-12-15 06:00:00,0.7078010293920494,27.0432544675754
2024-12-15 07:00:00,0.5649795522800316,18.94360174142986
2024-12-15 08:00:00,0.5433716893237572,15.615649100725648
2024-12-15 09:00:00,0.8174989443624173,20.54685494572327
2024-12-15 10:00:00,0.9048447818279358,28.257019664660724
2024-12-15 11:00:00,1.4279970888673768,26.109381441974058
2024-12-15 12:00:00,1.5872301706356335,17.946220910207643
2024-12-15 13:00:00,2.0908948556978393,12.538647970434553
2024-12-15 14:00:00,2.082861595814069,21.345238537058762
2024-12-15 15:00:00,1.8562404289685865,19.04875273376801
2024-12-15 16:00:00,1.460469336980538,17.48107649605105
2024-12-15 17:00:00,0.8659225998133353,33.616367176818784
2024-12-15 18:00:00,0.7284470107701239,22.425239090771143
2024-12-15 19:00:00,0.4930372006559201,19.2099949998082
2024-12-15 20:00:00,0.28430942011351806,15.555231929831677
2024-12-15 21:00:00,0.5759289158354145,18.3728036722289
2024-12-15 22:00:00,0.7670783045027879,14.83119471395598
2024-12-15 23:00:00,1.3023785013197382,24.671770884540187
2024-12-16 00:00:00,1.7823645143744167,20.83294450866964
2024-12-16 01:00:00,1.9210683521953535,23.512294292887525
2024-12-16 02:00:00,1.9337619179861976,23.389945436254344
2024-12-16 03:00:00,1.869091746683583,22.621309695033446
2024-12-16 04:00:00,1.7310792206553132,12.287565980606885
2024-12-16 05:00:00,1.1350544930586082,23.295500691151585
2024-12-16 06:00:00,0.6450531478085394,19.651095199797624
2024-12-16 07:00:00,0.44856040268180863,15.949270099695243
2024-12-16 08:00:00,0.5593941036882414,25.47715045377676
2024-12-16 09:00:00,0.44156155078604725,27.39315568035851
2024-12-16 10:00:00,0.5159027625292518,13.400275053970205
2024-12-16 11:00:00,1.1573841512452434,23.559977641667437
2024-12-16 12:00:00,1.6988911800544728,22.579387574413577
2024-12-16 13:00:00,1.8506470569720317,18.18863580212653
2024-12-16 14:00:00,2.051460859509193,23.108718001944332
2024-12-16 15:00:00,2.11031182223124,17.823187372545874
2024-12-16 16:00:00,1.591366225514528,13.90933303260774
2024-12-16 17:00:00,1.2634928070598503,32.270089070115816
2024-12-16 18:00:00,0.9671636122537426,19.1794503660857
2024-12-16 19:00:00,0.4061793846292203,24.723376447470137
2024-12-16 20:00:00,0.5317984408156531,13.863172474045744
2024-12-16 21:00:00,0.4958416161121645,23.35143558937828
2024-12-16 22:00:00,0.5814890922494458,21.239699936261875
2024-12-16 23:00:00,0.7515099649477374,26.89941877627546
2024-12-17 00:00:00,1.1920150320119776,18.858722159997306
2024-12-17 01:00:00,1.7869901198682234,15.120138927216148
2024-12-17 02:00:00,1.9994679470270147,19.44617796890708
2024-12-17 03:00:00,2.177059009508585,10.359861882430963
2024-12-17 04:00:00,1.8249763650779822,15.654350037630214
2024-12-17 05:00:00,1.5096389029698007,15.684070839264969
2024-12-17 06:00:00,0.9617050635265103,12.079749788043857
2024-12-17 07:00:00,0.7967775753462945,24.276341275006445
2024-12-17 08:00:00,0.6026172132507308,18.491111560265974
2024-12-17 09:00:00,2.092087282243428,82.76977554805543
2024-12-17 10:00:00,0.6329346886598974,21.750289974951357
2024-12-17 11:00:00,0.9800935897121208,22.566902438418932
2024-12-17 12:00:00,1.3110751627035846,14.946011061064072
2024-12-17 13:00:00,1.6828256513773707,23.26291507018567
2024-12-17 14:00:00,1.7346671127926645,20.73568321015439
2024-12-17 15:00:00,2.1453581586012453,10.957218046038463
2024-12-17 16:00:00,2.0449785736114188,14.726532880287085
2024-12-17 17:00:00,1.5467734615915898,29.65131409790679
2024-12-17 18:00:00,1.1732706877884174,21.86998781426101
2024-12-17 19:00:00,0.8826582317187939,15.449375849843587
2024-12-17 20:00:00,0.589810530913784,25.43627870948244
2024-12-17 21:00:00,0.39811491643659724,27.46203365006
2024-12-17 22:00:00,0.5578225147603768,24.96832358278171
2024-12-17 23:00:00,0.6086823134172769,26.16329329067125
2024-12-18 00:00:00,1.1983709092464059,25.243101484820684
2024-12-18 01:00:00,1.462414303991943,15.622670313404546
2024-12-18 02:00:00,1.976405707237721,5.045179171435429
2024-12-18 03:00:00,1.9736185304043337,21.47171083335252
2024-12-18 04:00:00,2.0043573211220638,21.547219789695514
2024-12-18 05:00:00,1.9673624247345034,24.359322775215286
2024-12-18 06:00:00,1.3729692471980037,18.013221764517787
2024-12-18 07:00:00,1.0602298601217222,15.325311349956694
2024-12-18 08:00:00,0.715767677681201,5.7336708200599045
2024-12-18 09:00:00,0.1980944217748718,15.791501299368578
2024-12-18 10:00:00,0.37411827120315094,19.79641178991366
2024-12-18 11:00:00,0.4079503119451552,14.102648491111712
2024-12-18 12:00:00,0.9370763445724595,11.528967601206144
2024-12-18 13:00:00,1.2193252941021184,27.429924795822355
2024-12-18 14:00:00,1.6911803178606897,11.321446609961349
2024-12-18 15:00:00,1.767775854013839,22.099935594587862
2024-12-18 16:00:00,1.9961660696032184,20.446736592914927
2024-12-18 17:00:00,1.8534449216378353,17.658536339610592
2024-12-18 18:00:00,1.5353798809410253,17.737387157271495
2024-12-18 19:00:00,1.282815737667935,11.305238059126546
2024-12-18 20:00:00,0.8490988726213436,20.71140456834439
2024-12-18 21:00:00,0.6639655154603255,27.99249386547671
2024-12-18 22:00:00,0.3702096111938066,15.41441124198488
2024-12-18 23:00:00,0.312185306368438,19.517879256277748
2024-12-19 00:00:00,0.5676042833207147,14.499453347982444
2024-12-19 01:00:00,1.0604758870361948,21.42835363672771
2024-12-19 02:00:00,1.3939476221808846,21.286366448190655
2024-12-19 03:00:00,1.6970764237615676,20.114050082431863
2024-12-19 04:00:00,2.0792353426004295,16.42458727004433
2024-12-19 05:00:00,1.9475679556806094,23.949761237691412
2024-12-19 06:00:00,1.7555513583629025,14.901303549070036
2024-12-19 07:00:00,1.2743428233987613,15.856983835713809
2024-12-19 08:00:00,0.9441499747294831,19.67846015693715
2024-12-19 09:00:00,0.6600279409998969,17.73805937773049
2024-12-19 10:00:00,0.3782508973933112,20.353494150653535
2024-12-19 11:00:00,0.39688725663410823,6.6659327022603385
2024-12-19 12:00:00,0.7009553555725172,23.76891296475073
2024-12-19 13:00:00,1.1796737651670155,26.28111504636234
2024-12-19 14:00:00,1.4225207920525649,31.146604427614392
2024-12-19 15:00:00,1.691091423149106,15.363447070203058
2024-12-19 16:00:00,1.9025635796853329,13.034174531644357
2024-12-19 17:00:00,2.108217505787447,12.572538923991132
2024-12-19 18:00:00,3.4304497534922223,86.17711673834594
2024-12-19 19:00:00,1.6176096526778236,19.286899776361928
2024-12-19 20:00:00,1.0932674804283118,24.68383388851159
2024-12-19 21:00:00,0.7377436693385423,9.234067543630683
2024-12-19 22:00:00,0.5716791573324691,17.245948209135253
2024-12-19 23:00:00,0.39650358938946606,12.151756928362726
2024-12-20 00:00:00,0.4558167969734581,29.49615763322698
2024-12-20 01:00:00,0.8687222534181329,25.806397957111827
2024-12-20 02:00:00,1.1098913693304802,14.703064516360165
2024-12-20 03:00:00,3.1654465479195526,73.8798478468462
2024-12-20 04:00:00,1.906784286804821,13.118287707142613
2024-12-20 05:00:00,1.8311499422759279,22.48382670496498
2024-12-20 06:00:00,2.05917061638176,23.9569013964059
2024-12-20 07:00:00,1.7084506408314981,24.13090810553731
2024-12-20 08:00:00,1.289933779254962,26.646555757812674
2024-12-20 09:00:00,0.8749693758110757,13.305962188473536
2024-12-20 10:00:00,0.49829941898818636,15.209203361843903
2024-12-20 11:00:00,0.3763891983847188,23.789587604729668
2024-12-20 12:00:00,0.5161582155007304,22.63568617430455
2024-12-20 13:00:00,0.722690529498105,23.55792739235707
2024-12-20 14:00:00,0.9838170598777356,23.323772356233498
2024-12-20 15:00:00,1.580575299376517,25.415850955280213
2024-12-20 16:00:00,1.7961272371223471,17.481802748235893
2024-12-20 17:00:00,2.1204639001426853,21.428885481198776
2024-12-20 18:00:00,2.0408372549377556,16.582340809149645
2024-12-20 19:00:00,1.808537652448687,23.889333254529696
2024-12-20 20:00:00,1.3216722876532658,21.530498477016693
2024-12-20 21:00:00,1.0754398771777414,18.075432619245124
2024-12-20 22:00:00,0.7122307491862767,22.357709804580708
2024-12-20 23:00:00,0.3807130198330406,23.722811112296405
2024-12-21 00:00:00,0.3663189805844443,22.543172908588872
2024-12-21 01:00:00,0.566686192071723,10.652752556306858
2024-12-21 02:00:00,1.0350886350548492,13.95452859298245
2024-12-21 03:00:00,1.36757053287226,31.559889248601287
2024-12-21 04:00:00,1.7739117237730309,21.922466865175004
2024-12-21 05:00:00,1.8937391470356921,23.036109080013688
2024-12-21 06:00:00,2.0243629866408774,19.65108577695677
2024-12-21 07:00:00,1.8887678859754438,19.549067343477624
2024-12-21 08:00:00,1.614482846167038,17.685685242238495
2024-12-21 09:00:00,1.3299345171968815,19.13710321779456
2024-12-21 10:00:00,1.0563121236584434,14.91791775129387
2024-12-21 11:00:00,0.6137337777511935,21.051330643064773
2024-12-21 12:00:00,0.532223286894215,26.997537060388233
2024-12-21 13:00:00,0.187628566013107,28.210364556385024
2024-12-21 14:00:00,0.697489700682257,29.167474611559616
2024-12-21 15:00:00,1.223593468649249,17.08936661690416
2024-12-21 16:00:00,1.578918690464531,13.464908348789976
2024-12-21 17:00:00,1.9562005001080016,23.356657675545456
2024-12-21 18:00:00,1.8962328273809321,27.854816865305192
2024-12-21 19:00:00,1.906258321597495,26.45402197969859
2024-12-21 20:00:00,1.7983135612856018,19.893913886624375
2024-12-21 21:00:00,1.4744323677315958,19.09464691710006
2024-12-21 22:00:00,0.8117490472942513,25.435776670016168
2024-12-21 23:00:00,0.6763704121100401,16.393750413497084
2024-12-22 00:00:00,0.30875680715581166,10.138694507210015
2024-12-22 01:00:00,0.4793669776815623,21.614466344681436
2024-12-22 02:00:00,0.5713818289320427,16.367566357831574
2024-12-22 03:00:00,1.0609724259880062,18.346870084969733
2024-12-22 04:00:00,1.266405229305783,19.005009710917907
2024-12-22 05:00:00,1.7250039679062414,21.486033625014176
2024-12-22 06:00:00,2.081220927801386,20.641898081276278
2024-12-22 07:00:00,2.0036925345525907,20.832552420139002
2024-12-22 08:00:00,1.8822375831949358,22.156053831326297
2024-12-22 09:00:00,1.5257289234649078,16.413406541617434
2024-12-22 10:00:00,1.055629177024697,19.862691321647528
2024-12-22 11:00:00,0.5571252924052155,32.92227373967239
2024-12-22 12:00:00,0.4956240611105338,19.54489589789812
2024-12-22 13:00:00,0.3122323838238735,27.28874976417842
2024-12-22 14:00:00,0.41048935732866576,25.914753352856618
2024-12-22 15:00:00,0.7611347814164595,12.971299805326192
2024-12-22 16:00:00,1.2519187985966345,12.042787968504514
2024-12-22 17:00:00,1.581916815526483,17.50557626933044
2024-12-22 18:00:00,1.8857238703270351,20.805159124899962
2024-12-22 19:00:00,1.9983126769028963,24.5019549028761
2024-12-22 20:00:00,1.8682754647181998,25.2369786281233
2024-12-22 21:00:00,1.5804552451221445,23.598321477969147
2024-12-22 22:00:00,1.3708803483345904,15.042609149143704
2024-12-22 23:00:00,0.9224552275883782,25.961928763789142
2024-12-23 00:00:00,0.6350697331270423,15.126951042880648
2024-12-23 01:00:00,0.2857683285542665,19.312796711262692
2024-12-23 02:00:00,0.5045179718510756,21.095579816865342
2024-12-23 03:00:00,0.5927319853688471,22.20330365929901
2024-12-23 04:00:00,1.0861287529828503,21.920995593611654
2024-12-23 05:00:00,1.5841830744076866,20.226418273508568
2024-12-23 06:00:00,1.799444308913111,7.4246072671942684
2024-12-23 07:00:00,2.0271626602937123,23.81373579223058
2024-12-23 08:00:00,2.1185550999448535,21.345545197102
2024-12-23 09:00:00,1.6796282299321696,23.288037563103696
2024-12-23 10:00:00,1.3887692486330752,27.076248217445226
2024-12-23 11:00:00,0.9885439324211855,10.057760189905723
2024-12-23 12:00:00,0.7377358309595904,21.844377875067423
2024-12-23 13:00:00,0.4496239489371664,20.329454965213618
2024-12-23 14:00:00,0.43291350523426975,13.248398839271509
2024-12-23 15:00:00,0.47199962108827326,28.41259691485859
2024-12-23 16:00:00,0.9375719672267857,20.75742843124227
2024-12-23 17:00:00,1.499211353654458,14.114111886957218
2024-12-23 18:00:00,1.624650981138208,23.619693313943554
2024-12-23 19:00:00,2.1681684327843924,11.278903844435519
2024-12-23 20:00:00,1.8831794290591182,23.032165552263415
2024-12-23 21:00:00,1.8583832761961203,26.04761758201841
2024-12-23 22:00:00,1.6489463012300167,18.233965790544524
2024-12-23 23:00:00,1.1498715734778857,20.50740999364009
2024-12-24 00:00:00,0.6838856150736757,13.075447547189299
2024-12-24 01:00:00,0.3704133935578624,9.850872911183277
2024-12-24 02:00:00,0.45447775904038457,13.617533230314276
2024-12-24 03:00:00,0.5315955413571425,20.890538512125964
2024-12-24 04:00:00,2.233024296228047,78.59426678694993
2024-12-24 05:00:00,1.1971664514900253,19.21234671255476
2024-12-24 06:00:00,1.4778600519122076,18.74909643141022
2024-12-24 07:00:00,1.6995438648109342,14.22335944053098
2024-12-24 08:00:00,2.0247279752675675,14.361647174119252
2024-12-24 09:00:00,1.945734765999793,17.68682291242659
2024-12-24 10:00:00,1.7103975596611882,20.114778933909943
2024-12-24 11:00:00,1.3450580472019906,20.184619613884028
2024-12-24 12:00:00,0.6831607701559896,19.379950704238848
2024-12-24 13:00:00,0.6195182525272013,18.984264859274784
2024-12-24 14:00:00,0.4038939003418278,19.546217689756247
2024-12-24 15:00:00,0.4432674706909484,9.19586172407339
2024-12-24 16:00:00,0.6102079031283656,19.27161085019005
2024-12-24 17:00:00,0.8530498477326593,17.596709869583574
2024-12-24 18:00:00,1.2656066872575333,15.862138906945516
2024-12-24 19:00:00,1.8110435772911782,27.370984328298242
2024-12-24 20:00:00,1.8588557759406494,16.241551518118435
2024-12-24 21:00:00,2.052993797216147,20.78251407516874
2024-12-24 22:00:00,1.733859781896615,27.81661446265682
2024-12-24 23:00:00,1.5502295656859844,22.788979330704258
2024-12-25 00:00:00,1.0693261469425734,17.94923663628334
2024-12-25 01:00:00,0.6166210825100221,19.56158262342781
2024-12-25 02:00:00,0.4834627928976167,21.962736422876862
2024-12-25 03:00:00,0.320392148774507,18.570116333425787
2024-12-25 04:00:00,0.5413847245946705,19.05627707581666
2024-12-25 05:00:00,0.9236639919092773,21.14714943783558
2024-12-25 06:00:00,1.2566663338579223,23.489898962282645
2024-12-25 07:00:00,1.6096742552744212,24.60591821266827
2024-12-25 08:00:00,1.6408610164865678,23.826405100808955
2024-12-25 09:00:00,1.8967530697725974,19.397785714653015
2024-12-25 10:00:00,1.903351832195659,20.148192057259433
2024-12-25 11:00:00,1.6424943263144103,31.15021774664843
2024-12-25 12:00:00,1.2070317497765157,16.197840206434478
2024-12-25 13:00:00,0.8534027313541612,11.26222709137955
2024-12-25 14:00:00,0.5994765216361035,24.76369919884685
2024-12-25 15:00:00,0.25259872257329485,27.87993689784652
2024-12-25 16:00:00,0.41579281929005163,21.841763075031196
2024-12-25 17:00:00,0.6357404509764392,19.457280843099156
2024-12-25 18:00:00,1.055856243762437,21.953301582063766
2024-12-25 19:00:00,1.5202032573698872,24.62349930711175
2024-12-25 20:00:00,1.6304142787716467,24.12469281304829
2024-12-25 21:00:00,1.935215017505619,15.307904347408886
2024-12-25 22:00:00,1.8909145328581674,15.307787671178854
2024-12-25 23:00:00,1.8557628789599347,20.277079514878565
2024-12-26 00:00:00,1.3484611955101968,9.003865859718122
2024-12-26 01:00:00,0.9135641554227856,16.928071625458067
2024-12-26 02:00:00,0.7046345722614445,17.987393360894785
2024-12-26 03:00:00,0.48630401690388225,19.981753523460913
2024-12-26 04:00:00,0.39470256193219655,16.65038045566842
2024-12-26 05:00:00,0.5215847119302536,26.224760505193984
2024-12-26 06:00:00,0.7556902981486608,26.63774782130846
2024-12-26 07:00:00,1.0456336499663135,27.44622769315997
2024-12-26 08:00:00,1.6467060201004886,22.624460906329855
2024-12-26 09:00:00,1.9709972766794248,20.01980515314589
2024-12-26 10:00:00,1.8269565827235486,11.422997109536157
2024-12-26 11:00:00,1.9154724846430562,16.697180316308756
2024-12-26 12:00:00,1.652522386378982,20.185486164099324
2024-12-26 13:00:00,1.0925871032630416,19.931139308258267
2024-12-26 14:00:00,0.9814586287613691,17.848385097437582
2024-12-26 15:00:00,0.57258745692339,12.350645573710914
2024-12-26 16:00:00,0.5878545538769776,15.888885765184547
2024-12-26 17:00:00,0.5907067770015855,12.791534192460055
2024-12-26 18:00:00,0.6480975042033962,24.323687801084
2024-12-26 19:00:00,1.2474790977824453,22.68050170060554
2024-12-26 20:00:00,1.4111550665466135,18.071986427318933
2024-12-26 21:00:00,1.7618407454624287,12.029816775491582
2024-12-26 22:00:00,1.9896457269346712,15.37407549223656
2024-12-26 23:00:00,1.8323733874897157,19.812414391679027
2024-12-27 00:00:00,1.7419743569300852,22.890535142939193
2024-12-27 01:00:00,1.1263795550398226,22.788991157073735
2024-12-27 02:00:00,0.9754610782796966,16.725019003026453
2024-12-27 03:00:00,0.6797163658896537,22.05012124283499
2024-12-27 04:00:00,0.29460277330334095,28.54888595105475
2024-12-27 05:00:00,0.5287588547629275,17.676811560665207
2024-12-27 06:00:00,0.5134875715148102,24.055618877229062
2024-12-27 07:00:00,0.7823780141214289,12.880256132939547
2024-12-27 08:00:00,1.3463086984081638,24.70272884460453
2024-12-27 09:00:00,1.7398504197504765,22.819224121029976
2024-12-27 10:00:00,1.8202296082666503,20.815139043151927
2024-12-27 11:00:00,1.9950541835899884,21.98824773529847
2024-12-27 12:00:00,1.6575442158175362,20.692307637801015
2024-12-27 13:00:00,1.5091100906680777,19.685922902459584
2024-12-27 14:00:00,1.1055033320762448,17.365403449004944
2024-12-27 15:00:00,0.7729980820431367,28.01024375450691
2024-12-27 16:00:00,0.4128254737491615,12.294573063190118
2024-12-27 17:00:00,0.3540394881057679,25.860509216307122
2024-12-27 18:00:00,0.43934601503257287,14.16937663018167
2024-12-27 19:00:00,0.9044085171749026,21.490031881237666
2024-12-27 20:00:00,1.090314280023889,23.06605630900487
2024-12-27 21:00:00,1.6626654389872324,18.918878237156417
2024-12-27 22:00:00,1.7263322380484862,22.09879646829502
2024-12-27 23:00:00,2.053675317485717,18.358807855448234
2024-12-28 00:00:00,2.006287328368265,28.650856613985695
2024-12-28 01:00:00,1.6020792039096903,9.874654325277302
2024-12-28 02:00:00,1.3024123628328914,18.944258721679923
2024-12-28 03:00:00,0.885764308685929,18.10814209845112
2024-12-28 04:00:00,0.6330401566592251,18.94855801649457
2024-12-28 05:00:00,0.1793118044845772,20.47690003482534
2024-12-28 06:00:00,0.49994353661712915,20.125958959172646
2024-12-28 07:00:00,0.7411357633324596,22.30636508875523
2024-12-28 08:00:00,0.9731185147911666,14.914558745398168
2024-12-28 09:00:00,1.2918319803406066,18.15850403415821
2024-12-28 10:00:00,1.6747832127192668,21.370136146993726
2024-12-28 11:00:00,1.9389923484851632,21.636733611837148
2024-12-28 12:00:00,1.8248364998809972,18.522675157266345
2024-12-28 13:00:00,1.8802490458472494,24.952463906609868
2024-12-28 14:00:00,1.7230389972362514,14.590470962055686
2024-12-28 15:00:00,1.1705537810139293,20.94234418703917
2024-12-28 16:00:00,0.6340255514612166,21.911819720181008
2024-12-28 17:00:00,0.32861471594927877,26.30841950526007
2024-12-28 18:00:00,0.26104028059875056,15.74286503508023
2024-12-28 19:00:00,0.48188190366950034,17.318891298037858
2024-12-28 20:00:00,0.9362690475923874,23.26250909838488
2024-12-28 21:00:00,1.3944696589259304,20.294524751331227
2024-12-28 22:00:00,1.7414034952689315,24.765719298802086
2024-12-28 23:00:00,1.826683978902384,21.18770475073549
2024-12-29 00:00:00,1.8669308357883914,15.482569920918372
2024-12-29 01:00:00,1.980055727183374,22.5901067967725
2024-12-29 02:00:00,1.7125595729943457,16.43667806582385
2024-12-29 03:00:00,1.2161267362936174,27.29602882227773
2024-12-29 04:00:00,0.7342653031680283,25.505448453297852
2024-12-29 05:00:00,0.5918426991014828,23.28820151117993
2024-12-29 06:00:00,0.4469901867013396,20.737827529367582
2024-12-29 07:00:00,0.4010008448626319,25.536002855420143
2024-12-29 08:00:00,0.7963993377504074,23.16076877721052
2024-12-29 09:00:00,1.1446088660283735,25.59784238785913
2024-12-29 10:00:00,1.705374218582653,14.356923144126347
2024-12-29 11:00:00,1.8956639254536634,19.84467706946184
2024-12-29 12:00:00,1.8012128752436536,22.86766524018771
2024-12-29 13:00:00,1.8521737057362915,13.64805864767606
2024-12-29 14:00:00,1.6353670886939682,23.549480654280952
2024-12-29 15:00:00,1.5263837374165474,20.92830506721116
2024-12-29 16:00:00,0.9991216017622764,21.845949455818495
2024-12-29 17:00:00,0.7447223092276207,24.51460845384709
2024-12-29 18:00:00,0.49632551298177874,25.0137016443514
2024-12-29 19:00:00,0.541503187371979,21.30140122789858
2024-12-29 20:00:00,0.5213719792416552,22.440222378636456
2024-12-29 21:00:00,0.9488017905611443,29.58599603548604
2024-12-29 22:00:00,1.380643548969667,18.0473639402442
2024-12-29 23:00:00,1.645390415176508,9.41616950126458
2024-12-30 00:00:00,2.0675995935521745,23.61335520750776
2024-12-30 01:00:00,2.0210477281061716,17.119113571282764
2024-12-30 02:00:00,1.5956596527296412,15.595918629753537
2024-12-30 03:00:00,1.562743496054454,27.50398180860019
2024-12-30 04:00:00,1.109164674282909,26.380717668404134
2024-12-30 05:00:00,0.6991894531522889,16.421213022231083
2024-12-30 06:00:00,0.32162712120712433,21.803189141653526
2024-12-30 07:00:00,0.3892241685470213,25.141305055074863
2024-12-30 08:00:00,0.5240021452426872,22.19219066522023
2024-12-30 09:00:00,0.6585600326524579,28.943483347022077
2024-12-30 10:00:00,1.2524830150578952,11.82231869530547
2024-12-30 11:00:00,1.5639303865257514,8.309374265928266
2024-12-30 12:00:00,1.9503335670882536,18.39086371766199
2024-12-30 13:00:00,1.9774289437248274,19.5229103621935
2024-12-30 14:00:00,1.7930906389966261,20.99607798881615
2024-12-30 15:00:00,1.6883796009277723,19.82637760687641
2024-12-30 16:00:00,1.189389947487386,20.777789941476836
2024-12-30 17:00:00,0.8341314335243953,11.141565854624503
2024-12-30 18:00:00,0.64978697823871,22.98763038711645
2024-12-30 19:00:00,0.334896158029767,35.76986255343186
2024-12-30 20:00:00,0.5768020138109393,17.38131949135908
2024-12-30 21:00:00,0.7522409583873273,14.086939541662563
2024-12-30 22:00:00,1.0926251741969168,17.62831876970362
2024-12-30 23:00:00,1.203126251866438,25.917033655896546
2024-12-31 00:00:00,1.7684369015086412,17.595467059274846
2024-12-31 01:00:00,2.0220381263408163,28.02987209329419
2024-12-31 02:00:00,2.097505025362929,16.585947129177207
2024-12-31 03:00:00,1.7275219508630697,14.351989182848742
2024-12-31 04:00:00,1.4840090712029657,21.396500124835526
2024-12-31 05:00:00,0.9828557501269699,22.211838239060445
2024-12-31 06:00:00,0.6297713041487302,21.962917007736596
2024-12-31 07:00:00,0.6470272576136593,20.458935307620422
2024-12-31 08:00:00,0.3541606386569429,23.02651572851658
2024-12-31 09:00:00,0.4520449103042416,23.436757284098302
2024-12-31 10:00:00,0.8277025850062524,26.727342929646618
2024-12-31 11:00:00,1.297269394611063,21.615908108318855
2024-12-31 12:00:00,1.5507531573146702,18.316567202680236
2024-12-31 13:00:00,1.9101739198078131,25.097646232196556
2024-12-31 14:00:00,2.010390782510226,20.534549204984458
2024-12-31 15:00:00,1.8806248049362746,25.750810417217394
2024-12-31 16:00:00,1.684233588004043,23.6051090764455
2024-12-31 17:00:00,1.2380123103619975,23.81346621924647
2024-12-31 18:00:00,0.7707151955040797,18.754742155146843
2024-12-31 19:00:00,1.955418016076242,86.33751882454031
2024-12-31 20:00:00,0.23346690074548704,17.296114431674617
2024-12-31 21:00:00,0.44938804844774083,23.572944897082532
2024-12-31 22:00:00,0.8158427803689517,16.011403441882628
2024-12-31 23:00:00,1.1095986380817466,13.396884819427454
2025-01-01 00:00:00,1.4580025579270794,19.48096087697371
2025-01-01 01:00:00,1.8580773282764051,5.718159944019309
2025-01-01 02:00:00,2.0563289128581475,17.048148621560813
2025-01-01 03:00:00,1.887566050723165,28.210399919031243
2025-01-01 04:00:00,1.832903938235186,17.634244567056893
2025-01-01 05:00:00,1.3185682848518163,21.814575154178403
2025-01-01 06:00:00,0.7919058637545203,21.466813093858995
2025-01-01 07:00:00,0.7627055629189708,21.83481615936901
2025-01-01 08:00:00,0.4409994949371217,17.086659911800947
2025-01-01 09:00:00,0.30954188765039714,20.275681676732095
2025-01-01 10:00:00,0.5988659477807514,20.872830355326617
2025-01-01 11:00:00,0.9303615474026009,18.74934155779419
2025-01-01 12:00:00,1.4019325265886005,22.98734801775491
2025-01-01 13:00:00,1.712204384703685,19.1951781260183
2025-01-01 14:00:00,2.0995950548003073,8.158548455429585
2025-01-01 15:00:00,2.013644325905078,20.86794107590976
2025-01-01 16:00:00,1.931759413156995,30.245063230196653
2025-01-01 17:00:00,1.5888923372187858,19.959762785911344
2025-01-01 18:00:00,1.0935854174261317,23.633980924166213
2025-01-01 19:00:00,0.7871444233737604,24.08404170640106
2025-01-01 20:00:00,0.4243465284536555,8.874325840549762
2025-01-01 21:00:00,0.4705617534090873,21.447020681975506
2025-01-01 22:00:00,0.6357174208447431,23.23894331376723
2025-01-01 23:00:00,0.7543422722270264,12.034719731670462
2025-01-02 00:00:00,1.213504124507938,16.057486286823256
2025-01-02 01:00:00,1.5480652919200841,18.731827669368254
2025-01-02 02:00:00,1.9630215520141356,13.890503897269086
2025-01-02 03:00:00,2.107125208650005,24.58467961724578
2025-01-02 04:00:00,1.9464339033153042,23.947603951214468
2025-01-02 05:00:00,1.763502661364487,24.604185203068127
2025-01-02 06:00:00,1.311661171311164,13.113189575803288
2025-01-02 07:00:00,0.8642228075045517,16.920047316768446
2025-01-02 08:00:00,0.639577134707769,20.213799026854122
2025-01-02 09:00:00,0.4009374721260886,21.068833286554003
2025-01-02 10:00:00,0.37800876127792626,15.029626975391126
2025-01-02 11:00:00,0.7760985740559122,20.54715866888577
2025-01-02 12:00:00,1.0266706700128532,24.104599309659786
2025-01-02 13:00:00,1.3912025243265118,18.995104510586565
2025-01-02 14:00:00,1.772502292104891,24.048510407541926
2025-01-02 15:00:00,1.9091246711317489,17.654566272125415
2025-01-02 16:00:00,2.073377831835779,21.13819701387888
2025-01-02 17:00:00,1.7639735261978438,24.259053699358343
2025-01-02 18:00:00,1.4713154499935512,24.007749869995465
2025-01-02 19:00:00,1.284732965999063,16.798734693170125
2025-01-02 20:00:00,0.8314495916663932,26.235147471082097
2025-01-02 21:00:00,0.5985664569696285,14.397485161553403
2025-01-02 22:00:00,1.8823084936690893,81.38810390787347
2025-01-02 23:00:00,0.5822735202726577,26.241681967036396
2025-01-03 00:00:00,1.0578687331074712,23.847707557257255
2025-01-03 01:00:00,1.3479095757646504,27.511545372522395
2025-01-03 02:00:00,1.5222491374961118,12.44939479055055
2025-01-03 03:00:00,1.902243873670292,21.921822076629404
2025-01-03 04:00:00,1.9358820266292205,20.671927177301704
2025-01-03 05:00:00,1.920978541274228,24.28078373821951
2025-01-03 06:00:00,1.6645845924272822,22.02181719186328
2025-01-03 07:00:00,1.1453931483272628,21.19066881722047
2025-01-03 08:00:00,0.8318994779671137,14.213456045102596
2025-01-03 09:00:00,0.41828690071282487,20.03063020828538
2025-01-03 10:00:00,0.44238255276048233,20.01274316468621
2025-01-03 11:00:00,0.5610840043056384,20.980472717018277
2025-01-03 12:00:00,0.8512114923636025,28.36652683143867
2025-01-03 13:00:00,2.654698108736451,76.2086904031645
2025-01-03 14:00:00,1.6614516580281975,29.59945210763517
2025-01-03 15:00:00,1.8198608666645861,21.667530356847372
2025-01-03 16:00:00,1.8317903965927202,16.336971584590422
2025-01-03 17:00:00,2.0011621570757145,32.46777859595435
2025-01-03 18:00:00,1.656036354446695,21.714491434723673
2025-01-03 19:00:00,1.4316193719133992,22.572959308763355
2025-01-03 20:00:00,0.8517885883598663,16.325885155157465
2025-01-03 21:00:00,0.4581093791398496,15.863785829098347
2025-01-03 22:00:00,0.4098046131430524,30.16564844859915
2025-01-03 23:00:00,0.577383315379145,19.00035038844509
2025-01-04 00:00:00,0.5023338644781947,20.900247529511258
2025-01-04 01:00:00,0.8824520985806998,18.640796429679867
2025-01-04 02:00:00,1.2935221909204981,21.038873853534835
2025-01-04 03:00:00,1.6888928100996266,15.42403128264283
2025-01-04 04:00:00,2.083658540213072,17.459646744207063
2025-01-04 05:00:00,2.0014644115565905,20.146803734949213
2025-01-04 06:00:00,1.832622645734438,18.662867546510476
2025-01-04 07:00:00,1.484319179228978,23.365737114016415
2025-01-04 08:00:00,1.2523761976170245,22.93389757489893
2025-01-04 09:00:00,0.7140582935650879,22.60562936030615
2025-01-04 10:00:00,0.45904889451893943,33.82553930590104
2025-01-04 11:00:00,0.40606882114891646,19.61631404244524
2025-01-04 12:00:00,0.5662135514091124,19.295549852806218
2025-01-04 13:00:00,0.8784975107954169,32.044168806940995
2025-01-04 14:00:00,1.4102016334459964,17.370488371438608
2025-01-04 15:00:00,1.5638409290600377,32.630294847455836
2025-01-04 16:00:00,2.014560729404584,21.242571254764172
2025-01-04 17:00:00,2.0150717060928534,19.501890552772704
2025-01-04 18:00:00,1.8718332164904337,24.91631418973597
2025-01-04 19:00:00,1.9674202840668136,18.220280782067675
2025-01-04 20:00:00,1.3075188527011063,14.548296081439211
2025-01-04 21:00:00,0.8664431875674152,24.677905786243826
2025-01-04 22:00:00,0.6332411384445923,13.294209397771915
2025-01-04 23:00:00,0.47400586516959686,21.351880460495714
2025-01-05 00:00:00,0.5215915956403576,20.59099103325483
2025-01-05 01:00:00,0.8117676264179946,11.83107856315335
2025-01-05 02:00:00,0.9458642438265992,26.746496137564584
2025-01-05 03:00:00,1.6667548756065884,24.513010916880347
2025-01-05 04:00:00,1.8457323845524538,22.266488501385894
2025-01-05 05:00:00,2.0504864238051983,12.718724163685906
2025-01-05 06:00:00,1.9880338248625486,19.924114241592598
2025-01-05 07:00:00,1.7376372133488578,23.517504481883897
2025-01-05 08:00:00,1.3908178148992818,24.050511774635766
2025-01-05 09:00:00,1.0244455892156097,10.550722684576865
2025-01-05 10:00:00,0.5060451698007433,22.080372017561032
2025-01-05 11:00:00,0.5077875396359545,15.424212549732832
2025-01-05 12:00:00,0.4617056458345478,19.349152840106942
2025-01-05 13:00:00,0.35300950032703726,19.12949768375962
2025-01-05 14:00:00,0.769563757599477,17.805089432421916
2025-01-05 15:00:00,1.361990810154701,22.95300546601003
2025-01-05 16:00:00,1.7538825033507828,19.041452632875032
2025-01-05 17:00:00,1.9093256802660077,25.153102870178834
2025-01-05 18:00:00,2.099825753556424,21.297501475223005
2025-01-05 19:00:00,1.6540558845752626,18.98958356525028
2025-01-05 20:00:00,1.8274498611916141,21.09745762774289
2025-01-05 21:00:00,1.2730258453552883,14.915196684609976
2025-01-05 22:00:00,0.9049429133795073,24.5057573231985
2025-01-05 23:00:00,0.5934196577494459,23.659353737495028
2025-01-06 00:00:00,0.6074502066470313,10.838138852904539
2025-01-06 01:00:00,0.44992655860162734,21.496040509068557
2025-01-06 02:00:00,0.7290408055694756,17.617267882038753
2025-01-06 03:00:00,1.1868580395529413,25.780377592283525
2025-01-06 04:00:00,1.39009322011071,16.130023297524268
2025-01-06 05:00:00,1.786508507248669,16.365609697666823
2025-01-06 06:00:00,1.9784431603175452,29.292001459062277
2025-01-06 07:00:00,1.9304761348070678,23.691077250661916
2025-01-06 08:00:00,1.7716019240588805,22.456711026562033
2025-01-06 09:00:00,1.3889419547339543,17.42890696657965
2025-01-06 10:00:00,0.7996810258277215,18.478713596008284
2025-01-06 11:00:00,0.6746431281329036,23.134538450597226
2025-01-06 12:00:00,0.4515614179956214,21.412042541579495
2025-01-06 13:00:00,0.3864068637395136,29.08478949806384
2025-01-06 14:00:00,0.7259744666549066,14.84021598347243
2025-01-06 15:00:00,0.9622059241099834,17.30122799642084
2025-01-06 16:00:00,1.4627675058463023,20.991633685314206
2025-01-06 17:00:00,1.8095740488618024,22.27644269785351
2025-01-06 18:00:00,2.0161505622111378,9.426710869352897
2025-01-06 19:00:00,1.8929203899635512,16.520102793046632
2025-01-06 20:00:00,1.9856968929010756,18.40737750882798
2025-01-06 21:00:00,1.3900932246280366,10.220939784346822
2025-01-06 22:00:00,1.080282899075343,15.075526503671355
2025-01-06 23:00:00,0.9113310696407366,16.479033709327013
2025-01-07 00:00:00,0.6195127616320044,18.38052083706997
2025-01-07 01:00:00,0.6261086398764393,31.478993998029374
2025-01-07 02:00:00,0.44233262618763336,21.19983432373286
2025-01-07 03:00:00,0.6348307395833204,24.36198296089701
2025-01-07 04:00:00,1.3213196861713012,16.319527168406374
2025-01-07 05:00:00,1.5323185780153932,18.198442665113014
2025-01-07 06:00:00,1.7676213328145884,23.99147093399333
2025-01-07 07:00:00,1.9548132954635435,11.932342470492044
2025-01-07 08:00:00,2.130285253819285,26.548646409824862
2025-01-07 09:00:00,1.6601124018021636,27.107327883907338
2025-01-07 10:00:00,1.1900382922372734,10.644238229214942
2025-01-07 11:00:00,0.8597362715402166,17.055132688182837
2025-01-07 12:00:00,0.4568635134781838,19.05877081341424
2025-01-07 13:00:00,0.41643799315173435,21.894269889348603
2025-01-07 14:00:00,1.9928283499509396,84.01146353169224
2025-01-07 15:00:00,0.7044517444323235,15.192734534979255
2025-01-07 16:00:00,1.0748741856907016,16.33720797418149
2025-01-07 17:00:00,1.309624670052119,14.503328579812326
2025-01-07 18:00:00,1.9359250158800319,9.084527250572616
2025-01-07 19:00:00,2.160213498580528,28.03814940251538
2025-01-07 20:00:00,2.065005937460815,20.069056698656258
2025-01-07 21:00:00,1.7992863076931085,22.29298658379637
2025-01-07 22:00:00,1.7183602007052157,29.567396132760614
2025-01-07 23:00:00,0.9857251489445826,15.35392295415296
2025-01-08 00:00:00,0.609781150982134,13.325067239852189
2025-01-08 01:00:00,0.5423259964384364,23.420120861680672
2025-01-08 02:00:00,0.2818215457701412,12.932167041769983
2025-01-08 03:00:00,0.6802231539783125,16.75039630699391
2025-01-08 04:00:00,1.0122183068843054,16.5142624327372
2025-01-08 05:00:00,1.217672617913064,21.30413104569479
2025-01-08 06:00:00,1.643364242482015,11.321713850428964
2025-01-08 07:00:00,1.796166204722929,20.96616613657734
2025-01-08 08:00:00,1.978001542549404,24.32368608541899
2025-01-08 09:00:00,3.4739691949439337,80.66574934184224
2025-01-08 10:00:00,1.7489151876223785,23.398709401769622
2025-01-08 11:00:00,1.3175350672997832,21.082332291105295
2025-01-08 12:00:00,0.7264700182900746,15.950167337958671
2025-01-08 13:00:00,0.377217198872394,14.563102012739188
2025-01-08 14:00:00,0.3199453628484224,18.01654419821861
2025-01-08 15:00:00,0.5094997370785099,14.19502813086823
2025-01-08 16:00:00,0.7136462316281396,22.215617673486236
2025-01-08 17:00:00,1.1151066054960839,23.83105458944796
2025-01-08 18:00:00,1.462087586225373,22.155590683810846
2025-01-08 19:00:00,1.7129439667397124,26.579427989668773
2025-01-08 20:00:00,1.904726577677477,21.82599116037476
2025-01-08 21:00:00,1.9229072383469348,24.282781678370416
2025-01-08 22:00:00,1.796414422408153,29.8875796995272
2025-01-08 23:00:00,1.315362686238927,9.056183561070288
2025-01-09 00:00:00,1.0228239159267916,21.253255600626233
2025-01-09 01:00:00,0.5425620795732335,23.56646273129015
2025-01-09 02:00:00,0.3878329070077989,11.323017353926279
2025-01-09 03:00:00,0.39206171405637025,21.27167503271554
2025-01-09 04:00:00,0.6195171265801018,14.568616809962549
2025-01-09 05:00:00,1.135379516154766,20.52034616528702
2025-01-09 06:00:00,1.3054151316693179,20.544897506437735
2025-01-09 07:00:00,1.7439880112794794,28.512840716670162
2025-01-09 08:00:00,2.118924198526694,22.82354700204449
2025-01-09 09:00:00,1.8872876754493546,27.194479453825142
2025-01-09 10:00:00,1.832740137844473,17.849307543889918
2025-01-09 11:00:00,1.5734927898984499,18.129470100727044
2025-01-09 12:00:00,1.0968271818790907,23.80710622346718
2025-01-09 13:00:00,0.639956439922625,15.37473504080148
2025-01-09 14:00:00,0.5327080107579535,19.609790037770644
2025-01-09 15:00:00,0.5712296051674357,15.593895779392462
2025-01-09 16:00:00,0.5129760504876418,13.071794899770326
2025-01-09 17:00:00,0.8997835808246135,21.68126865578072
2025-01-09 18:00:00,1.3443334035552348,32.86839231993478
2025-01-09 19:00:00,1.485148473250881,17.433419139947816
2025-01-09 20:00:00,1.9342755551868165,15.952788709241037
2025-01-09 21:00:00,2.095033068325826,19.431129528965364
2025-01-09 22:00:00,1.9216927878682348,20.025769652506803
2025-01-09 23:00:00,1.6262805132671696,21.497237898250656
2025-01-10 00:00:00,1.4023882577205482,22.401875589674617
2025-01-10 01:00:00,1.0815515352615315,27.592204262606366
2025-01-10 02:00:00,0.5116271327872021,20.505014528499782
2025-01-10 03:00:00,0.41683951017288895,15.234992810946313
2025-01-10 04:00:00,0.2751385829208479,10.36064289226122
2025-01-10 05:00:00,0.6821534771213791,17.818131733284808
2025-01-10 06:00:00,1.1080497880783349,20.59125324327125
2025-01-10 07:00:00,1.4863797234250231,26.393751671999123
2025-01-10 08:00:00,1.7854357851892118,19.244728203161575
2025-01-10 09:00:00,1.8943390152525554,16.631058157311422
2025-01-10 10:00:00,1.9970367865129828,16.69160561179995
2025-01-10 11:00:00,1.8950154144700648,22.80100616963887
2025-01-10 12:00:00,1.455578935142186,25.890596850538152
2025-01-10 13:00:00,1.2061137473624353,14.167971925567205
2025-01-10 14:00:00,0.7580257878226037,12.394950827225577
2025-01-10 15:00:00,0.3322724631644935,25.24889263505134
2025-01-10 16:00:00,0.2849230975921385,19.58922427685324
2025-01-10 17:00:00,0.5523993586059743,21.41047867874006
2025-01-10 18:00:00,0.8298054740729892,31.369612333286014
2025-01-10 19:00:00,1.4248430422179372,17.21692137944486
2025-01-10 20:00:00,1.7047845888827833,19.313769358966113
2025-01-10 21:00:00,1.88847831629884,21.624494793410342
2025-01-10 22:00:00,1.9499245724464358,24.40633292089976
2025-01-10 23:00:00,1.7260657701803805,14.615930403480766
2025-01-11 00:00:00,1.728154264276803,11.715515909727133
2025-01-11 01:00:00,1.2128957949046346,27.47679540695421
2025-01-11 02:00:00,0.7587037275343143,24.72366078450409
2025-01-11 03:00:00,0.48679580412323287,24.75537553415102
2025-01-11 04:00:00,0.45273665265548724,23.96075176033177
2025-01-11 05:00:00,0.47973528952864486,20.038463669195856
2025-01-11 06:00:00,0.6312707427812028,9.908664065855435
2025-01-11 07:00:00,0.9868092124787579,17.16539490862279
2025-01-11 08:00:00,1.6379025880252485,16.746915237722476
2025-01-11 09:00:00,1.9501330693868915,27.771043862987423
2025-01-11 10:00:00,2.006206515657075,29.850290250547545
2025-01-11 11:00:00,1.7812425021214944,19.41333752602975
2025-01-11 12:00:00,1.7599313730030495,15.486544783301024
2025-01-11 13:00:00,1.4563241034543684,22.905888490816135
2025-01-11 14:00:00,1.014811084614151,18.136458129528183
2025-01-11 15:00:00,0.6514030846181942,24.49568188733305
2025-01-11 16:00:00,0.44146664503385175,20.670857901634506
2025-01-11 17:00:00,0.2983979480950345,20.267791123055055
2025-01-11 18:00:00,0.8117707673664811,11.726356732090483
2025-01-11 19:00:00,1.0347618406016896,17.722636033869595
2025-01-11 20:00:00,1.5497795370357355,22.58144276739501
2025-01-11 21:00:00,1.8531577820598224,16.96448318369638
2025-01-11 22:00:00,1.9691412559606993,19.768139533758795
2025-01-11 23:00:00,2.0568417458262473,25.40502619275016
2025-01-12 00:00:00,1.8373126187071924,14.09216310047941
2025-01-12 01:00:00,1.4866402223015145,24.010130166340232
2025-01-12 02:00:00,1.1402614572511869,20.41401899164486
2025-01-12 03:00:00,0.7764917595482856,18.23033742724619
2025-01-12 04:00:00,0.30728600715965254,17.129398752233715
2025-01-12 05:00:00,0.401597631329922,27.055634744034105
2025-01-12 06:00:00,0.5563182426645873,9.709363186418283
2025-01-12 07:00:00,0.7134978955464107,15.176477471981753
2025-01-12 08:00:00,1.1277276540931405,21.949384288014222
2025-01-12 09:00:00,1.6896458373678316,22.68168386901838
2025-01-12 10:00:00,1.808392130715017,18.885585093917378
2025-01-12 11:00:00,2.1130111786565875,25.17289362930247
2025-01-12 12:00:00,1.947145303164808,19.868539935644314
2025-01-12 13:00:00,1.8019080042194773,27.988515181306447
2025-01-12 14:00:00,1.3162948987658316,22.31830895452292
2025-01-12 15:00:00,0.9066405028539173,13.68581447573354
2025-01-12 16:00:00,0.5533869183313718,21.609868035303684
2025-01-12 17:00:00,0.45508216046676614,10.703270433632937
2025-01-12 18:00:00,0.48975265557356873,18.618837733708514
2025-01-12 19:00:00,0.7404767996446576,25.458028275668543
2025-01-12 20:00:00,1.0511649603007702,19.62269594633079
2025-01-12 21:00:00,1.375864650286867,33.6820241061518
2025-01-12 22:00:00,1.4830395837019243,26.408693779583075
2025-01-12 23:00:00,1.9355668744824692,22.88901456871877
2025-01-13 00:00:00,2.1091517864994986,28.613281078398206
2025-01-13 01:00:00,1.7943870084231777,18.813487310623437
2025-01-13 02:00:00,1.463565264951417,9.84767697270569
2025-01-13 03:00:00,1.1851119548995976,20.535542611907786
2025-01-13 04:00:00,0.7693211479236314,22.632768348480596
2025-01-13 05:00:00,0.48734139944068233,24.31611826119876
2025-01-13 06:00:00,0.4077997403649896,15.6397493956833
2025-01-13 07:00:00,0.5142885252431924,16.999200023781068
2025-01-13 08:00:00,0.8365823419071192,15.473781715694132
2025-01-13 09:00:00,1.0496673161594605,21.24914902689008
2025-01-13 10:00:00,1.6087718569988885,30.734731244421333
2025-01-13 11:00:00,1.8986155884149065,21.49439536603375
2025-01-13 12:00:00,2.0842680552669264,25.17506907571908
2025-01-13 13:00:00,2.0658343015914054,26.841867481357347
2025-01-13 14:00:00,1.522552102655325,12.543378363174288
2025-01-13 15:00:00,1.1137000620879969,25.664525069458264
2025-01-13 16:00:00,0.8639186785118362,20.891653010625877
2025-01-13 17:00:00,0.5079923098707888,10.340650944568766
2025-01-13 18:00:00,0.39387428090303445,29.658882053450938
2025-01-13 19:00:00,0.5224225214698229,25.504370715851845
2025-01-13 20:00:00,0.8269384159765916,16.057454672542963
2025-01-13 21:00:00,1.2378921367896618,9.253677945660627
2025-01-13 22:00:00,3.0670275320704423,87.5758235030845
2025-01-13 23:00:00,3.3772231109025617,76.99565824675737
2025-01-14 00:00:00,2.100309190132306,18.72412200835363
2025-01-14 01:00:00,1.9771262304440558,20.128951935257852
2025-01-14 02:00:00,1.817060871515018,21.751986462180053
2025-01-14 03:00:00,1.4216089233873312,16.26870494358806
2025-01-14 04:00:00,0.9088575792690976,3.3122185712625054
2025-01-14 05:00:00,0.6360786157176077,10.356994775234119
2025-01-14 06:00:00,0.49988944760132503,25.884274603970766
2025-01-14 07:00:00,0.5280055840346092,18.082367594035926
2025-01-14 08:00:00,0.49280447079484546,17.168667051302467
2025-01-14 09:00:00,0.9874834792384171,25.74648053056822
2025-01-14 10:00:00,1.1468264671480648,23.729357717456953
2025-01-14 11:00:00,1.75242674180622,19.988053221048382
2025-01-14 12:00:00,1.9124682081627034,19.82504408685363
2025-01-14 13:00:00,2.159459284284605,15.592397328370756
2025-01-14 14:00:00,3.199359396725536,67.44590873469294
2025-01-14 15:00:00,1.474238918831798,18.939299971550554
2025-01-14 16:00:00,1.0991480648126395,17.809486074241942
2025-01-14 17:00:00,0.5469384789614867,16.38555369129409
2025-01-14 18:00:00,0.6050744360965987,14.201404381450192
2025-01-14 19:00:00,0.48336483467258634,21.127656281447642
2025-01-14 20:00:00,0.4496500988468346,15.957784019100231
2025-01-14 21:00:00,2.3214045544029442,81.5537964319289
2025-01-14 22:00:00,1.2725639650072826,23.334978169136875
2025-01-14 23:00:00,1.49477460626164,24.81744564880889
2025-01-15 00:00:00,1.8923751205752868,23.218415138535914
2025-01-15 01:00:00,1.9321154923732158,22.684665957756994
2025-01-15 02:00:00,1.8844046340516505,20.937170588396
2025-01-15 03:00:00,1.590476896536059,17.049682811879094
2025-01-15 04:00:00,1.1318973807882118,21.970852359251346
2025-01-15 05:00:00,0.8519259456902522,14.792510114546403
2025-01-15 06:00:00,0.515289497615739,20.382487681365486
2025-01-15 07:00:00,0.5289534469571469,18.914365178092993
2025-01-15 08:00:00,0.43780380968297206,19.32201599196088
2025-01-15 09:00:00,0.5484931316957604,16.96056350137237
2025-01-15 10:00:00,2.561159769937093,79.47578174444608
2025-01-15 11:00:00,1.397978667713732,12.837914004857934
2025-01-15 12:00:00,1.6524397013121568,24.661205207677995
2025-01-15 13:00:00,1.9104805696541662,10.822906077029657
2025-01-15 14:00:00,1.8930923909087887,21.901458550703662
2025-01-15 15:00:00,1.6960969603729046,25.530072940554795
2025-01-15 16:00:00,1.2823786175988419,22.459516436140486
2025-01-15 17:00:00,1.034784288540936,20.742058903659196
2025-01-15 18:00:00,0.5023678021544451,14.739250932718567
2025-01-15 19:00:00,0.324144332570802,21.416206084026076
2025-01-15 20:00:00,0.4580009558738235,33.07737094587213
2025-01-15 21:00:00,0.6325588069888425,21.629628644569472
2025-01-15 22:00:00,0.9067069146270558,22.20683438163864
2025-01-15 23:00:00,1.3350791016501697,24.332827886977626
2025-01-16 00:00:00,1.6590028378420296,23.525248453745498
2025-01-16 01:00:00,1.9720616369390371,27.061405412112336
2025-01-16 02:00:00,1.9900282371638647,16.98020054167354
2025-01-16 03:00:00,1.9418671030243422,11.382982386219345
2025-01-16 04:00:00,1.4910402501757793,15.700744181442326
2025-01-16 05:00:00,0.9247409196608043,20.022203676829832
2025-01-16 06:00:00,0.6785727826993407,20.209660706083934
2025-01-16 07:00:00,0.5576222912264713,21.97719669426569
2025-01-16 08:00:00,0.3118287526790424,9.423947699372297
2025-01-16 09:00:00,0.5195314059418716,27.95837520346927
2025-01-16 10:00:00,0.8871227362573396,19.03938156594614
2025-01-16 11:00:00,1.2066820970845435,24.00350254845546
2025-01-16 12:00:00,1.4661884011950486,35.69984540331252
2025-01-16 13:00:00,1.6321046662814997,18.261689665945475
2025-01-16 14:00:00,2.0594298276563685,21.695946809959796
2025-01-16 15:00:00,2.0234247046204312,23.167106480697008
2025-01-16 16:00:00,1.6790192375734663,24.68591855303775
2025-01-16 17:00:00,1.359406075800598,15.610270673101297
2025-01-16 18:00:00,0.9561724924300253,15.584889818833833
2025-01-16 19:00:00,0.48932247210672186,23.306283305328318
2025-01-16 20:00:00,0.3708345706689654,25.520298939974186
2025-01-16 21:00:00,0.5220028574317166,13.588708073530189
2025-01-16 22:00:00,0.8098760381600649,20.015320698192966
2025-01-16 23:00:00,0.8703033425976304,31.977215944150622
2025-01-17 00:00:00,1.4066013817288279,21.1455543871845
2025-01-17 01:00:00,1.794572179703922,18.15345994408052
2025-01-17 02:00:00,1.7546031325077365,20.70981036810429
2025-01-17 03:00:00,2.031103625728954,23.54430373946149
2025-01-17 04:00:00,1.9384318718843163,29.05231835832182
2025-01-17 05:00:00,1.5247007524594447,23.796086256017222
2025-01-17 06:00:00,1.071205336097305,17.18191718116755
2025-01-17 07:00:00,0.6887710178543115,20.574767044405213
2025-01-17 08:00:00,0.4809153729808836,17.281506159679495
2025-01-17 09:00:00,0.43383115933818894,22.49115820481451
2025-01-17 10:00:00,0.6053142733645731,21.075673668573987
2025-01-17 11:00:00,0.6777986125530837,24.13391882045581
2025-01-17 12:00:00,1.108976040517884,22.444994538283513
2025-01-17 13:00:00,1.639349916745451,21.33871102453203
2025-01-17 14:00:00,1.7938965621365421,18.780630588056468
2025-01-17 15:00:00,2.177719586301491,18.440496036099983
2025-01-17 16:00:00,1.8443978862232302,17.679451656091064
2025-01-17 17:00:00,1.6837669437389675,21.041960499719035
2025-01-17 18:00:00,1.4682850880362093,27.92168228111705
2025-01-17 19:00:00,0.9495288893792643,21.274439344066476
2025-01-17 20:00:00,0.4291928411948559,19.196425202535362
2025-01-17 21:00:00,0.48050957435953157,26.88132486123317
2025-01-17 22:00:00,0.4521944485437789,16.14616426551587
2025-01-17 23:00:00,0.7547248434525216,18.77236482392723
2025-01-18 00:00:00,1.0247391729678366,33.99099527705395
2025-01-18 01:00:00,1.385075183773376,21.405691674263164
2025-01-18 02:00:00,1.8541076951347035,18.539080143266183
2025-01-18 03:00:00,1.9294838043503277,25.05970257927529
2025-01-18 04:00:00,1.8143875570276928,17.235961769769766
2025-01-18 05:00:00,1.667700652843613,23.842669418411226
2025-01-18 06:00:00,1.460143485987852,21.36431943319628
2025-01-18 07:00:00,1.2153476564748948,16.81644753069691
2025-01-18 08:00:00,0.748306431092917,23.53449946264244
2025-01-18 09:00:00,0.3846036117152614,24.463973701868134
2025-01-18 10:00:00,0.416434922438606,23.276310299224114
2025-01-18 11:00:00,0.47515962297813474,18.47232244733969
2025-01-18 12:00:00,0.7291226961120547,14.749054428260868
2025-01-18 13:00:00,1.3078540362698394,17.060917194981517
2025-01-18 14:00:00,1.7496016300518766,24.91199471658882
2025-01-18 15:00:00,1.9084164393527479,15.217573979886392
2025-01-18 16:00:00,1.9893787565557566,23.572998794933202
2025-01-18 17:00:00,1.6866848724096113,19.040680422643334
2025-01-18 18:00:00,1.747140406746055,16.15389317399749
2025-01-18 19:00:00,1.1212838893672397,21.46600003765572
2025-01-18 20:00:00,0.9072275547524381,26.84519611645434
2025-01-18 21:00:00,0.5702375238278723,20.85653521892251
2025-01-18 22:00:00,0.33988970890339654,21.73250866603938
2025-01-18 23:00:00,0.47784000178872715,30.818518086830153
2025-01-19 00:00:00,0.843131162510238,10.65292647441046
2025-01-19 01:00:00,1.2582197228034744,18.050780266969802
2025-01-19 02:00:00,1.455178507274206,19.163856943723275
2025-01-19 03:00:00,1.8127166653251332,21.450685709182988
2025-01-19 04:00:00,2.232120249734275,23.047235931180552
2025-01-19 05:00:00,1.9919877093337315,25.936930552630756
2025-01-19 06:00:00,1.6720116019167666,27.489931612226194
2025-01-19 07:00:00,1.5607733092410232,15.637644956810696
2025-01-19 08:00:00,0.9347805525325042,21.9644946071806
2025-01-19 09:00:00,0.6869724960133541,12.850878829978756
2025-01-19 10:00:00,0.5205208771330431,21.904401997549627
2025-01-19 11:00:00,0.4687382746097552,29.380886563338468
2025-01-19 12:00:00,0.7745502768913156,12.777983505075174
2025-01-19 13:00:00,0.9931194876329428,29.64368548854496
2025-01-19 14:00:00,1.4292041868042369,23.455888715687536
2025-01-19 15:00:00,1.7120273126303114,22.84791099227513
2025-01-19 16:00:00,2.0357147959211646,15.751463171512217
2025-01-19 17:00:00,1.844624869891095,18.00144276587881
2025-01-19 18:00:00,1.6044393939768287,12.395832595329336
2025-01-19 19:00:00,1.4056255393918031,19.51191879877945
2025-01-19 20:00:00,1.1056578369790793,22.445831739459905
2025-01-19 21:00:00,0.8868228723655299,23.544171380553838
2025-01-19 22:00:00,0.49006681286066045,18.003499767341676
2025-01-19 23:00:00,0.4136398732094646,24.79735333047994
2025-01-20 00:00:00,0.40018740798697305,13.478032820075926
2025-01-20 01:00:00,0.8473727080147623,23.749950530023703
2025-01-20 02:00:00,1.2200613852101247,23.810150494132635
2025-01-20 03:00:00,1.5918692530762626,19.262443830452884
2025-01-20 04:00:00,1.9516929746229021,15.89195514993442
2025-01-20 05:00:00,2.0326374412901598,22.54280666224807
2025-01-20 06:00:00,1.866139252779102,10.955418349239785
2025-01-20 07:00:00,1.4106744024837847,11.408385267271973
2025-01-20 08:00:00,1.1689319876064908,11.778328993607843
2025-01-20 09:00:00,0.9660718698469132,16.07978860502162
2025-01-20 10:00:00,0.5787081182913132,14.17771555737832
2025-01-20 11:00:00,0.3456775497542306,28.1497230232007
2025-01-20 12:00:00,0.4588350038658191,15.75207685748142
2025-01-20 13:00:00,0.6467910177875011,27.110951836460092
2025-01-20 14:00:00,0.9998689198245508,22.605434379775016
2025-01-20 15:00:00,1.3302961183587603,19.282392642445373
2025-01-20 16:00:00,1.7949374542664174,33.78137156686101
2025-01-20 17:00:00,2.161165765422629,22.82848612676453
2025-01-20 18:00:00,1.8694455060341584,24.829459317850173
2025-01-20 19:00:00,1.7866512173225624,17.19916970524247
2025-01-20 20:00:00,1.4788906417233925,23.318316257894043
2025-01-20 21:00:00,1.1532515562110446,18.671649851661233
2025-01-20 22:00:00,0.587367337320305,23.87079395395028
2025-01-20 23:00:00,0.3382014009273159,25.18771046959199
2025-01-21 00:00:00,0.43677437219323,23.312186484584608
2025-01-21 01:00:00,0.4699486410356393,23.127300148006277
2025-01-21 02:00:00,0.7624775778745736,19.594619790252587
2025-01-21 03:00:00,1.290875667739881,20.52780876966755
2025-01-21 04:00:00,1.623672580884695,14.575227303583453
2025-01-21 05:00:00,1.8425807719959664,23.468444384646247
2025-01-21 06:00:00,2.1671136617606384,29.582887169391263
2025-01-21 07:00:00,1.7551590458027415,21.18111820945631
2025-01-21 08:00:00,1.8286886117763625,23.326763995460414
2025-01-21 09:00:00,1.060657234421359,22.293335114004663
2025-01-21 10:00:00,0.8091677790782762,21.70915549994544
2025-01-21 11:00:00,0.394827685765919,13.717817415211826
2025-01-21 12:00:00,0.3555602886772298,21.571914955695412
2025-01-21 13:00:00,0.3431440782066414,21.16419368475342
2025-01-21 14:00:00,0.8733783673138485,18.328146560294368
2025-01-21 15:00:00,1.222441091605224,14.42475004319148
2025-01-21 16:00:00,1.448891216121862,18.98233871692109
2025-01-21 17:00:00,2.0510242038865925,19.969495996996773
2025-01-21 18:00:00,1.9397012221599441,22.59519084341131
2025-01-21 19:00:00,1.9706221020961305,21.03885270948471
2025-01-21 20:00:00,1.7786103198386893,15.528295702196584
2025-01-21 21:00:00,1.4641705851734073,25.699063114397756
2025-01-21 22:00:00,0.8234837870036352,28.08983699028278
2025-01-21 23:00:00,0.6410776867694833,25.456215323793263
2025-01-22 00:00:00,0.568958898801772,18.51879310616844
2025-01-22 01:00:00,0.47600602129019925,9.859543696902715
2025-01-22 02:00:00,0.6389712258198055,21.704858252391485
2025-01-22 03:00:00,0.8112013272522255,12.347108983208354
2025-01-22 04:00:00,1.4258020499144033,23.499810697488876
2025-01-22 05:00:00,1.6872734758266872,22.620217747235596
2025-01-22 06:00:00,2.029778826180087,13.807995882281778
2025-01-22 07:00:00,2.072624725729826,27.96401981009336
2025-01-22 08:00:00,1.9903991344187104,14.069789286969495
2025-01-22 09:00:00,1.3903777915792173,21.385781566188893
2025-01-22 10:00:00,2.64620069686749,75.06735149712893
2025-01-22 11:00:00,0.8196504936220705,18.20659721147469
2025-01-22 12:00:00,0.3400210208593071,15.068320661373573
2025-01-22 13:00:00,0.5749488948105062,21.547563095402655
2025-01-22 14:00:00,0.49157127494295405,14.774770538208092
2025-01-22 15:00:00,0.9634918307598062,22.98426846784726
2025-01-22 16:00:00,1.1838898651427696,20.506180000817164
2025-01-22 17:00:00,1.4313254780469986,17.437647436238834
2025-01-22 18:00:00,1.8413815214747398,23.093778276006063
2025-01-22 19:00:00,1.9440020579743231,13.131418339264247
2025-01-22 20:00:00,1.7866722020867725,28.86042661645825
2025-01-22 21:00:00,1.6249484415882007,27.710388050024008
2025-01-22 22:00:00,1.6091934000811543,22.33742611285289
2025-01-22 23:00:00,0.8343700807298736,14.653607678311062
2025-01-23 00:00:00,0.6165057927837498,23.550702911445043
2025-01-23 01:00:00,0.5313187720519056,26.63547176802419
2025-01-23 02:00:00,0.3324820004386315,17.673479564865517
2025-01-23 03:00:00,0.6393120239135867,21.278067384670354
2025-01-23 04:00:00,1.2561677895443344,19.83970981642235
2025-01-23 05:00:00,1.319589768018858,21.859942177607724
2025-01-23 06:00:00,1.7206543821286215,26.773366337349696
2025-01-23 07:00:00,2.0959018550640427,27.732075370099082
2025-01-23 08:00:00,1.9898626349926218,16.93099976096769
2025-01-23 09:00:00,1.5556737464814303,22.132547057466166
2025-01-23 10:00:00,1.468339346700709,13.07123908137493
2025-01-23 11:00:00,1.0808082724299277,20.306090467003024
2025-01-23 12:00:00,0.684609216095008,21.971678333049727
2025-01-23 13:00:00,0.43225438937361993,24.173416113753603
2025-01-23 14:00:00,0.4245278517668338,18.810320311028747
2025-01-23 15:00:00,0.732095769491419,29.1902428565244
2025-01-23 16:00:00,0.8107762244300188,26.693732759893525
2025-01-23 17:00:00,1.4972148782099781,21.25711375390683
2025-01-23 18:00:00,1.6852926964807093,30.501620442888417
2025-01-23 19:00:00,3.461695275440369,76.63534726927863
2025-01-23 20:00:00,2.0371244154058057,22.297314311712647
2025-01-23 21:00:00,1.8615662383185907,26.676908477845288
2025-01-23 22:00:00,1.7832807956427934,34.023805604666954
2025-01-23 23:00:00,1.317757391971021,27.355383605726765
2025-01-24 00:00:00,0.732911919096487,26.084308319278264
2025-01-24 01:00:00,0.5520838374305218,25.519015304537724
2025-01-24 02:00:00,0.29333284501498735,15.24471041047845
2025-01-24 03:00:00,0.6039731152735383,15.835935011762967
2025-01-24 04:00:00,0.8577597404645896,22.10571488697825
2025-01-24 05:00:00,1.0301598158306398,15.93269918884943
2025-01-24 06:00:00,1.5308753953842555,23.81753680225015
2025-01-24 07:00:00,1.9664501461315225,26.20632015586161
2025-01-24 08:00:00,1.9664547078033447,19.865915387954182
2025-01-24 09:00:00,1.9263132966072989,26.682308071545773
2025-01-24 10:00:00,1.794691477729175,15.367473686637496
2025-01-24 11:00:00,1.4598189001532822,16.95169351821489
2025-01-24 12:00:00,1.0353999599242598,26.294499928909858
2025-01-24 13:00:00,0.5611417236752057,15.396716576852135
2025-01-24 14:00:00,0.3893129642883977,19.847828902544578
2025-01-24 15:00:00,0.4220434522245912,18.804583672774584
2025-01-24 16:00:00,0.6140042699760008,22.0762364202348
2025-01-24 17:00:00,1.0106844467396872,30.829008753263626
2025-01-24 18:00:00,1.2714146848070735,21.1908765975667
2025-01-24 19:00:00,1.6756655153514708,12.567306414911997
2025-01-24 20:00:00,2.012536473056409,19.8103665909704
2025-01-24 21:00:00,1.9839773418552455,13.824337992334488
2025-01-24 22:00:00,1.7332402181676836,22.739649364905585
2025-01-24 23:00:00,1.4323976653010462,20.318599480577497
2025-01-25 00:00:00,1.186272743267123,13.261568276395057
2025-01-25 01:00:00,0.7904707154712259,14.031203738219785
2025-01-25 02:00:00,0.6367141940400126,24.13836143080729
2025-01-25 03:00:00,0.5626786541844655,21.318613988829046
2025-01-25 04:00:00,0.4840030099133823,18.894344079343313
2025-01-25 05:00:00,0.6906263511253885,24.46319770049125
2025-01-25 06:00:00,1.0695807438434481,28.025754135097284
2025-01-25 07:00:00,1.4919134852232911,23.49173637975803
2025-01-25 08:00:00,1.8019166580297203,14.921213916107888
2025-01-25 09:00:00,1.8199675997055782,16.37973330702556
2025-01-25 10:00:00,2.039079179599882,27.281700396913845
2025-01-25 11:00:00,1.4966103479326367,29.511826686440067
2025-01-25 12:00:00,1.0851389496970618,15.26722574454016
2025-01-25 13:00:00,0.978261827984587,20.27192441220927
2025-01-25 14:00:00,0.6726953791234567,16.217207929878192
2025-01-25 15:00:00,0.4592244687573844,21.887862816543205
2025-01-25 16:00:00,0.44988374414509696,12.198990702173317
2025-01-25 17:00:00,0.6702382257389861,19.10090658050399
2025-01-25 18:00:00,1.1207666964582417,19.401981541526006
2025-01-25 19:00:00,1.4645850777577218,14.33132307494497
2025-01-25 20:00:00,1.7721980714305259,26.36314250868009
2025-01-25 21:00:00,1.9776932004043295,20.054608297629454
2025-01-25 22:00:00,1.9651687202388202,16.89790433312469
2025-01-25 23:00:00,1.8036304212628576,20.525660882054623
2025-01-26 00:00:00,1.5570163380888427,25.973242030160232
2025-01-26 01:00:00,1.0822928962257439,26.14959035390848
2025-01-26 02:00:00,0.6047292631384458,18.856302037395444
2025-01-26 03:00:00,0.4944160954177565,12.477224651445665
2025-01-26 04:00:00,0.3375304115735908,23.731096769820184
2025-01-26 05:00:00,0.8140070358508131,19.648800044747688
2025-01-26 06:00:00,0.8307988670556641,16.774593457268477
2025-01-26 07:00:00,1.1324447311471966,19.85812115333966
2025-01-26 08:00:00,1.5570656088169734,18.23293504547383
2025-01-26 09:00:00,2.1482972025124893,23.408492370801028
2025-01-26 10:00:00,2.1212553706843513,19.830973883755505
2025-01-26 11:00:00,1.8121959747901002,24.354531880796436
2025-01-26 12:00:00,1.563777290749218,23.895147643638637
2025-01-26 13:00:00,1.0747279879517238,18.488098224827958
2025-01-26 14:00:00,0.7543819079214432,27.805261711626702
2025-01-26 15:00:00,0.7096554164744282,13.518822049247879
2025-01-26 16:00:00,0.38607437970252373,16.38369386360868
2025-01-26 17:00:00,0.39222957530273994,24.76361177216095
2025-01-26 18:00:00,0.6187860551136529,24.10402055825371
2025-01-26 19:00:00,1.007584578229601,29.02730894085191
2025-01-26 20:00:00,1.5084556788088759,20.600305164676225
2025-01-26 21:00:00,1.7819672557561708,9.81638254336101
2025-01-26 22:00:00,2.210419733707689,9.966705556292627
2025-01-26 23:00:00,2.036481486347251,15.44637649290613
2025-01-27 00:00:00,1.866950914237021,22.243486659943283
2025-01-27 01:00:00,2.926853496924048,78.59461847926171
2025-01-27 02:00:00,1.0594665915455392,30.270705838985403
2025-01-27 03:00:00,0.5488496222343057,18.877461467294342
2025-01-27 04:00:00,0.538056474925006,16.711230204058594
2025-01-27 05:00:00,0.4982559944367348,17.253070689221815
2025-01-27 06:00:00,0.5952787858743823,21.836564017646523
2025-01-27 07:00:00,0.847985457594097,13.123027400043783
2025-01-27 08:00:00,1.4285492257491277,25.886774907956507
2025-01-27 09:00:00,1.857016254914733,16.648225608220127
2025-01-27 10:00:00,2.0031980584009297,30.780354463823052
2025-01-27 11:00:00,1.8848864067725382,18.752894626293077
2025-01-27 12:00:00,1.7178022609933707,22.514289168220195
2025-01-27 13:00:00,1.4577173904333371,16.72748776321107
2025-01-27 14:00:00,0.943582803139813,25.18852249761639
2025-01-27 15:00:00,2.328494995987607,75.14165283843191
2025-01-27 16:00:00,0.4040271440504252,24.134012528910155
2025-01-27 17:00:00,0.2949954022502082,10.365101841567846
2025-01-27 18:00:00,0.690711712407887,20.026619642033904
2025-01-27 19:00:00,0.6770030734493397,26.043306122880043
2025-01-27 20:00:00,1.1970524648599654,15.103086549717219
2025-01-27 21:00:00,1.5433824286928703,18.416681331824368
2025-01-27 22:00:00,1.9148569751295401,18.147619301826737
2025-01-27 23:00:00,2.0495320167782327,13.269107448654246
2025-01-28 00:00:00,1.8897105532017575,18.573554121268995
2025-01-28 01:00:00,1.7262961700880501,7.056273115047615
2025-01-28 02:00:00,1.2078541647595102,18.760163836526235
2025-01-28 03:00:00,0.8174408615192141,23.09701717967188
2025-01-28 04:00:00,0.692794610054499,15.068060653718605
2025-01-28 05:00:00,0.36452361793607835,22.134050673536002
2025-01-28 06:00:00,0.4341130031672553,29.406909643395974
2025-01-28 07:00:00,0.4874113083667265,19.26296733145545
2025-01-28 08:00:00,1.0737438006476256,16.288897629295576
2025-01-28 09:00:00,1.5015964504949417,29.70522044393458
2025-01-28 10:00:00,1.8276703949429784,21.869854870797983
2025-01-28 11:00:00,1.740185837174189,13.377525522100841
2025-01-28 12:00:00,2.0380695768901145,22.720658289322074
2025-01-28 13:00:00,1.8885933125433367,26.18791685968568
2025-01-28 14:00:00,1.3802297456110721,16.498766653539086
2025-01-28 15:00:00,1.1506524435499204,18.888046799611207
2025-01-28 16:00:00,0.619381499784779,13.498563833113716
2025-01-28 17:00:00,0.16664718798162476,17.975563225228974
2025-01-28 18:00:00,0.38009229885488494,19.34695048721605
2025-01-28 19:00:00,0.606595878632555,14.50471375217256
2025-01-28 20:00:00,0.7052161571200949,15.054493758875703
2025-01-28 21:00:00,1.2856621815199591,20.019378087097856
2025-01-28 22:00:00,1.6161424563534237,15.300171320343338
2025-01-28 23:00:00,1.8915679354149633,18.11344585606977
2025-01-29 00:00:00,2.0071307263478384,17.98043390779641
2025-01-29 01:00:00,1.9242347655364385,17.89620903898203
2025-01-29 02:00:00,1.6078291486920784,24.157896898656855
2025-01-29 03:00:00,1.07137818009243,22.635053079944818
2025-01-29 04:00:00,0.7001295632952491,16.852856318106117
2025-01-29 05:00:00,0.5180968993466751,25.971015468376912
2025-01-29 06:00:00,0.4757126469463673,21.626897032243495
2025-01-29 07:00:00,0.5220604021182126,21.070196368071564
2025-01-29 08:00:00,0.8698317381875332,24.60447260245021
2025-01-29 09:00:00,1.0567160204783634,16.44648410086294
2025-01-29 10:00:00,1.4962827477174299,25.546067242132825
2025-01-29 11:00:00,1.9144646506735756,25.93004259617018
2025-01-29 12:00:00,1.9040164889103424,19.652439948966368
2025-01-29 13:00:00,1.970918623423013,10.43923893039503
2025-01-29 14:00:00,1.6892574902369706,25.698576663224706
2025-01-29 15:00:00,1.1261575702654496,22.614261098214893
2025-01-29 16:00:00,0.9893884426190593,17.12532801411224
2025-01-29 17:00:00,0.6608834562429028,17.56600236032483
2025-01-29 18:00:00,0.3831744121494554,33.15352610070428
2025-01-29 19:00:00,0.4953586271908846,14.54801314895837
2025-01-29 20:00:00,0.47499901325828153,23.565916965058697
2025-01-29 21:00:00,1.104243249224553,20.34641332848983
2025-01-29 22:00:00,1.4073358400849525,14.74966989720386
2025-01-29 23:00:00,1.6518265044995066,21.72078162569274
2025-01-30 00:00:00,1.938952267599895,22.43022861859459
2025-01-30 01:00:00,3.5395154714262653,84.05845365273262
2025-01-30 02:00:00,1.631758579633271,25.836306930379084
2025-01-30 03:00:00,1.602952929795716,26.970080701264735
2025-01-30 04:00:00,0.9420934614063308,19.98600961975857
2025-01-30 05:00:00,0.8489046803591044,9.114330750886959
2025-01-30 06:00:00,0.39533484996583407,25.630827527977637
2025-01-30 07:00:00,0.260865252815886,19.886808677408013
2025-01-30 08:00:00,0.5945671287352515,21.578657380861188
2025-01-30 09:00:00,0.9948511904471882,24.935125352377288
2025-01-30 10:00:00,1.1469127471643992,21.955247296372924
2025-01-30 11:00:00,1.571459734296019,25.7022009412468
2025-01-30 12:00:00,1.5870760624063975,15.462246626753446
2025-01-30 13:00:00,2.1104894399530534,19.153439575070376
2025-01-30 14:00:00,2.108942007648342,19.59519892905355
2025-01-30 15:00:00,1.6634996395889903,27.736424544788882
2025-01-30 16:00:00,1.145346794357932,16.367244660386948
2025-01-30 17:00:00,0.9950676790319449,23.09910679068848
2025-01-30 18:00:00,0.4973694781988661,19.183127640610344
2025-01-30 19:00:00,0.4269433390953671,25.047446896779135
2025-01-30 20:00:00,0.6965529726210692,23.57870865989031
2025-01-30 21:00:00,0.7894195362655039,10.167164540054415
2025-01-30 22:00:00,0.9679096074715753,25.859533010135557
2025-01-30 23:00:00,1.5669297056238558,27.35546672387221
2025-01-31 00:00:00,1.799772173037684,12.405063649348236
2025-01-31 01:00:00,2.0129736605238766,12.199830909694112
2025-01-31 02:00:00,1.961099934840043,26.823647595016503
2025-01-31 03:00:00,1.9163281586212646,12.77637918920706
2025-01-31 04:00:00,1.4179113419855036,15.4880446584733
2025-01-31 05:00:00,1.169624434927667,23.706077809232788
2025-01-31 06:00:00,0.6868940836774184,18.00392639450387
2025-01-31 07:00:00,0.36223126554322826,19.833259977413793
2025-01-31 08:00:00,0.5006620934031412,9.991391150345466
2025-01-31 09:00:00,0.512618239923484,26.84054656256942
2025-01-31 10:00:00,0.8228984996622448,22.961902639072314
2025-01-31 11:00:00,1.1919242909779924,18.36460561956604
2025-01-31 12:00:00,1.726677096758918,22.213171791138958
2025-01-31 13:00:00,2.0347838242395007,28.51807620881899
2025-01-31 14:00:00,1.9944089627229347,20.157594917245728
2025-01-31 15:00:00,2.016608909176862,14.138772544756488
2025-01-31 16:00:00,1.6753222793526075,24.16579742145373
2025-01-31 17:00:00,1.2819402255526655,20.125740715722817
2025-01-31 18:00:00,0.9346261829192178,17.92080620900887
2025-01-31 19:00:00,0.6127024785806142,18.87859303081437
2025-01-31 20:00:00,0.43344814671297005,17.52765392914748
2025-01-31 21:00:00,0.3445914563152711,24.201745138502037
2025-01-31 22:00:00,0.632587137274581,26.67241723988799
2025-01-31 23:00:00,1.1574430913974394,25.005212711850497
2025-02-01 00:00:00,1.4197400027625395,18.332400408016206
2025-02-01 01:00:00,1.9908971496203294,23.421437013513316
2025-02-01 02:00:00,2.1217475532729444,16.356651652692204
2025-02-01 03:00:00,1.9573634780565299,24.53234662990254
2025-02-01 04:00:00,1.7877420292220203,20.745109221400497
2025-02-01 05:00:00,1.221500496351224,21.756611028632438
2025-02-01 06:00:00,2.3508476084870797,75.61840873603747
2025-02-01 07:00:00,0.6312800362932963,14.75638003086421
2025-02-01 08:00:00,0.3434909946612644,27.99235756080541
2025-02-01 09:00:00,0.3352498874954021,24.54921163026563
2025-02-01 10:00:00,0.6889036149311423,15.789979142024855
2025-02-01 11:00:00,1.0959856180874967,21.81015617900537
2025-02-01 12:00:00,1.2685285353090148,20.64099169141675
2025-02-01 13:00:00,1.7795603079580098,17.215884276559848
2025-02-01 14:00:00,2.0117987899109777,16.216861809041166
2025-02-01 15:00:00,2.017178029246833,18.731445806353836
2025-02-01 16:00:00,1.6825417221465144,23.814298098280872
2025-02-01 17:00:00,1.3872428621405817,16.66681723247862
2025-02-01 18:00:00,0.9411726774811271,18.876396432889187
2025-02-01 19:00:00,0.5625177222138724,24.28209356789055
2025-02-01 20:00:00,0.4093598291041071,19.17743449932864
2025-02-01 21:00:00,0.33518802398103736,13.15483236863674
2025-02-01 22:00:00,0.5548081946205088,16.784071271213662
2025-02-01 23:00:00,2.324178169587135,88.46124444638733
2025-02-02 00:00:00,1.1848824658384618,12.435014871828667
2025-02-02 01:00:00,1.5941920768362225,19.213492544112373
2025-02-02 02:00:00,1.905733168663007,11.271035613174478
2025-02-02 03:00:00,1.9405771025503067,15.55814898869075
2025-02-02 04:00:00,2.0076045470400774,19.516531988660514
2025-02-02 05:00:00,1.5981962682554753,18.476745610203466
2025-02-02 06:00:00,1.1316272706555355,12.0095976677033
2025-02-02 07:00:00,0.9090680867760189,25.885894791047857
2025-02-02 08:00:00,0.6160005062127256,25.7644871162912
2025-02-02 09:00:00,0.48042365593421643,25.457482750744738
2025-02-02 10:00:00,0.42174703165693395,14.188786932528926
2025-02-02 11:00:00,0.7308995274876328,23.744100719603956
2025-02-02 12:00:00,0.9760274708470309,20.204142287511715
2025-02-02 13:00:00,1.380888192455875,21.811939080748108
2025-02-02 14:00:00,1.8213555539448478,11.393219676030975
2025-02-02 15:00:00,1.9886844970758886,12.30143368861075
2025-02-02 16:00:00,2.1566336026251878,19.42110337242591
2025-02-02 17:00:00,1.7079542132652363,17.56410649335332
2025-02-02 18:00:00,1.4148450183462165,20.07541874562359
2025-02-02 19:00:00,1.0032361803303056,23.478603439772343
2025-02-02 20:00:00,0.6434590102781036,17.197332769857205
2025-02-02 21:00:00,0.5054308376724892,23.27985710649885
2025-02-02 22:00:00,0.424036942488839,31.469072118754283
2025-02-02 23:00:00,0.576918497601273,25.57910878892865
2025-02-03 00:00:00,0.8836827573877268,21.466011081172685
2025-02-03 01:00:00,1.2489768918944608,24.628388439223684
2025-02-03 02:00:00,1.5998798333592978,32.18752436787997
2025-02-03 03:00:00,1.9502893837939361,26.99204956313273
2025-02-03 04:00:00,2.090328636725885,16.88119739577463
2025-02-03 05:00:00,1.874733745652106,22.352190823655803
2025-02-03 06:00:00,1.5122619115867886,16.055393550563238
2025-02-03 07:00:00,1.1983430564219721,22.267029279012547
2025-02-03 08:00:00,0.882996873435501,17.86012136695531
2025-02-03 09:00:00,0.3162964166341802,9.810803434152524
2025-02-03 10:00:00,0.3806281863168113,25.345973943401436
2025-02-03 11:00:00,0.3889194336996582,21.950103549092255
2025-02-03 12:00:00,0.800832985196129,24.49364791111315
2025-02-03 13:00:00,1.2128010786292962,24.166500290346853
2025-02-03 14:00:00,1.4986519952072899,28.142529538649153
2025-02-03 15:00:00,1.9451515803267352,17.93546257154398
2025-02-03 16:00:00,1.9431358618018424,17.892246915431425
2025-02-03 17:00:00,2.030077379981518,18.474902976724554
2025-02-03 18:00:00,1.6421400412658944,28.49083272868921
2025-02-03 19:00:00,1.309795719633706,14.226425645020116
2025-02-03 20:00:00,1.0170322813220996,22.869150707492746
2025-02-03 21:00:00,0.6327580006045656,15.767320721265538
2025-02-03 22:00:00,0.48814029810375065,24.820574046471407
2025-02-03 23:00:00,0.3366654126960519,23.550266848974402
2025-02-04 00:00:00,0.6109442868208349,9.23782860958056
2025-02-04 01:00:00,0.906103436345614,22.44944390392304
2025-02-04 02:00:00,1.3956024103114144,19.608895872907794
2025-02-04 03:00:00,1.8671312662423034,21.35465967200461
2025-02-04 04:00:00,1.986016278668926,17.692042448357824
2025-02-04 05:00:00,2.0690049055372337,21.58310219349565
2025-02-04 06:00:00,1.72736331334593,19.76816726346313
2025-02-04 07:00:00,1.6058141794746608,17.766011998954493
2025-02-04 08:00:00,1.1454500603625861,16.72987521015527
2025-02-04 09:00:00,2.2119606030214025,70.72849462712627
2025-02-04 10:00:00,0.4230241166695163,17.738622844417623
2025-02-04 11:00:00,0.2423421068360554,15.141904063246537
2025-02-04 12:00:00,0.5586151047080191,17.069478647371373
2025-02-04 13:00:00,0.8344086469910731,21.427405174638512
2025-02-04 14:00:00,1.2039267747480247,11.145768775103967
2025-02-04 15:00:00,1.4535637134752064,18.010195273997272
2025-02-04 16:00:00,1.7134827001890094,17.911990864637474
2025-02-04 17:00:00,1.9359435824086426,21.73325448525252
2025-02-04 18:00:00,1.99622323801254,18.27066907916766
2025-02-04 19:00:00,1.5943959834567747,18.370223804120112
2025-02-04 20:00:00,1.318181717987254,21.318248820688176
2025-02-04 21:00:00,0.773996670856839,24.450060255326964
2025-02-04 22:00:00,0.5639873876315075,19.4688919730031
2025-02-04 23:00:00,0.34179376760892605,22.456002227063387
2025-02-05 00:00:00,0.38298297773217965,24.258298612522275
2025-02-05 01:00:00,0.8899682798997612,25.356157021076754
2025-02-05 02:00:00,0.9242365505139974,26.83977911314833
2025-02-05 03:00:00,1.4234798948082603,17.329251355851063
2025-02-05 04:00:00,1.8212765734528837,14.144661203573321
2025-02-05 05:00:00,2.0873837890170197,24.531991737879558
2025-02-05 06:00:00,2.125437450954736,19.45525991220249
2025-02-05 07:00:00,1.677458289042639,20.653102301249735
2025-02-05 08:00:00,1.267389636878662,26.808663070051814
2025-02-05 09:00:00,1.0447810892978293,13.76880125936001
2025-02-05 10:00:00,0.6898643301059896,13.606450954274512
2025-02-05 11:00:00,0.6275797647217158,15.671531857614628
2025-02-05 12:00:00,0.53983585033558,26.198586674710693
2025-02-05 13:00:00,0.758506446548783,22.153393331009198
2025-02-05 14:00:00,0.9837788723160543,17.040455686953575
2025-02-05 15:00:00,1.2936906461764828,19.990731379744805
2025-02-05 16:00:00,1.5133192344761561,22.03933114390353
2025-02-05 17:00:00,1.942398782479329,20.091883419621656
2025-02-05 18:00:00,2.1972360563247135,16.591483874317518
2025-02-05 19:00:00,1.818299195380927,13.630391383629517
2025-02-05 20:00:00,1.549270431607832,16.009876723860238
2025-02-05 21:00:00,1.2201299092462219,17.194915194249116
2025-02-05 22:00:00,0.83478385264672,18.15275112131998
2025-02-05 23:00:00,0.3579310065203154,22.594897787961223
2025-02-06 00:00:00,0.24028271313112462,16.708381166501162
2025-02-06 01:00:00,0.5018612746628937,21.67516784892571
2025-02-06 02:00:00,0.7292216896455754,15.984791078388906
2025-02-06 03:00:00,1.2600371825086027,23.537958849911217
2025-02-06 04:00:00,1.4857372834845828,13.300093359929896
2025-02-06 05:00:00,1.8195941228423538,17.279695285346715
2025-02-06 06:00:00,2.097495448774888,14.381966243546863
2025-02-06 07:00:00,2.0380723749037695,24.12637695214847
2025-02-06 08:00:00,1.7639270848217203,21.165779404319995
2025-02-06 09:00:00,1.3067124595640842,22.128925620662216
2025-02-06 10:00:00,1.04134947604249,16.43488989169049
2025-02-06 11:00:00,0.6866590105339333,15.981579164970727
2025-02-06 12:00:00,0.4882140269205124,21.157520553492308
2025-02-06 13:00:00,0.40190933642610976,16.496246426178416
2025-02-06 14:00:00,0.6639265196046679,16.76101012899574
2025-02-06 15:00:00,0.9034372112318646,12.459446637141188
2025-02-06 16:00:00,1.256274833527131,21.850651023125607
2025-02-06 17:00:00,1.6844453239943757,23.037368963189362
2025-02-06 18:00:00,1.862075481687274,17.00588818417559
2025-02-06 19:00:00,2.024436243429853,11.210272849023244
2025-02-06 20:00:00,3.1978145681329697,72.65680581463293
2025-02-06 21:00:00,1.4670639004458437,19.754322344276932
2025-02-06 22:00:00,1.1085819748709198,21.572543299408366
2025-02-06 23:00:00,0.7800307255148093,23.263099245970928
2025-02-07 00:00:00,0.5319672775978521,19.763443643029774
2025-02-07 01:00:00,0.4796062698174825,19.186936196204563
2025-02-07 02:00:00,0.6097819271040333,14.800953999225616
2025-02-07 03:00:00,0.8025588331341628,10.023247500096957
2025-02-07 04:00:00,1.218757997488224,28.890852181426492
2025-02-07 05:00:00,1.478160920165326,13.24695378612458
2025-02-07 06:00:00,1.991988611358333,17.373453826979837
2025-02-07 07:00:00,1.9899413722306274,37.364947793893705
2025-02-07 08:00:00,2.0004229993357234,21.352092149185143
2025-02-07 09:00:00,1.5525790190883009,25.231638365512122
2025-02-07 10:00:00,1.240360298011379,26.458855102922605
2025-02-07 11:00:00,0.8717047920872002,19.062739437656177
2025-02-07 12:00:00,0.44630587913856024,20.771036808270583
2025-02-07 13:00:00,0.23032584320352423,23.35491833668435
2025-02-07 14:00:00,0.5233118331352405,25.92607934766397
2025-02-07 15:00:00,0.6761392382991105,23.29412717348856
2025-02-07 16:00:00,1.1144745364023594,19.36289195177883
2025-02-07 17:00:00,1.3474665696904007,8.1015463619182
2025-02-07 18:00:00,1.7909012709997343,22.12957650977782
2025-02-07 19:00:00,2.133270756064595,26.452369409597885
2025-02-07 20:00:00,1.9537029226235625,20.08027993130308
2025-02-07 21:00:00,1.7761411279635702,28.907516148653443
2025-02-07 22:00:00,1.285470084018653,30.777121646841543
2025-02-07 23:00:00,0.9000601320607596,11.751591770870364
2025-02-08 00:00:00,0.806219179957816,19.956905554370163
2025-02-08 01:00:00,0.4696955380776302,27.343652126813218
2025-02-08 02:00:00,0.39551253319048174,24.201912860517705
2025-02-08 03:00:00,0.44499625203509047,15.916996276181386
2025-02-08 04:00:00,0.9111199236955152,15.508762794243177
2025-02-08 05:00:00,1.2796339426817422,18.972583600168957
2025-02-08 06:00:00,1.748340913859633,17.427698737396803
2025-02-08 07:00:00,1.9491576845793908,26.349667489820696
2025-02-08 08:00:00,2.0655764864657145,26.128778821098592
2025-02-08 09:00:00,1.7991507727313572,15.13823603662038
2025-02-08 10:00:00,1.5802381932886598,23.294976853388206
2025-02-08 11:00:00,1.1534037594897655,21.868392627437373
2025-02-08 12:00:00,0.8567065338648429,20.751980381153246
2025-02-08 13:00:00,0.4454423522208114,20.50578616974247
2025-02-08 14:00:00,0.3224806553009884,20.657125101141474
2025-02-08 15:00:00,0.565448874808531,21.917727230625015
2025-02-08 16:00:00,0.7665199072454568,24.3130654298521
2025-02-08 17:00:00,1.0033451537744542,19.27106004668627
2025-02-08 18:00:00,1.4210682738959217,15.75139031126184
2025-02-08 19:00:00,1.9188906268856547,9.69981771675555
2025-02-08 20:00:00,2.034619621384567,13.472024467403676
2025-02-08 21:00:00,1.9800466789406976,26.69383050105135
2025-02-08 22:00:00,1.8187162780848165,17.442209241210612
2025-02-08 23:00:00,1.4764679784731802,21.58107893920605
2025-02-09 00:00:00,0.9008493636139142,17.57748390018127
2025-02-09 01:00:00,0.5379057495129856,14.267598214038788
2025-02-09 02:00:00,0.32213420764405726,20.8999789374351
2025-02-09 03:00:00,0.4811567002006423,14.054161935207123
2025-02-09 04:00:00,0.6778413115281297,21.50264046205192
2025-02-09 05:00:00,1.051171960978475,21.84482372468878
2025-02-09 06:00:00,1.4721535301163733,25.20497413741426
2025-02-09 07:00:00,1.7189028559755661,17.950752568702836
2025-02-09 08:00:00,1.9118975261154785,19.303330323561354
2025-02-09 09:00:00,2.1589622965388284,17.461443998425835
2025-02-09 10:00:00,1.8486102870244825,11.92847905128452
2025-02-09 11:00:00,1.5217280512769233,19.87882565498966
2025-02-09 12:00:00,1.1501266472092677,19.453182116285333
2025-02-09 13:00:00,0.7655947990719144,18.2955125005801
2025-02-09 14:00:00,0.5201155403770401,22.787832887416048
2025-02-09 15:00:00,0.44944628570878287,21.154455480801673
2025-02-09 16:00:00,0.37801319212756934,15.894297702377528
2025-02-09 17:00:00,0.8240431605793472,18.438072478067998
2025-02-09 18:00:00,1.2251181870506986,10.21537300245479
2025-02-09 19:00:00,1.50359921504832,21.352879954637125
2025-02-09 20:00:00,1.76304864648283,19.865540350528597
2025-02-09 21:00:00,1.9166185382894625,20.671024829149015
2025-02-09 22:00:00,1.9464999996447085,26.794519700528863
2025-02-09 23:00:00,1.630653790944193,21.56956929417637
2025-02-10 00:00:00,1.4261270460466755,21.348339452538085
2025-02-10 01:00:00,0.7276191928199816,13.691963119529102
2025-02-10 02:00:00,0.6004244588849516,14.09191022302796
2025-02-10 03:00:00,0.5332037620213005,19.972682863267043
2025-02-10 04:00:00,0.44519360946012737,16.25009080524978
2025-02-10 05:00:00,0.6296082138392765,27.023771467025988
2025-02-10 06:00:00,1.0780245510912494,21.881563587014902
2025-02-10 07:00:00,1.3466458885351116,22.090960202580973
2025-02-10 08:00:00,1.9241043721786653,27.436501755879558
2025-02-10 09:00:00,1.7997041195331576,17.689623361072268
2025-02-10 10:00:00,2.0322268733631033,23.243891874332867
2025-02-10 11:00:00,1.919642551585802,23.26493383541646
2025-02-10 12:00:00,1.4860457042486468,14.997232942354792
2025-02-10 13:00:00,1.0038835895465381,18.170553651820203
2025-02-10 14:00:00,0.6710018738706649,22.911314966840155
2025-02-10 15:00:00,0.6061408342123018,33.57497732236601
2025-02-10 16:00:00,0.48571375017950186,17.80351378635541
2025-02-10 17:00:00,0.571861426394397,26.156182061112467
2025-02-10 18:00:00,0.9711948592582424,12.282384987103196
2025-02-10 19:00:00,1.223919396440775,17.809531934143646
2025-02-10 20:00:00,1.7138107238185711,15.379129525457403
2025-02-10 21:00:00,1.7953430297449273,30.982860562580452
2025-02-10 22:00:00,1.8970618718062633,29.702842305244065
2025-02-10 23:00:00,1.9595354356389711,16.471811333566414
2025-02-11 00:00:00,1.6465513452795126,23.875278966454207
2025-02-11 01:00:00,1.1772120677337305,28.16808943985197
2025-02-11 02:00:00,0.7139397714029313,22.235263508412547
2025-02-11 03:00:00,0.47386601983440746,16.37956252056026
2025-02-11 04:00:00,0.3342136607931998,12.165032087228944
2025-02-11 05:00:00,0.29417431368955216,20.367804336804074
2025-02-11 06:00:00,2.3255393051684097,84.43164569960152
2025-02-11 07:00:00,1.1950839318292759,10.882461389715031
2025-02-11 08:00:00,1.4488377757361137,21.560610627058892
2025-02-11 09:00:00,1.8424169164550002,18.105813532532277
2025-02-11 10:00:00,2.055793885216646,21.090963092015777
2025-02-11 11:00:00,1.8869305385209925,17.871321822728458
2025-02-11 12:00:00,1.6112452997807645,27.00905471935456
2025-02-11 13:00:00,1.106275498356711,24.204493658593204
2025-02-11 14:00:00,1.1040463621436694,20.829103118788506
2025-02-11 15:00:00,0.4507417164073632,16.063783842305902
2025-02-11 16:00:00,0.40576943250479985,19.040037648931776
2025-02-11 17:00:00,0.3965776479038858,34.531251831562564
2025-02-11 18:00:00,0.6862288210219692,28.83783338635982
2025-02-11 19:00:00,1.006647688269426,24.441307105710344
2025-02-11 20:00:00,1.360197173087314,14.73564097272055
2025-02-11 21:00:00,1.863611196874577,13.321603059493743
2025-02-11 22:00:00,1.9507818790905618,23.08533604362284
2025-02-11 23:00:00,2.065025630437651,18.302599728554743
2025-02-12 00:00:00,1.6737375896714215,13.222135682194597
2025-02-12 01:00:00,1.4903433818321832,23.836449727993273
2025-02-12 02:00:00,1.1066866264281967,23.423962575084957
2025-02-12 03:00:00,0.7596030667869911,19.89245740142689
2025-02-12 04:00:00,0.42285570522111277,27.74047707188053
2025-02-12 05:00:00,0.4092486384172443,23.074126416150065
2025-02-12 06:00:00,0.5436672040128737,16.354122638674085
2025-02-12 07:00:00,0.981577692391423,14.88668256459226
2025-02-12 08:00:00,1.2122090032531925,24.92797373465178
2025-02-12 09:00:00,1.6276852017394319,14.355488806202215
2025-02-12 10:00:00,1.9517505635520211,15.360754667636861
2025-02-12 11:00:00,2.0445508773443826,20.674101313035717
2025-02-12 12:00:00,1.993870758973289,19.227909195449712
2025-02-12 13:00:00,1.7524447376140706,24.57397839087632
2025-02-12 14:00:00,1.3851437524876467,22.648727743106566
2025-02-12 15:00:00,1.0215679466252456,16.360515223578478
2025-02-12 16:00:00,0.42051194230195527,12.804273607215283
2025-02-12 17:00:00,0.3816437038915745,18.923992400995342
2025-02-12 18:00:00,0.6484633948282207,15.961270229043734
2025-02-12 19:00:00,0.6015569180151895,21.13474646512866
2025-02-12 20:00:00,1.1292424828358318,18.31502809950763
2025-02-12 21:00:00,1.3059173811495772,14.581461874907518
2025-02-12 22:00:00,1.6004479110955607,17.050376910647707
2025-02-12 23:00:00,1.90069573933567,30.375195722814446
2025-02-13 00:00:00,1.8133139542434276,15.883592715451929
2025-02-13 01:00:00,1.9006728501446992,24.224992789352527
2025-02-13 02:00:00,2.923055260790817,79.36999120985816
2025-02-13 03:00:00,0.8602513172779866,22.964505921196018
2025-02-13 04:00:00,0.6704665211335125,20.467223443854362
2025-02-13 05:00:00,0.4683159965812151,15.776188765279198
2025-02-13 06:00:00,2.026800664243247,75.65962082402984
2025-02-13 07:00:00,0.750421318183031,20.3048883740704
2025-02-13 08:00:00,0.8637932174972974,25.70707504893813
2025-02-13 09:00:00,1.290190373327363,19.70647898940818
2025-02-13 10:00:00,1.8583098638049742,19.621399815830756
2025-02-13 11:00:00,1.8798153713168564,24.237878936008403
2025-02-13 12:00:00,1.9739540842725025,23.554496690634696
2025-02-13 13:00:00,1.783965463180972,8.962477204985106
2025-02-13 14:00:00,1.4139141769080221,15.034976402557529
2025-02-13 15:00:00,1.231649330003139,23.739038631384734
2025-02-13 16:00:00,0.8114868614571363,27.347798625216676
2025-02-13 17:00:00,0.5864674958427952,10.757889427653456
2025-02-13 18:00:00,0.3089922781169867,15.993388983683214
2025-02-13 19:00:00,0.5900398830787019,21.169610391737866
2025-02-13 20:00:00,0.7406974281294234,22.965102619450292
2025-02-13 21:00:00,1.1903279916983784,19.33857500651291
2025-02-13 22:00:00,1.4573905599929264,27.190373957386583
2025-02-13 23:00:00,1.7050168502962286,19.938019803070667
2025-02-14 00:00:00,1.9195579480547316,10.742052278147659
2025-02-14 01:00:00,2.0825719327512697,13.692758119415966
2025-02-14 02:00:00,1.7894611634228572,22.704371287513816
2025-02-14 03:00:00,1.4450271308749245,19.422034651651686
2025-02-14 04:00:00,0.8638761375674816,17.075842248694794
2025-02-14 05:00:00,0.5565740586776896,24.250876771508924
2025-02-14 06:00:00,0.2129790615575946,13.94200539041895
2025-02-14 07:00:00,0.44527904660417184,19.103997769351036
2025-02-14 08:00:00,0.6379742711723966,21.574027391229563
2025-02-14 09:00:00,0.8951450337292063,19.051842951686595
2025-02-14 10:00:00,1.4481209512702002,22.019515836160945
2025-02-14 11:00:00,1.681039221421372,13.981679937443714
2025-02-14 12:00:00,1.9938068468121777,24.79124466294258
2025-02-14 13:00:00,1.9703358589447721,26.81763233320379
2025-02-14 14:00:00,1.8209358866405727,25.73174009287673
2025-02-14 15:00:00,1.5719782405174427,22.684376396509812
2025-02-14 16:00:00,0.9547097092740366,7.851151509943168
2025-02-14 17:00:00,0.615937101265138,22.67253314941481
2025-02-14 18:00:00,0.5925571383560392,19.84362307591534
2025-02-14 19:00:00,0.27528033932541796,32.06188550325469
2025-02-14 20:00:00,0.4301076061288623,19.214188635781593
2025-02-14 21:00:00,0.8045828673665496,26.56892675689544
2025-02-14 22:00:00,1.030111439514837,18.879279005450485
2025-02-14 23:00:00,1.5148367760820565,18.633360462078787
2025-02-15 00:00:00,1.7881725758640108,18.89529151956212
2025-02-15 01:00:00,1.8199349320694624,22.39518921966201
2025-02-15 02:00:00,2.1248239289918693,13.134033773095927
2025-02-15 03:00:00,1.5701952527777383,20.143724644719804
2025-02-15 04:00:00,1.13002071231128,21.480711539506114
2025-02-15 05:00:00,0.8284508028044892,18.926076147018478
2025-02-15 06:00:00,0.4822413913002048,13.324355125245813
2025-02-15 07:00:00,0.19729367020661084,18.220240747350488
2025-02-15 08:00:00,0.25403298996903945,18.976638326268752
2025-02-15 09:00:00,0.5889965646794902,23.288529930679726
2025-02-15 10:00:00,1.046193007767584,27.18568921570951
2025-02-15 11:00:00,1.3676989910899007,25.666810959303767
2025-02-15 12:00:00,1.7900558060663359,16.870431194054373
2025-02-15 13:00:00,1.899468532334267,20.5660908162462
2025-02-15 14:00:00,2.062494422858795,19.371167751279494
2025-02-15 15:00:00,1.79722137770347,14.15985480620975
2025-02-15 16:00:00,1.4221575698952666,17.418558292232692
2025-02-15 17:00:00,1.208078956823786,25.97521512187961
2025-02-15 18:00:00,0.7948579971712958,21.694359226458488
2025-02-15 19:00:00,0.4061640579045416,19.289429280127514
2025-02-15 20:00:00,0.41284633584820296,18.410818123417922
2025-02-15 21:00:00,0.39777584954524814,24.03957520004567
2025-02-15 22:00:00,0.9681482363626828,30.61951873072539
2025-02-15 23:00:00,1.2756103240311847,18.405879131215748
2025-02-16 00:00:00,1.7443296172562994,21.880979809433647
2025-02-16 01:00:00,1.9650699985346785,26.572441568835313
2025-02-16 02:00:00,1.9882572024731735,16.461753132210887
2025-02-16 03:00:00,1.906319307446204,24.849488934695643
2025-02-16 04:00:00,1.52689169856584,11.195728431762374
2025-02-16 05:00:00,1.3570557707720299,19.391572090625406
2025-02-16 06:00:00,0.7237786108368401,14.968321820190287
2025-02-16 07:00:00,0.48043497361947085,17.359723417550352
2025-02-16 08:00:00,0.4881736851260171,16.27588639955698
2025-02-16 09:00:00,0.4343218547454601,21.084780302266974
2025-02-16 10:00:00,0.6435722004526495,23.010931330980466
2025-02-16 11:00:00,1.040277163237259,22.392638961963886
2025-02-16 12:00:00,1.614902443305331,21.496573176838503
2025-02-16 13:00:00,1.9014587518304036,24.670485517539383
2025-02-16 14:00:00,2.0377336166281914,18.880438641374504
2025-02-16 15:00:00,1.8752431576838997,18.25264721469614
2025-02-16 16:00:00,1.6150076323185039,20.5589062751211
2025-02-16 17:00:00,1.3601413309848245,13.596281329718437
2025-02-16 18:00:00,0.9662134712642821,17.44834692829409
2025-02-16 19:00:00,0.6515556867062613,19.761006369181576
2025-02-16 20:00:00,0.43513386826877787,20.724933366886034
2025-02-16 21:00:00,0.6803171899776983,24.81344557429287
2025-02-16 22:00:00,0.6481678487994869,21.50576221873854
2025-02-16 23:00:00,1.0765834791977764,17.394857043486333
2025-02-17 00:00:00,1.4019086603827797,19.094552959177722
2025-02-17 01:00:00,1.885681715592671,17.673736156167955
2025-02-17 02:00:00,1.8867380865303953,20.202262845957307
2025-02-17 03:00:00,2.0810539422692753,30.34727275458086
2025-02-17 04:00:00,1.8154633651657248,16.414327549733233
2025-02-17 05:00:00,1.650651015565776,27.972101100643393
2025-02-17 06:00:00,1.1276537382305543,17.792496546837516
2025-02-17 07:00:00,0.6788784791416944,19.680477016458653
2025-02-17 08:00:00,0.3964055881702374,22.525236852379333
2025-02-17 09:00:00,0.2637442980792053,26.11892667003871
2025-02-17 10:00:00,0.5098197106648545,16.376001299908808
2025-02-17 11:00:00,0.7471721182725444,14.108477240652737
2025-02-17 12:00:00,1.2178393142499193,11.824329857964935
2025-02-17 13:00:00,1.6230285660263717,17.193095231090822
2025-02-17 14:00:00,1.826063973778838,14.386093526999655
2025-02-17 15:00:00,2.0849063086647432,20.962100846603526
2025-02-17 16:00:00,1.8258843135965952,12.97395275422486
2025-02-17 17:00:00,1.3830574915551412,21.344361777459795
2025-02-17 18:00:00,1.1315089937491225,22.435467521335585
2025-02-17 19:00:00,0.7261997676754998,20.609191050927695
2025-02-17 20:00:00,0.7764781479429136,13.29841670851554
2025-02-17 21:00:00,0.4332860434864932,20.916463028474446
2025-02-17 22:00:00,0.3421085956365424,13.965115177124128
2025-02-17 23:00:00,0.6317258819019349,17.013507374770057
2025-02-18 00:00:00,1.0279024142184445,20.471985194968042
2025-02-18 01:00:00,1.346060780829056,17.910189672646702
2025-02-18 02:00:00,1.8399562348537717,24.152182378463742
2025-02-18 03:00:00,1.9314357575812395,21.78349273317315
2025-02-18 04:00:00,2.1377094807222585,26.947390257189813
2025-02-18 05:00:00,1.7601719614061273,13.27465722667664
2025-02-18 06:00:00,1.3323068592334981,16.34087511475438
2025-02-18 07:00:00,1.0621208222250382,26.217851027906157
2025-02-18 08:00:00,2.340398743445849,83.11627417197552
2025-02-18 09:00:00,0.4799681766765425,17.9789539121389
2025-02-18 10:00:00,0.37991303976421725,12.165938347902403
2025-02-18 11:00:00,0.41769300123032965,28.353118992788552
2025-02-18 12:00:00,1.002115381224001,22.080586025351376
2025-02-18 13:00:00,1.2876164110702,23.53171069937689
2025-02-18 14:00:00,1.8149774019200202,26.936338796399383
2025-02-18 15:00:00,2.0251010774423133,22.99315447359939
2025-02-18 16:00:00,1.8747346766415136,18.452186167993062
2025-02-18 17:00:00,1.6919806950707916,16.95726884655362
2025-02-18 18:00:00,1.6123807004599506,12.603314658492511
2025-02-18 19:00:00,1.1338691057294212,15.377080761295487
2025-02-18 20:00:00,0.6901444131974104,21.066200427198403
2025-02-18 21:00:00,2.003047014499531,77.88510844670769
2025-02-18 22:00:00,0.6055283023394136,29.030645860874102
2025-02-18 23:00:00,0.3976502561473504,22.38638244484
2025-02-19 00:00:00,0.8080844729861492,14.201187547394044
2025-02-19 01:00:00,1.3083523584049557,17.962874552094014
2025-02-19 02:00:00,1.566377935946431,13.963992111245863
2025-02-19 03:00:00,1.7356980477623491,21.883685091380528
2025-02-19 04:00:00,1.9637341729267164,22.25998542711363
2025-02-19 05:00:00,1.9666142908706215,22.699010971394014
2025-02-19 06:00:00,1.7213705986028978,18.54652302764881
2025-02-19 07:00:00,1.3538932313584406,20.00319092023533
2025-02-19 08:00:00,1.0769017935739251,11.01978904048437
2025-02-19 09:00:00,0.4930390381990236,14.393982469305119
2025-02-19 10:00:00,0.5279991858727772,17.081839235377814
2025-02-19 11:00:00,0.41379899467682985,15.579223790506193
2025-02-19 12:00:00,0.5336458454386553,15.546073532917514
2025-02-19 13:00:00,1.1032347779057925,13.616065050543838
2025-02-19 14:00:00,1.2923553115114252,21.985969698265972
2025-02-19 15:00:00,1.787463978779526,31.284305271844797
2025-02-19 16:00:00,2.0660012674864334,24.722887562140677
2025-02-19 17:00:00,2.2119317005894943,24.949976405330645
2025-02-19 18:00:00,1.8363668385799508,24.822596528107866
2025-02-19 19:00:00,1.519071430812162,19.11089726995579
2025-02-19 20:00:00,1.1749371559209998,20.61575117053013
2025-02-19 21:00:00,0.8141429667646451,15.370008726899428
2025-02-19 22:00:00,0.4912469511456522,22.92847112351431
2025-02-19 23:00:00,0.2905621306786165,24.47782857732371
2025-02-20 00:00:00,0.4897605344900827,26.99786351355816
2025-02-20 01:00:00,0.8344902760747015,30.105641235876192
2025-02-20 02:00:00,1.2458404458229058,23.260352773977957
2025-02-20 03:00:00,1.7387583217319917,17.443890262708692
2025-02-20 04:00:00,1.8984940578093246,16.5615099760869
2025-02-20 05:00:00,1.8200429091187522,26.684965253011626
2025-02-20 06:00:00,1.786714835700467,15.31839124392792
2025-02-20 07:00:00,1.716824848110933,33.08011938947092
2025-02-20 08:00:00,1.2223780170419718,17.159086873931223
2025-02-20 09:00:00,0.720816797748166,25.407099314578872
2025-02-20 10:00:00,0.7440909698465491,30.450807039390202
2025-02-20 11:00:00,0.4805014517035613,19.500049285923783
2025-02-20 12:00:00,0.3550241861706128,20.39350508750512
2025-02-20 13:00:00,0.5742126031221052,14.101629605605096
2025-02-20 14:00:00,1.0753480018473882,20.014352746251678
2025-02-20 15:00:00,1.2040980353400998,18.65769038872887
2025-02-20 16:00:00,1.6434574222313854,18.481513115201757
2025-02-20 17:00:00,1.8509494721893325,15.711163993339383
2025-02-20 18:00:00,3.4433739489061868,78.02553151943032
2025-02-20 19:00:00,1.797606502575093,20.55237011403598
2025-02-20 20:00:00,1.335527118455004,21.319019746513217
2025-02-20 21:00:00,0.9529918671098454,19.455664145177646
2025-02-20 22:00:00,0.5928816454615404,24.031080078182246
2025-02-20 23:00:00,0.45870964457214736,24.069959232725395
2025-02-21 00:00:00,0.2634778705769403,29.50064385404698
2025-02-21 01:00:00,0.5334247263723103,14.134076956492237
2025-02-21 02:00:00,0.8028214099609919,19.841726407686437
2025-02-21 03:00:00,1.1862462746965685,22.556826674531322
2025-02-21 04:00:00,1.7246472043120555,23.913575684422
2025-02-21 05:00:00,1.8441102671209118,22.10274027002056
2025-02-21 06:00:00,1.8730049190833362,23.67344150838259
2025-02-21 07:00:00,1.9719759042271519,7.355228337797662
2025-02-21 08:00:00,1.387656504278615,25.76498247173586
2025-02-21 09:00:00,1.266450003576927,19.237475413740295
2025-02-21 10:00:00,0.7853189479506923,15.442305392769784
2025-02-21 11:00:00,0.5196952206422222,22.60971708855449
2025-02-21 12:00:00,0.547061026963535,13.002216099291658
2025-02-21 13:00:00,0.5323909071546601,26.98317392580869
2025-02-21 14:00:00,0.8997377795657518,21.508100422422622
2025-02-21 15:00:00,1.0321966727810976,18.158625420385288
2025-02-21 16:00:00,1.5128299611894827,21.399612460430962
2025-02-21 17:00:00,3.3679254516241186,70.13597102788835
2025-02-21 18:00:00,1.926932986016179,20.629654346041626
2025-02-21 19:00:00,1.886314465157822,18.856129001267764
2025-02-21 20:00:00,1.6651298619035073,21.681177484484813
2025-02-21 21:00:00,1.302719561520949,17.90356259235033
2025-02-21 22:00:00,0.9246601540777848,16.809917800865087
2025-02-21 23:00:00,0.4964902128585018,24.01527281942139
2025-02-22 00:00:00,0.5674802873231134,21.09012721957572
2025-02-22 01:00:00,0.33960569762991866,23.54241008657956
2025-02-22 02:00:00,0.5931108873077438,16.87615704821481
2025-02-22 03:00:00,1.1121038403311414,19.715628386602546
2025-02-22 04:00:00,1.3621927728497008,17.58760824370532
2025-02-22 05:00:00,1.7670425355843906,27.20701623958894
2025-02-22 06:00:00,1.9705606096412205,25.83577907137085
2025-02-22 07:00:00,1.7827082921716797,14.1666339838965
2025-02-22 08:00:00,1.717252007313538,16.130782500222935
2025-02-22 09:00:00,1.5278584872735583,25.67093278333711
2025-02-22 10:00:00,1.1534682299716457,21.95430984904806
2025-02-22 11:00:00,0.636437126420716,17.30463207712103
2025-02-22 12:00:00,0.5880593848096205,27.33371420025618
2025-02-22 13:00:00,0.3471958214493288,18.993427298335224
2025-02-22 14:00:00,0.6744538978768215,18.765226514037625
2025-02-22 15:00:00,0.9358917947587746,17.933157822512143
2025-02-22 16:00:00,1.2169841539880975,29.219116961382454
2025-02-22 17:00:00,1.7331915638562634,18.667677917241246
2025-02-22 18:00:00,1.8537291040673827,22.39569167679542
2025-02-22 19:00:00,1.9973630871818406,27.007474236946408
2025-02-22 20:00:00,2.07190437840316,19.732730980923048
2025-02-22 21:00:00,1.684539799024179,21.082453154577763
2025-02-22 22:00:00,1.3490155784218303,18.534615849587638
2025-02-22 23:00:00,0.9846148636704894,14.678932770006856
2025-02-23 00:00:00,0.5677581562602722,26.315455544259798
2025-02-23 01:00:00,0.28901442559326923,24.96684588989009
2025-02-23 02:00:00,0.38747729822787763,25.220281841583645
2025-02-23 03:00:00,0.6280644170957551,20.421189485582996
2025-02-23 04:00:00,1.1089718383191998,24.05861608292416
2025-02-23 05:00:00,1.6501418644584969,17.887469907386265
2025-02-23 06:00:00,1.6377520262639857,25.93788483960602
2025-02-23 07:00:00,1.7324901006005744,21.572560007086636
2025-02-23 08:00:00,2.0832053788969627,21.964144484716826
2025-02-23 09:00:00,1.8483958596011387,22.804013580901547
2025-02-23 10:00:00,1.510919697048211,23.119566488077762
2025-02-23 11:00:00,0.904175054456323,16.131794119113067
2025-02-23 12:00:00,0.5985588143545136,26.508780289625662
2025-02-23 13:00:00,0.39561265995700956,20.44318310159157
2025-02-23 14:00:00,0.6684780400017036,20.52953595204492
2025-02-23 15:00:00,0.6696719160307388,13.941020772111747
2025-02-23 16:00:00,0.8699623004418918,11.956448783310153
2025-02-23 17:00:00,1.3717006531157883,18.578964198074257
2025-02-23 18:00:00,1.8041116321521178,20.951654722418315
2025-02-23 19:00:00,1.9540599009499786,18.42812956149939
2025-02-23 20:00:00,2.0038353164384044,16.05746261448504
2025-02-23 21:00:00,1.836079363917179,19.920153945108027
2025-02-23 22:00:00,1.5393483774566206,18.29111670333535
2025-02-23 23:00:00,1.3192569366216578,20.981830850309652
2025-02-24 00:00:00,0.7373860439203909,20.83132310708791
2025-02-24 01:00:00,0.6546643452687444,23.689586829524682
2025-02-24 02:00:00,0.5030346461108683,14.851702569637109
2025-02-24 03:00:00,0.4585490812823842,17.74651579148375
2025-02-24 04:00:00,0.875308187136782,20.88363594637206
2025-02-24 05:00:00,1.1780898290794355,12.405518542925014
2025-02-24 06:00:00,1.4555118306761012,21.3231255951601
2025-02-24 07:00:00,1.7888910398089952,20.158204946402407
2025-02-24 08:00:00,1.933056533603463,23.85412619746637
2025-02-24 09:00:00,1.9553947718188278,22.467828350988167
2025-02-24 10:00:00,1.6353356589203616,24.227968892649884
2025-02-24 11:00:00,1.3174773727217233,27.90850886004753
2025-02-24 12:00:00,0.9150523653748147,16.721210142316565
2025-02-24 13:00:00,0.600728712186461,22.835512781892845
2025-02-24 14:00:00,0.3279780271447464,19.25846866463213
2025-02-24 15:00:00,0.5457477981149832,24.49268202660805
2025-02-24 16:00:00,0.438856849412146,24.83944233881003
2025-02-24 17:00:00,1.0983820354111118,16.92227960014723
2025-02-24 18:00:00,1.4138816783296058,20.45404774470472
2025-02-24 19:00:00,1.7107932527982752,18.620076816567735
2025-02-24 20:00:00,2.1141936276724684,13.10881320492687
2025-02-24 21:00:00,2.135959339845407,10.352190585300722
2025-02-24 22:00:00,1.7209977688091465,24.872577661703506
2025-02-24 23:00:00,1.5502568589244419,13.30892607844344
2025-02-25 00:00:00,0.9707455393551692,23.85066347614564
2025-02-25 01:00:00,0.7348357421636771,14.028634068318244
2025-02-25 02:00:00,0.475858847519945,16.827269950866825
2025-02-25 03:00:00,0.4105354116097759,9.188846466650505
2025-02-25 04:00:00,0.5398369306788902,21.33430364343852
2025-02-25 05:00:00,0.8158553004807468,29.657068894901272
2025-02-25 06:00:00,1.1009978292164169,12.170276524713017
2025-02-25 07:00:00,1.4829281147193725,15.175117267121008
2025-02-25 08:00:00,1.793896707890558,15.737195120319427
2025-02-25 09:00:00,2.064115623621777,10.88816835625343
2025-02-25 10:00:00,1.9033412658167121,13.39981787295131
2025-02-25 11:00:00,1.7164517504442225,22.499639791148816
2025-02-25 12:00:00,1.1087182692298492,19.32164954348857
2025-02-25 13:00:00,0.8009505680219323,21.89937037031218
2025-02-25 14:00:00,0.646250109590436,14.324772619676256
2025-02-25 15:00:00,0.46009843119832894,17.061519384325898
2025-02-25 16:00:00,0.510701539101762,26.802605527601127
2025-02-25 17:00:00,0.6981212023075971,16.84191083734904
2025-02-25 18:00:00,1.1521442558474984,18.14497536028246
2025-02-25 19:00:00,1.486457698808625,17.225811885959306
2025-02-25 20:00:00,1.909411116476942,23.772742396919362
2025-02-25 21:00:00,1.9981296557141976,10.87502615448152
2025-02-25 22:00:00,2.021034922163031,15.831374169138519
2025-02-25 23:00:00,1.6359150049863873,15.923858070030027
2025-02-26 00:00:00,1.5084305917824163,31.74583873601859
2025-02-26 01:00:00,0.8983436169464754,15.13273443641132
2025-02-26 02:00:00,0.7392641949266651,20.728761942355955
2025-02-26 03:00:00,0.3823325122685947,33.23827547230476
2025-02-26 04:00:00,0.4314492693775345,12.653378058482097
2025-02-26 05:00:00,0.7217256414673682,23.339668307315783
2025-02-26 06:00:00,0.9707961892203281,21.080388884777157
2025-02-26 07:00:00,1.2269430698255208,21.32729338058318
2025-02-26 08:00:00,1.542067480870442,21.347250122640023
2025-02-26 09:00:00,1.8224720492681241,18.1078020060659
2025-02-26 10:00:00,1.8372606189398026,21.323810986163423
2025-02-26 11:00:00,1.9396089247312986,31.374303690920655
2025-02-26 12:00:00,1.7791801666506684,21.676661796938156
2025-02-26 13:00:00,1.3071107762429472,23.991189156615192
2025-02-26 14:00:00,0.8736345510777151,27.69942821170021
2025-02-26 15:00:00,0.5699627236911802,17.173387679381605
2025-02-26 16:00:00,0.3658184603094003,21.70426997025627
2025-02-26 17:00:00,0.2953571768185923,22.126087913644184
2025-02-26 18:00:00,0.7964424690733041,27.859574729892078
2025-02-26 19:00:00,1.1531754711820137,24.01098071634577
2025-02-26 20:00:00,1.5300772855082887,23.845388838674694
2025-02-26 21:00:00,1.921211697675046,17.04015999831254
2025-02-26 22:00:00,2.00763939976214,22.982114660382152
2025-02-26 23:00:00,2.1127855479472344,15.606249517329765
2025-02-27 00:00:00,1.8516630152632398,22.48979734367712
2025-02-27 01:00:00,1.401619509135848,24.238539371212035
2025-02-27 02:00:00,0.8435355158311445,21.929437837432708
2025-02-27 03:00:00,0.699981499852197,28.931619238852054
2025-02-27 04:00:00,0.4482360844966539,20.27844604201816
2025-02-27 05:00:00,0.35586412328246775,15.252323751166912
2025-02-27 06:00:00,0.5508554301805905,22.928040106866685
2025-02-27 07:00:00,0.8971862515568209,20.876640286610176
2025-02-27 08:00:00,1.4168631756184498,18.960717453306096
2025-02-27 09:00:00,1.7555162464365481,27.573438477233545
2025-02-27 10:00:00,1.9213887994148848,22.61344481875929
2025-02-27 11:00:00,1.9794829731595158,24.188613312362737
2025-02-27 12:00:00,1.7784051214747596,23.35591853008127
2025-02-27 13:00:00,1.5217562437202865,26.511211823214694
2025-02-27 14:00:00,1.0626044882900625,16.21286252903719
2025-02-27 15:00:00,0.7306483852327895,22.154470874718196
2025-02-27 16:00:00,0.47970340873885675,25.499513953534827
2025-02-27 17:00:00,0.41686305367787296,14.635812261426993
2025-02-27 18:00:00,0.4353802534378791,17.95489461865291
2025-02-27 19:00:00,0.7564958245834357,17.80954848817491
2025-02-27 20:00:00,1.0615637649881495,24.591924841790604
2025-02-27 21:00:00,1.588800572759867,24.480954006875127
2025-02-27 22:00:00,1.8918182107985415,26.349521671897133
2025-02-27 23:00:00,1.9540090659704121,28.404635120103222
2025-02-28 00:00:00,2.045997210403145,27.349199204787983
2025-02-28 01:00:00,1.7137546457987192,16.232301613279844
2025-02-28 02:00:00,1.1626541990375603,19.82870323528672
2025-02-28 03:00:00,0.7893021016115076,20.938071435093377
2025-02-28 04:00:00,0.7995275939427142,17.126534236712924
2025-02-28 05:00:00,0.35218069125499335,21.31166853335834
2025-02-28 06:00:00,0.4748555536213201,16.886296352973197
2025-02-28 07:00:00,0.846985156754342,24.831041809157934
2025-02-28 08:00:00,0.9759974948232185,17.745841772934952
2025-02-28 09:00:00,1.5298318201176224,27.14347943138931
2025-02-28 10:00:00,1.874399875484337,20.037185950802712
2025-02-28 11:00:00,2.05423339598367,21.471275994867163
2025-02-28 12:00:00,1.9146651742100078,21.464024108581093
2025-02-28 13:00:00,1.819021162849247,21.1895370384865
2025-02-28 14:00:00,1.4091876460743191,21.708991852163027
2025-02-28 15:00:00,0.9902292891424835,24.28029395368673
2025-02-28 16:00:00,0.682730148769219,21.970121483478273
2025-02-28 17:00:00,0.528039056234562,22.801985934017445
2025-02-28 18:00:00,0.36615655313765655,24.663805421264787
2025-02-28 19:00:00,0.4864986811255591,21.910769086746814
2025-02-28 20:00:00,0.9832006759358982,23.43594647110398
2025-02-28 21:00:00,1.1816274510224993,16.320453721919286
2025-02-28 22:00:00,1.5907400191075263,23.307860605887818
2025-02-28 23:00:00,2.0703992531107103,25.328466252195902
2025-03-01 00:00:00,1.986989324117259,19.75873801429766
2025-03-01 01:00:00,2.0089329207049706,12.069100398857186
2025-03-01 02:00:00,1.6866926857472273,24.400236070291903
2025-03-01 03:00:00,1.1705901826182419,19.183717118831595
2025-03-01 04:00:00,0.837271283938697,24.143157746208182
2025-03-01 05:00:00,0.5705152771979993,18.930596087865204
2025-03-01 06:00:00,0.45237899865681536,15.981923215014799
2025-03-01 07:00:00,0.57941121444812,21.944788916934954
2025-03-01 08:00:00,0.7702952932332554,13.580770188369417
2025-03-01 09:00:00,1.1284767878171214,21.240063151970936
2025-03-01 10:00:00,1.3656367111713337,10.433221260377765
2025-03-01 11:00:00,1.8858439966032672,25.02989984383894
2025-03-01 12:00:00,2.0767136683799734,23.40624114768211
2025-03-01 13:00:00,1.9131941709332947,18.73263117534459
2025-03-01 14:00:00,1.7683684187248427,19.667375679881236
2025-03-01 15:00:00,1.4076198301933822,20.578350276234822
2025-03-01 16:00:00,1.0159889929532373,26.434850977353705
2025-03-01 17:00:00,0.4488856313959458,21.57603775532309
2025-03-01 18:00:00,0.5030980876095029,22.63633180834213
2025-03-01 19:00:00,0.5481868857933995,20.750238110792704
2025-03-01 20:00:00,0.7062359969953194,18.131002108941452
2025-03-01 21:00:00,0.8581217928176093,25.303336397814594
2025-03-01 22:00:00,1.4245270545970188,18.857106949694547
2025-03-01 23:00:00,1.6436285148410865,24.475463709051226
2025-03-02 00:00:00,1.998175983740115,12.622428835981111
2025-03-02 01:00:00,2.1023438634262104,24.63519164861941
2025-03-02 02:00:00,1.7787826969000653,22.76576029458289
2025-03-02 03:00:00,1.3219744314969213,28.98744532347774
2025-03-02 04:00:00,1.0745155295901867,24.0537404272267
2025-03-02 05:00:00,0.7253636967211604,16.287106769826458
2025-03-02 06:00:00,0.5452234476921523,20.26155336912713
2025-03-02 07:00:00,0.33557674367263823,17.399123035709273
2025-03-02 08:00:00,0.5115008323133358,20.304921030963996
2025-03-02 09:00:00,0.7082389271262692,16.980117475784752
2025-03-02 10:00:00,1.1695073061443102,20.166824066871207
2025-03-02 11:00:00,1.5729793008543584,27.5095564203829
2025-03-02 12:00:00,1.8256776368269199,27.635329783147778
2025-03-02 13:00:00,1.873276753075672,14.506601637722854
2025-03-02 14:00:00,1.7348745838502575,21.25846882337592
2025-03-02 15:00:00,1.6798148960416244,25.032401582227678
2025-03-02 16:00:00,1.2192612097306263,15.202458727490418
2025-03-02 17:00:00,0.9394059705982938,18.082741982557415
2025-03-02 18:00:00,0.6739331661700216,16.613186618384006
2025-03-02 19:00:00,0.31913585009182066,18.25291606776279
2025-03-02 20:00:00,0.5532541908597703,10.477283321981252
2025-03-02 21:00:00,0.7367954446935279,24.046461924646906
2025-03-02 22:00:00,2.48498620397156,73.51900582806165
2025-03-02 23:00:00,1.2823884869347963,19.161020843746748
2025-03-03 00:00:00,1.7924601956778965,18.96903496882316
2025-03-03 01:00:00,2.24302287066396,22.89918109887997
2025-03-03 02:00:00,1.9275107203066109,26.98931495387143
2025-03-03 03:00:00,1.702337476936221,7.923035607208478
2025-03-03 04:00:00,2.9660863448695007,73.77467131620188
2025-03-03 05:00:00,0.7972060187472914,25.886093135239562
2025-03-03 06:00:00,0.6635292573573223,18.749364376834603
2025-03-03 07:00:00,0.40156127387180235,21.72606831714096
2025-03-03 08:00:00,0.4731233136846481,18.224779051191838
2025-03-03 09:00:00,0.48298063913541656,17.237866113697564
2025-03-03 10:00:00,0.9005679046391284,22.207317642428134
2025-03-03 11:00:00,1.360029791619631,23.099307591436876
2025-03-03 12:00:00,1.5406627329506095,18.051664885338955
2025-03-03 13:00:00,2.12913810999605,18.944587360537152
2025-03-03 14:00:00,1.9900496130717285,20.205430060425694
2025-03-03 15:00:00,1.9652160820239821,18.775868539250048
2025-03-03 16:00:00,1.616629878948864,17.545047293065196
2025-03-03 17:00:00,1.3556136304497644,29.040542034933388
2025-03-03 18:00:00,0.7296999518504995,15.186351849050519
2025-03-03 19:00:00,0.47112319109545564,17.087412516480526
2025-03-03 20:00:00,0.4668355224262027,19.698000464818943
2025-03-03 21:00:00,0.3297823873071954,14.441642617280092
2025-03-03 22:00:00,0.7913696444024161,20.21467384600744
2025-03-03 23:00:00,1.0468150245554033,8.31492602994154
2025-03-04 00:00:00,1.6257775208489789,23.387000777830462
2025-03-04 01:00:00,1.682776043684054,12.66603934904144
2025-03-04 02:00:00,2.0794203720816222,23.476775196878826
2025-03-04 03:00:00,1.9704142983912638,26.513279342867406
2025-03-04 04:00:00,1.8732545013275759,19.07996907499628
2025-03-04 05:00:00,1.3820798591408765,24.278756354784747
2025-03-04 06:00:00,1.031221882199928,22.675781840295702
2025-03-04 07:00:00,0.6970397736996513,22.159154910004204
2025-03-04 08:00:00,0.3611757555940999,15.362041376084244
2025-03-04 09:00:00,1.9165394796034918,82.90920462108359
2025-03-04 10:00:00,0.7155457529674241,23.563715041012333
2025-03-04 11:00:00,1.0096638639790676,23.185060214968207
2025-03-04 12:00:00,1.3499179040053637,30.76397102670049
2025-03-04 13:00:00,1.6647305042507117,12.497629691623107
2025-03-04 14:00:00,1.8021491859788759,15.93010411804389
2025-03-04 15:00:00,1.9018732182058375,16.971948039894308
2025-03-04 16:00:00,1.7261404171551036,22.0863938570553
2025-03-04 17:00:00,1.3865901771826787,8.400120211936004
2025-03-04 18:00:00,1.1554303249556552,20.346201442269788
2025-03-04 19:00:00,0.6405785222361686,20.229802274642797
2025-03-04 20:00:00,0.41412131763499826,15.717727422399285
2025-03-04 21:00:00,0.4801903562607295,24.737339894713134
2025-03-04 22:00:00,0.45404931131070136,19.72787935749483
2025-03-04 23:00:00,0.8378829403838302,20.304205577841863
2025-03-05 00:00:00,1.1384123262442845,24.52154811884314
2025-03-05 01:00:00,1.4973119895076001,18.77124622009437
2025-03-05 02:00:00,1.954131352350315,15.110295982748728
2025-03-05 03:00:00,1.7745873161686418,20.715202912349003
2025-03-05 04:00:00,1.7930474313327847,13.812747065027173
2025-03-05 05:00:00,1.5271278541177153,21.318410559177202
2025-03-05 06:00:00,1.2233598534479577,21.775074313810446
2025-03-05 07:00:00,0.6116606887343139,13.41152016508817
2025-03-05 08:00:00,0.6022583469514389,15.424621037248073
2025-03-05 09:00:00,0.16936846164959396,18.723380263317615
2025-03-05 10:00:00,0.43502777611582727,24.073394807845546
2025-03-05 11:00:00,0.7009105340907132,18.112532057049805
2025-03-05 12:00:00,0.9503571469208802,21.710921304186616
2025-03-05 13:00:00,1.487658669685875,30.47167408844754
2025-03-05 14:00:00,1.749037920554349,23.352562962963933
2025-03-05 15:00:00,1.8498001274294154,13.368512314968072
2025-03-05 16:00:00,2.0438285408363726,29.14820845972531
2025-03-05 17:00:00,1.6369952232008007,28.78181964014594
2025-03-05 18:00:00,1.6153442556747477,19.147152182963207
2025-03-05 19:00:00,1.0179495603975566,26.176716997027025
2025-03-05 20:00:00,0.8355345391495566,17.244181416118867
2025-03-05 21:00:00,0.5381162200868933,19.053797741120334
2025-03-05 22:00:00,0.33270018615833197,19.94158917843233
2025-03-05 23:00:00,0.3780785955854543,13.750219681137066
2025-03-06 00:00:00,0.8274898415321479,25.14519801163994
2025-03-06 01:00:00,1.1123368502348985,15.746368777516949
2025-03-06 02:00:00,1.5661891188349164,12.973451594043924
2025-03-06 03:00:00,2.010545178281732,19.685222610524434
2025-03-06 04:00:00,2.016195767589384,31.164879483812484
2025-03-06 05:00:00,1.8217268323851283,16.07015961445631
2025-03-06 06:00:00,1.606944975833613,21.111548523327166
2025-03-06 07:00:00,1.1212752835766806,16.163540060912915
2025-03-06 08:00:00,0.7745393983571437,20.500712826373576
2025-03-06 09:00:00,0.596928325570297,25.14832009277435
2025-03-06 10:00:00,0.425466996610786,21.01393260645898
2025-03-06 11:00:00,0.4552039284052044,22.649265448053775
2025-03-06 12:00:00,0.7131445783592026,31.394767853807387
2025-03-06 13:00:00,1.162845107679439,12.775817695717624
2025-03-06 14:00:00,1.3848381504254295,20.852291570650223
2025-03-06 15:00:00,1.940068786159604,19.89754436433283
2025-03-06 16:00:00,1.825915648861709,13.668767655718376
2025-03-06 17:00:00,2.02535055334087,22.25150435859211
2025-03-06 18:00:00,1.6199942241946041,17.88275817636127
2025-03-06 19:00:00,1.4476746979500579,22.57061680282755
2025-03-06 20:00:00,0.9559034988689628,20.79940827603487
2025-03-06 21:00:00,0.30093526371693513,16.983237605416075
2025-03-06 22:00:00,0.34534673203897076,22.465152110605686
2025-03-06 23:00:00,0.55341179233308,12.380323695762979
2025-03-07 00:00:00,0.690672690886204,13.625009717579138
2025-03-07 01:00:00,0.836415387717008,18.139322746806293
2025-03-07 02:00:00,1.5429919487877393,22.03904563485195
2025-03-07 03:00:00,1.8947726317737041,21.442842030991642
2025-03-07 04:00:00,2.075833031495643,3.174940567127166
2025-03-07 05:00:00,2.217939963761966,22.157371376999144
2025-03-07 06:00:00,1.7587619171810993,20.737327977732278
2025-03-07 07:00:00,1.4471320853327698,23.78703045671354
2025-03-07 08:00:00,1.252307449434717,21.57955948803352
2025-03-07 09:00:00,0.8146244965906396,12.99626634053382
2025-03-07 10:00:00,0.610961665799418,25.900100506563923
2025-03-07 11:00:00,0.4650730759494509,19.202994722315424
2025-03-07 12:00:00,0.35780107310610276,15.189701106870086
2025-03-07 13:00:00,0.7586311026775918,25.734938301378058
2025-03-07 14:00:00,1.1743025218448957,22.64768742646004
2025-03-07 15:00:00,1.724625068510711,15.095671883883098
2025-03-07 16:00:00,1.9535574468571408,20.173627071294444
2025-03-07 17:00:00,1.9923187817676267,20.431157357352003
2025-03-07 18:00:00,1.987588220691705,19.43189938259094
2025-03-07 19:00:00,1.6239187654109535,14.724411897584975
2025-03-07 20:00:00,1.2322622512993682,14.902547514207928
2025-03-07 21:00:00,0.9237199280931996,19.88171982690246
2025-03-07 22:00:00,0.5227776861222234,23.000223523676883
2025-03-07 23:00:00,0.32447568627937806,25.787233794979382
2025-03-08 00:00:00,0.37351795546824273,16.753796372568296
2025-03-08 01:00:00,0.6932866098035535,14.905509418469766
2025-03-08 02:00:00,2.614167459548074,84.84018228683276
2025-03-08 03:00:00,1.414520358737564,22.66591903441726
2025-03-08 04:00:00,1.8929240495998794,5.767603997255652
2025-03-08 05:00:00,1.8396324240101818,23.074880223217647
2025-03-08 06:00:00,2.0828633589373275,19.0198530154429
2025-03-08 07:00:00,1.7459666998397907,27.266450579141917
2025-03-08 08:00:00,1.5594194047392196,22.798916888706053
2025-03-08 09:00:00,0.9432608266439869,15.141278548775183
2025-03-08 10:00:00,0.6596049034353743,11.413153530555029
2025-03-08 11:00:00,0.4710853596070934,18.59080975065924
2025-03-08 12:00:00,0.31233241724187694,25.556717546030303
2025-03-08 13:00:00,0.5541683613353525,25.466042862721796
2025-03-08 14:00:00,1.0072432952354906,19.69058028859433
2025-03-08 15:00:00,1.2396623572965595,28.16824772169498
2025-03-08 16:00:00,1.605244127167869,17.968862249610375
2025-03-08 17:00:00,3.402949623618038,80.4765248870958
2025-03-08 18:00:00,2.0212995543232637,27.02421018776578
2025-03-08 19:00:00,1.9251978840199455,16.174177958970233
2025-03-08 20:00:00,1.465067148422587,18.524452076757427
2025-03-08 21:00:00,0.9646218441020654,26.850068534224754
2025-03-08 22:00:00,0.7084867567734149,20.788828466476616
2025-03-08 23:00:00,0.4383679808986769,17.091590678832894
2025-03-09 00:00:00,0.39923137706336254,24.660447809529558
2025-03-09 01:00:00,0.4516435878794331,19.325787785717626
2025-03-09 02:00:00,0.7542553347424387,24.11960446430735
2025-03-09 03:00:00,1.1097420322127634,21.966581415156117
2025-03-09 04:00:00,1.641600812413607,28.899424029361903
2025-03-09 05:00:00,2.0131008964115997,23.888149772048493
2025-03-09 06:00:00,1.869460587657208,18.23198165818051
2025-03-09 07:00:00,2.046607120790094,20.369622990968097
2025-03-09 08:00:00,1.7170239752310974,19.583544858699163
2025-03-09 09:00:00,1.3070243497503418,19.158298063435108
2025-03-09 10:00:00,1.0692412957495718,10.183630604911265
2025-03-09 11:00:00,0.5694974835628513,22.880198645995005
2025-03-09 12:00:00,0.4474795867197586,24.97132592663347
2025-03-09 13:00:00,0.4271178456531287,22.51915739895009
2025-03-09 14:00:00,0.8355988814839395,32.58562549359246
2025-03-09 15:00:00,1.1293771180348355,21.009722015595926
2025-03-09 16:00:00,1.2508556833711961,14.906543434632827
2025-03-09 17:00:00,1.682312039384334,23.873382835461378
2025-03-09 18:00:00,2.1229534810482495,26.674056379496687
2025-03-09 19:00:00,2.075869127612418,24.167900984080873
2025-03-09 20:00:00,1.821648839886231,18.25694537811235
2025-03-09 21:00:00,1.4732408522437321,35.011099528523886
2025-03-09 22:00:00,1.2718937766506047,25.150260869339036
2025-03-09 23:00:00,0.782480707051015,26.857603544827715
2025-03-10 00:00:00,0.4649594034977182,25.84306123246632
2025-03-10 01:00:00,0.26049558431035696,9.409141371144393
2025-03-10 02:00:00,0.3881119114348362,21.95550957802751
2025-03-10 03:00:00,0.9083296782930887,31.435388928498444
2025-03-10 04:00:00,1.2016006026561967,17.095547371904193
2025-03-10 05:00:00,1.630015507855378,26.456978238287462
2025-03-10 06:00:00,1.891086354441141,17.387616765256492
2025-03-10 07:00:00,1.7878804788726912,24.464782435989186
2025-03-10 08:00:00,2.0441779303001417,20.281371848100918
2025-03-10 09:00:00,1.5259172788066666,13.938084092641056
2025-03-10 10:00:00,1.3970664521868155,23.48091728479467
2025-03-10 11:00:00,0.7712479183659566,17.005821334786674
2025-03-10 12:00:00,0.5013987748889216,16.33716866248114
2025-03-10 13:00:00,1.9827830382349345,75.94803342964254
2025-03-10 14:00:00,0.5162402731606861,26.376581104721573
2025-03-10 15:00:00,0.7328779563194793,21.68345587253166
2025-03-10 16:00:00,1.0074069259570102,22.996197016195364
2025-03-10 17:00:00,1.4034583777653895,15.661426857107859
2025-03-10 18:00:00,1.6707824148489208,19.687414093119596
2025-03-10 19:00:00,1.8587226439894406,17.32677638883244
2025-03-10 20:00:00,1.8493469889572203,25.999211076909095
2025-03-10 21:00:00,1.6728315388790123,16.82822555715473
2025-03-10 22:00:00,1.3574748132841712,13.856278256681613
2025-03-10 23:00:00,1.1245700588884993,16.622278569433092
2025-03-11 00:00:00,0.6531303007638711,18.4284582497259
2025-03-11 01:00:00,0.587716502526924,22.447823227788245
2025-03-11 02:00:00,0.31883021858308724,31.80467899065643
2025-03-11 03:00:00,0.4657286429494908,22.036090258076033
2025-03-11 04:00:00,1.1343187642893555,23.225235353828346
2025-03-11 05:00:00,1.3405019809947756,12.758198209785082
2025-03-11 06:00:00,1.641461507925478,20.68011141095306
2025-03-11 07:00:00,1.8260885841343117,22.306970931495798
2025-03-11 08:00:00,2.113679638207855,29.720353988287933
2025-03-11 09:00:00,2.0212096630507803,23.031058414805816
2025-03-11 10:00:00,3.1142215234133985,78.63822190109877
2025-03-11 11:00:00,1.265645153773294,21.73707693169659
2025-03-11 12:00:00,0.6361665129159673,18.628484215783534
2025-03-11 13:00:00,0.4992113777457825,24.586754647872393
2025-03-11 14:00:00,0.3255520639167425,17.880168136834023
2025-03-11 15:00:00,0.31089520227444944,12.84092249697889
2025-03-11 16:00:00,0.8694948787822474,19.163667421670862
2025-03-11 17:00:00,1.1843494412610434,9.015877343119406
2025-03-11 18:00:00,1.4216391169571299,18.689805466571034
2025-03-11 19:00:00,1.8339889479174847,22.551068300500848
2025-03-11 20:00:00,2.1445678248657396,24.083218062164974
2025-03-11 21:00:00,1.8492917882704927,20.16919483181559
2025-03-11 22:00:00,1.8509833971117668,18.864845077932557
2025-03-11 23:00:00,1.46428019196075,10.281862177722145
2025-03-12 00:00:00,0.8295945165407225,8.309205591727249
2025-03-12 01:00:00,0.69881598508541,23.9039960227182
2025-03-12 02:00:00,0.5316845566555388,25.93798371671138
2025-03-12 03:00:00,0.44218996225672236,17.26954658481156
2025-03-12 04:00:00,0.6771370750002232,14.556179523312617
2025-03-12 05:00:00,1.0706875079477027,23.02195484136839
2025-03-12 06:00:00,1.370433301936768,23.716824622400313
2025-03-12 07:00:00,1.672069943846213,19.753326408591736
2025-03-12 08:00:00,1.9553011779219154,24.019539834504485
2025-03-12 09:00:00,1.853842455381545,25.930834056175502
2025-03-12 10:00:00,1.8949655371805791,16.113424373492307
2025-03-12 11:00:00,1.5048617949406626,16.96476863213136
2025-03-12 12:00:00,1.0571760405148527,19.55614354818969
2025-03-12 13:00:00,0.7011914853818763,25.996660505674818
2025-03-12 14:00:00,0.4860271277809696,19.917041953307997
2025-03-12 15:00:00,0.26154650845399996,24.30458677682693
2025-03-12 16:00:00,0.6379014544873249,19.67435914865515
2025-03-12 17:00:00,2.2509342813354363,83.81964438085416
2025-03-12 18:00:00,1.3117785783976499,22.475063084950914
2025-03-12 19:00:00,1.6076357971994641,32.30374526460875
2025-03-12 20:00:00,1.7299938126645868,25.237141686130297
2025-03-12 21:00:00,2.0131327064830735,19.987602917150124
2025-03-12 22:00:00,2.026196093306257,21.89679113900164
2025-03-12 23:00:00,1.5268645056085732,17.32788314020303
2025-03-13 00:00:00,1.2686183422259152,27.014898910890267
2025-03-13 01:00:00,0.6526955076667103,26.04228728774648
2025-03-13 02:00:00,0.5120615730340917,20.786515748782474
2025-03-13 03:00:00,0.508064993839974,22.097960992067936
2025-03-13 04:00:00,0.552256620554149,10.262146537354077
2025-03-13 05:00:00,0.5240896863361335,21.26145822977537
2025-03-13 06:00:00,0.9984970918754156,18.292332747501412
2025-03-13 07:00:00,1.3462770515210891,17.313394664727053
2025-03-13 08:00:00,1.8236188664658897,25.470896398808634
2025-03-13 09:00:00,2.030823997915761,19.477901317872224
2025-03-13 10:00:00,1.9181765422085664,21.061888907436604
2025-03-13 11:00:00,1.8550887513313281,19.8653951371594
2025-03-13 12:00:00,1.387109128698795,20.006004525321718
2025-03-13 13:00:00,1.192973251887254,22.003491175059366
2025-03-13 14:00:00,0.7053758905735361,14.496176457751854
2025-03-13 15:00:00,0.39959652717970606,17.915941122270972
2025-03-13 16:00:00,0.4219317628992372,24.715651362583863
2025-03-13 17:00:00,0.5300974681707307,20.592603187176596
2025-03-13 18:00:00,0.7780046199691191,20.66428352430628
2025-03-13 19:00:00,1.332562018466914,21.044371002804805
2025-03-13 20:00:00,1.6004979299327722,18.649773948068297
2025-03-13 21:00:00,1.944966914338143,23.895965574528045
2025-03-13 22:00:00,1.9886870836251225,26.501042483167385
2025-03-13 23:00:00,1.7137146504620506,26.430683494477208
2025-03-14 00:00:00,1.5374919213039382,26.648133119693416
2025-03-14 01:00:00,1.296378400027253,17.755866680129365
2025-03-14 02:00:00,0.7615171553511637,23.754863822954537
2025-03-14 03:00:00,0.6286042815992113,13.55969916962012
2025-03-14 04:00:00,0.4674666412920422,20.902190836461443
2025-03-14 05:00:00,0.6020047834510531,16.991748019125957
2025-03-14 06:00:00,0.9537871890142269,17.016544494769356
2025-03-14 07:00:00,1.0720362450533656,20.235761153975222
2025-03-14 08:00:00,1.6771486064386152,20.641597958887427
2025-03-14 09:00:00,1.7469525292597372,17.088704292275537
2025-03-14 10:00:00,2.1402242220289036,28.27018753498709
2025-03-14 11:00:00,2.0321212086271303,27.614979097443758
2025-03-14 12:00:00,1.5656856729709658,21.301469576741027
2025-03-14 13:00:00,1.3561209994151437,19.03187314646607
2025-03-14 14:00:00,0.8930363531857807,27.127300732666075
2025-03-14 15:00:00,0.7543900211820724,16.888044086463385
2025-03-14 16:00:00,0.2667232782101367,16.504591624583497
2025-03-14 17:00:00,0.40790480629716824,14.197839421211352
2025-03-14 18:00:00,0.6190282085864898,20.701076459379735
2025-03-14 19:00:00,1.0903187563160763,18.712647896029278
2025-03-14 20:00:00,1.5059021780669115,16.219986139094942
2025-03-14 21:00:00,1.8063446590390133,11.591971029557348
2025-03-14 22:00:00,2.018503863277337,22.10916540392575
2025-03-14 23:00:00,2.0412106967901025,18.048978618020488
2025-03-15 00:00:00,1.8697324780115698,20.74788452262003
2025-03-15 01:00:00,1.6387338120642365,15.329613647627928
2025-03-15 02:00:00,1.0717729582530617,23.058226963523953
2025-03-15 03:00:00,0.6282003873728963,18.159572295643677
2025-03-15 04:00:00,0.35385395969448213,24.11561334957127
2025-03-15 05:00:00,0.3998392195282259,30.7774848522227
2025-03-15 06:00:00,0.4064618559382409,28.30103859230917
2025-03-15 07:00:00,2.1683038640795833,86.26644332200146
2025-03-15 08:00:00,1.1739126218505573,25.39574691711035
2025-03-15 09:00:00,1.5115571032802437,19.77514425608483
2025-03-15 10:00:00,1.9355447425499324,19.1005069243353
2025-03-15 11:00:00,2.0791029663351996,21.220972643760625
2025-03-15 12:00:00,1.9594331491732153,31.380918622703902
2025-03-15 13:00:00,1.6542160745485341,29.575836996725968
2025-03-15 14:00:00,1.2627957768427958,18.673173366747832
2025-03-15 15:00:00,0.976452582086175,20.007464331354058
2025-03-15 16:00:00,0.5708293222764399,15.570219117496894
2025-03-15 17:00:00,0.368543626359776,19.790485537924017
2025-03-15 18:00:00,0.4899291676751523,19.337915887445632
2025-03-15 19:00:00,0.4880198503829285,20.78718137764685
2025-03-15 20:00:00,0.9243560498091784,10.912676858217594
2025-03-15 21:00:00,1.3738786373450054,21.79428274990221
2025-03-15 22:00:00,1.530495915489075,18.62180741516752
2025-03-15 23:00:00,1.6677284007997177,14.786037551137454
2025-03-16 00:00:00,1.9279357554539032,18.919042078086402
2025-03-16 01:00:00,1.9585153966740805,18.797638509311263
2025-03-16 02:00:00,1.4274257154380814,22.70578445931127
2025-03-16 03:00:00,0.9956552118306934,25.50287660694089
2025-03-16 04:00:00,0.7494356381369629,19.2291620966766
2025-03-16 05:00:00,0.5350653153258983,19.835080493792308
2025-03-16 06:00:00,0.47464226983004065,25.360746477392407
2025-03-16 07:00:00,0.6291990767479625,23.322570628801905
2025-03-16 08:00:00,0.9846479586017822,19.548048458315808
2025-03-16 09:00:00,1.3105814074930584,15.510654727064914
2025-03-16 10:00:00,3.1710234710711926,89.33369482716557
2025-03-16 11:00:00,1.9606420040066073,11.309320560952504
2025-03-16 12:00:00,1.9777832945066323,18.395000986289578
2025-03-16 13:00:00,1.8117158141336325,18.140194483860807
2025-03-16 14:00:00,1.5968261078678077,16.90875168182215
2025-03-16 15:00:00,1.4287679662467867,15.416774295899089
2025-03-16 16:00:00,0.8885774971002641,5.453579513709979
2025-03-16 17:00:00,0.586765351498697,15.207868358156048
2025-03-16 18:00:00,0.471473765717399,14.268991860969855
2025-03-16 19:00:00,0.4051863812300661,15.515822333672254
2025-03-16 20:00:00,0.7479878576824679,17.78907771655452
2025-03-16 21:00:00,1.1363854221491585,20.196075749151362
2025-03-16 22:00:00,1.3742120688335748,19.81112644023872
2025-03-16 23:00:00,1.682189625539749,23.597308875152436
2025-03-17 00:00:00,1.8402881238613937,17.143494067108062
2025-03-17 01:00:00,3.4282684943079804,73.64333545639052
2025-03-17 02:00:00,1.6323017396382014,18.03156055268785
2025-03-17 03:00:00,1.3939588020831006,19.162437870990654
2025-03-17 04:00:00,0.9190567619895674,21.408958023512263
2025-03-17 05:00:00,0.5873330028132951,26.604103277107605
2025-03-17 06:00:00,0.4750882526038597,19.095513152721367
2025-03-17 07:00:00,0.2740528665137496,19.436444194269377
2025-03-17 08:00:00,0.6488844265495364,24.06558990366266
2025-03-17 09:00:00,0.8298150754504627,21.26147268278716
2025-03-17 10:00:00,1.347596041251371,15.880076691207936
2025-03-17 11:00:00,1.861934352310663,13.897692173291393
2025-03-17 12:00:00,1.771698668905787,14.511549892684844
2025-03-17 13:00:00,2.1646590783984205,29.496017308088966
2025-03-17 14:00:00,1.8172478551151916,24.78284113542066
2025-03-17 15:00:00,1.4481286429709326,16.168803220103992
2025-03-17 16:00:00,1.3094892337649733,19.961293094518535
2025-03-17 17:00:00,0.7046305731188273,22.03211328486996
2025-03-17 18:00:00,0.548015496402603,15.164652620737817
2025-03-17 19:00:00,0.3742338850574625,8.523034736769509
2025-03-17 20:00:00,0.44527619810379093,18.324979010472525
2025-03-17 21:00:00,0.8246419560353866,17.792026825119343
2025-03-17 22:00:00,1.352699684757353,12.200162681812312
2025-03-17 23:00:00,1.605126955325615,22.715447529729136
2025-03-18 00:00:00,1.9503611276615658,17.785182700181185
2025-03-18 01:00:00,2.202182669425459,15.060360349934527
2025-03-18 02:00:00,1.897193270141055,19.8161667007056
2025-03-18 03:00:00,1.506630042311656,28.891748728341206
2025-03-18 04:00:00,1.4174844948832208,20.53435804781893
2025-03-18 05:00:00,0.9229938265079717,21.417797635627
2025-03-18 06:00:00,0.5961624320313402,24.21862670181155
2025-03-18 07:00:00,0.4936172118848894,15.765607272559492
2025-03-18 08:00:00,0.3737838179940879,28.61480611731015
2025-03-18 09:00:00,0.5965713614432728,21.063850730973943
2025-03-18 10:00:00,0.9870295666331323,20.988314507751983
2025-03-18 11:00:00,1.4095149634310955,28.91228972299883
2025-03-18 12:00:00,1.6815342084249245,17.772645287745977
2025-03-18 13:00:00,2.016511317353506,22.263290159305036
2025-03-18 14:00:00,1.9864628038002963,18.36243998202873
2025-03-18 15:00:00,1.7754665448336522,26.34649900018407
2025-03-18 16:00:00,1.4116964256931475,18.00672762332937
2025-03-18 17:00:00,1.1960675135028136,20.366743565970165
2025-03-18 18:00:00,0.8023150279656671,18.714432792604974
2025-03-18 19:00:00,0.5805337684709782,22.435898481536633
2025-03-18 20:00:00,1.9670222629288383,67.53215594015495
2025-03-18 21:00:00,0.4269760976376197,25.02937727383247
2025-03-18 22:00:00,0.8832397522243394,15.095409732841098
2025-03-18 23:00:00,1.3280473104484887,21.828468441795472
2025-03-19 00:00:00,1.5809998163236165,16.554609873166378
2025-03-19 01:00:00,1.8762181876955402,28.19642437441538
2025-03-19 02:00:00,1.903686702582535,22.653318156256194
2025-03-19 03:00:00,1.7732502257772318,20.449061625182704
2025-03-19 04:00:00,1.7029340880571848,25.579030346200096
2025-03-19 05:00:00,1.1128526402406624,28.974991083357107
2025-03-19 06:00:00,0.6738138134991376,17.795559743128408
2025-03-19 07:00:00,0.514284612028917,21.07153110037111
2025-03-19 08:00:00,0.524789592978611,14.82391375958864
2025-03-19 09:00:00,0.2843258800081626,8.30230725763027
2025-03-19 10:00:00,0.7689903741666411,22.31279699734409
2025-03-19 11:00:00,1.1432062576329347,24.575663865300783
2025-03-19 12:00:00,1.5290362551414627,19.303452999688886
2025-03-19 13:00:00,1.8707759150036993,25.510595614031306
2025-03-19 14:00:00,1.96991218115216,28.329380584207225
2025-03-19 15:00:00,1.9074038375014137,17.304514666832308
2025-03-19 16:00:00,1.8309955272291314,17.654939766329118
2025-03-19 17:00:00,1.2789143818067534,16.385082216641575
2025-03-19 18:00:00,2.3460008197200195,84.86344562029022
2025-03-19 19:00:00,0.6076703989788581,12.55340290483514
2025-03-19 20:00:00,0.45851996848113236,18.996848129384894
2025-03-19 21:00:00,0.7099927267188656,15.878542980047097
2025-03-19 22:00:00,0.5543197407632244,14.676840345849788
2025-03-19 23:00:00,0.8766678258698407,18.353629464014656
2025-03-20 00:00:00,1.3121382557751342,32.62544035439934
2025-03-20 01:00:00,1.7730491641061201,11.759218032186807
2025-03-20 02:00:00,1.944357405992391,24.077671461540156
2025-03-20 03:00:00,2.022855492641281,20.556449330879126
2025-03-20 04:00:00,1.9614853748317242,19.057487844207216
2025-03-20 05:00:00,1.550408327050268,17.454116406044697
2025-03-20 06:00:00,1.1357129688873757,18.94882265319085
2025-03-20 07:00:00,0.7415415983004501,24.091665880956896
2025-03-20 08:00:00,0.5292017613794167,25.309908420159267
2025-03-20 09:00:00,0.6010491258869534,25.975617854549853
2025-03-20 10:00:00,0.6166871227347172,25.214847252752847
2025-03-20 11:00:00,0.980438120271786,22.415256508202248
2025-03-20 12:00:00,1.1647433195589456,20.145722179233278
2025-03-20 13:00:00,1.5730140946779971,23.50850347523497
2025-03-20 14:00:00,2.008058977709837,15.158720549076998
2025-03-20 15:00:00,2.106472671019872,19.928150729723853
2025-03-20 16:00:00,1.6480164049612025,21.23529898060494
2025-03-20 17:00:00,1.7486617991703735,26.84296291027327
2025-03-20 18:00:00,1.3677872980638028,15.95797489932117
2025-03-20 19:00:00,0.9358788380960285,22.673924618045284
2025-03-20 20:00:00,0.533518332554316,25.502290466505002
2025-03-20 21:00:00,0.41722254904167755,16.674520728783126
2025-03-20 22:00:00,0.3622090865228259,24.979125990222947
2025-03-20 23:00:00,0.7128225160227392,23.643891265737928
2025-03-21 00:00:00,1.085835802785165,20.876934063329657
2025-03-21 01:00:00,1.3798109023879668,14.60790966906012
2025-03-21 02:00:00,1.7209572520407947,23.5765448193455
2025-03-21 03:00:00,2.0059211468320943,26.111028539731567
2025-03-21 04:00:00,1.954063274228255,22.34565036956865
2025-03-21 05:00:00,1.8185929339913531,18.83895548481504
2025-03-21 06:00:00,1.542957628269613,22.096524528208143
2025-03-21 07:00:00,0.8599307454654102,25.351783991326588
2025-03-21 08:00:00,0.6503992764080572,20.14383721499596
2025-03-21 09:00:00,0.45850545974782997,16.674032655323224
2025-03-21 10:00:00,0.3251978616034567,25.76383723823489
2025-03-21 11:00:00,0.34635898396047016,21.783533847549272
2025-03-21 12:00:00,0.7378181961123692,27.23860155265951
2025-03-21 13:00:00,1.467235777954794,21.916093144765487
2025-03-21 14:00:00,1.6819410325239257,16.08728383105144
2025-03-21 15:00:00,2.033090168954248,24.904186679198098
2025-03-21 16:00:00,1.997844528272659,18.321641625989187
2025-03-21 17:00:00,1.7851284347923217,22.93847778952567
2025-03-21 18:00:00,1.658906457867584,31.621904022670044
2025-03-21 19:00:00,1.337584634420294,23.90079954413701
2025-03-21 20:00:00,0.6903619989342896,21.287073154676982
2025-03-21 21:00:00,0.5027880344516081,20.44030606066098
2025-03-21 22:00:00,0.30138069411853247,26.27475420049047
2025-03-21 23:00:00,0.45268462285760774,19.799618554832527
2025-03-22 00:00:00,0.8798075601762686,14.72304854354379
2025-03-22 01:00:00,1.123294325599637,16.201108130957316
2025-03-22 02:00:00,1.4309803891836692,16.809696474665035
2025-03-22 03:00:00,2.0053416304593092,21.631536843047037
2025-03-22 04:00:00,1.9631107011491415,22.24720789771651
2025-03-22 05:00:00,1.9625542423918982,24.663498792750964
2025-03-22 06:00:00,1.6841971834646619,16.591076215479863
2025-03-22 07:00:00,1.384598596454576,12.60573798542499
2025-03-22 08:00:00,1.0074735153535774,22.534667735455102
2025-03-22 09:00:00,0.5247679136437597,29.116680376869418
2025-03-22 10:00:00,0.39586024688217225,10.642905811019062
2025-03-22 11:00:00,0.4255315302719878,25.342372246680377
2025-03-22 12:00:00,0.6212221252868461,19.501832043443276
2025-03-22 13:00:00,0.9711235473141042,28.721129186013496
2025-03-22 14:00:00,1.4408239643796314,12.30456214671083
2025-03-22 15:00:00,1.8336748196290564,15.681324387300698
2025-03-22 16:00:00,1.9610426068610727,27.303156042523902
2025-03-22 17:00:00,1.9963141436158147,21.969475699945708
2025-03-22 18:00:00,1.8417514920083804,26.765978752050117
2025-03-22 19:00:00,1.50634241311135,24.511071963974246
2025-03-22 20:00:00,1.1015602191298877,20.236303451688617
2025-03-22 21:00:00,0.590806801322403,17.382717735021295
2025-03-22 22:00:00,0.480573169073154,20.5647100269707
2025-03-22 23:00:00,0.39418228022334784,20.203000194771253
2025-03-23 00:00:00,1.8347106144513126,82.03885039651405
2025-03-23 01:00:00,0.8774105246970798,22.604563197435844
2025-03-23 02:00:00,1.2358286762754713,24.60982564811562
2025-03-23 03:00:00,1.4963090030556447,17.066413150662555
2025-03-23 04:00:00,1.9043535985170514,19.144814621553472
2025-03-23 05:00:00,1.9873175879095772,15.939900390552046
2025-03-23 06:00:00,2.087905550143169,13.091408976555343
2025-03-23 07:00:00,1.7425078817966737,10.399159486676584
2025-03-23 08:00:00,1.3067997684634791,20.366971135539565
2025-03-23 09:00:00,1.0038239199613872,17.967021399394564
2025-03-23 10:00:00,0.5240103023584697,21.355864239914627
2025-03-23 11:00:00,0.18644323491165155,15.981630750281994
2025-03-23 12:00:00,0.6989285587028493,16.577347793062778
2025-03-23 13:00:00,2.2857305667177124,82.27871963689688
2025-03-23 14:00:00,0.9942706738200282,8.362212930913163
2025-03-23 15:00:00,1.4437193470409615,14.137458032769954
2025-03-23 16:00:00,1.6707877185266797,20.710755542233784
2025-03-23 17:00:00,2.0524268254048454,15.770083139244054
2025-03-23 18:00:00,2.071794642007987,20.11266657583438
2025-03-23 19:00:00,1.7870055194205694,28.380299232753785
2025-03-23 20:00:00,1.4303425248392883,28.58972112646426
2025-03-23 21:00:00,1.0562752443320924,14.780824900140118
2025-03-23 22:00:00,0.689586939955845,15.129425494032882
2025-03-23 23:00:00,0.48465113144640404,29.975204220641384
2025-03-24 00:00:00,0.3516534122754909,26.070434877559403
2025-03-24 01:00:00,0.5468518043760523,19.24692733433712
2025-03-24 02:00:00,0.9903272533469827,23.28953030058465
2025-03-24 03:00:00,1.1962513108169972,27.44734064530048
2025-03-24 04:00:00,1.8674817521443836,16.455213111137716
2025-03-24 05:00:00,1.9544441776097885,25.95988218203687
2025-03-24 06:00:00,2.0398837435547246,22.966036447512963
2025-03-24 07:00:00,1.9708023190930732,15.908215046409214
2025-03-24 08:00:00,1.7959181621883218,16.326206617205546
2025-03-24 09:00:00,1.263770610426356,19.031581699689408
2025-03-24 10:00:00,0.7488743768590964,18.472931198593034
2025-03-24 11:00:00,0.5010963173442105,21.289746771684896
2025-03-24 12:00:00,0.36374702102948325,23.519604932863984
2025-03-24 13:00:00,0.5084240922143741,17.26048972789501
2025-03-24 14:00:00,0.6956138590236012,31.44383628926014
2025-03-24 15:00:00,0.9694204915211753,18.31845512275278
2025-03-24 16:00:00,1.5043359315830878,29.160056082520356
2025-03-24 17:00:00,1.9507536328530717,22.46237669220664
2025-03-24 18:00:00,2.1447664354429783,14.109754998883268
2025-03-24 19:00:00,2.0949971869359274,13.43019108516513
2025-03-24 20:00:00,1.748752647653736,18.821503161429042
2025-03-24 21:00:00,1.3997466260730242,19.11064962015194
2025-03-24 22:00:00,0.7802881960244213,16.56163930659581
2025-03-24 23:00:00,0.5113131105740049,30.16916269985581
2025-03-25 00:00:00,0.5059646122578778,17.897580379781846
2025-03-25 01:00:00,0.5965476815564348,17.886843784773266
2025-03-25 02:00:00,0.46825545667592144,19.05362408841752
2025-03-25 03:00:00,0.9917860839667941,17.13967125154921
2025-03-25 04:00:00,1.4733358998478374,12.00271570696778
2025-03-25 05:00:00,1.7540819873481006,15.075832388908957
2025-03-25 06:00:00,2.009208389940496,19.189057900325164
2025-03-25 07:00:00,1.916397934174585,23.536029689074198
2025-03-25 08:00:00,1.6248169676338728,21.704373129291106
2025-03-25 09:00:00,1.3737915357372876,23.566172510745606
2025-03-25 10:00:00,1.0384897922277556,7.916178191667754
2025-03-25 11:00:00,0.8043917066396729,22.611122208277923
2025-03-25 12:00:00,0.4053159610311896,17.623509605614114
2025-03-25 13:00:00,0.3957467247182488,18.187040459817048
2025-03-25 14:00:00,0.47646650988002626,13.785401050378123
2025-03-25 15:00:00,0.7986375415211446,28.79101321414109
2025-03-25 16:00:00,1.0939637434755582,21.462101172652112
2025-03-25 17:00:00,1.374480004483663,18.83961100332573
2025-03-25 18:00:00,1.882645689998807,23.311228902743707
2025-03-25 19:00:00,1.699029315605388,18.225707907193748
2025-03-25 20:00:00,1.9518185383583608,17.215068310959293
2025-03-25 21:00:00,1.5982164003285595,29.545359944264742
2025-03-25 22:00:00,1.2888949305557855,19.89160500379931
2025-03-25 23:00:00,0.991623842685168,24.399975650094113
2025-03-26 00:00:00,0.5357526659300293,17.149477535578672
2025-03-26 01:00:00,0.5208769648121503,20.75715910083436
2025-03-26 02:00:00,0.27915131690156003,32.54853674327725
2025-03-26 03:00:00,0.7207346295520458,18.711262340548423
2025-03-26 04:00:00,1.0906631585462563,9.383400507727105
2025-03-26 05:00:00,1.404672004616161,21.798228047486987
2025-03-26 06:00:00,2.0172485637411066,9.47338042575293
2025-03-26 07:00:00,2.0598537602215425,28.662311960496226
2025-03-26 08:00:00,2.250744309662737,18.856825805467913
2025-03-26 09:00:00,1.9705755897908896,15.514859116984272
2025-03-26 10:00:00,1.4537996787791803,20.952162471152853
2025-03-26 11:00:00,1.056068931853947,20.461257881708107
2025-03-26 12:00:00,0.7144514663740335,14.036098944751746
2025-03-26 13:00:00,0.4818862895504238,22.404414018096247
2025-03-26 14:00:00,0.41053635475463557,15.983222641562564
2025-03-26 15:00:00,0.562707656217897,22.93932452701456
2025-03-26 16:00:00,0.9524814701286455,19.83068891590064
2025-03-26 17:00:00,1.302876217694163,15.497182518261619
2025-03-26 18:00:00,1.6586951667865195,19.37607408598489
2025-03-26 19:00:00,1.8353804396671862,8.944564957102108
2025-03-26 20:00:00,1.9935748498610153,20.84639451127828
2025-03-26 21:00:00,2.0038779357778616,19.42860613051618
2025-03-26 22:00:00,1.6200307918891415,21.44882499578336
2025-03-26 23:00:00,1.259997662313666,24.94483996587677
2025-03-27 00:00:00,0.9484076788638385,14.832246604164865
2025-03-27 01:00:00,0.5381529141279834,20.644795028919013
2025-03-27 02:00:00,0.41317752185520146,27.005025162724134
2025-03-27 03:00:00,0.4989010724749435,20.34598750491773
2025-03-27 04:00:00,0.7372715815358224,16.178147511908236
2025-03-27 05:00:00,1.0863432051980975,18.515939076160436
2025-03-27 06:00:00,1.438693816252829,28.27929111827909
2025-03-27 07:00:00,3.335119161603891,77.14409037104268
2025-03-27 08:00:00,1.9808438410464957,30.290974261187806
2025-03-27 09:00:00,2.1852407339378592,22.239611435750064
2025-03-27 10:00:00,1.7606862072043121,19.787794266298157
2025-03-27 11:00:00,1.3401997791665636,16.92558765178458
2025-03-27 12:00:00,1.028717197739258,21.66219131219516
2025-03-27 13:00:00,0.4432127653163168,21.628593639786004
2025-03-27 14:00:00,0.6071859195103215,27.336510290773646
2025-03-27 15:00:00,0.25977679642773815,24.400384373139694
2025-03-27 16:00:00,0.551245541869896,17.869583667540574
2025-03-27 17:00:00,0.9910578678444866,15.44841314136745
2025-03-27 18:00:00,1.4313613157487586,24.057864199604023
2025-03-27 19:00:00,1.7161240139054355,17.34516734074193
2025-03-27 20:00:00,1.8694792426824496,23.92802472454508
2025-03-27 21:00:00,2.059952360397264,28.379607496124756
2025-03-27 22:00:00,1.659102745496207,17.50891678549107
2025-03-27 23:00:00,1.451345866326935,16.01027023480318
2025-03-28 00:00:00,1.1482543998378392,16.616198852976275
2025-03-28 01:00:00,0.6723422512729046,19.432630474363318
2025-03-28 02:00:00,0.31121208690072777,14.270285659299242
2025-03-28 03:00:00,0.5250772514773093,15.47948138898996
2025-03-28 04:00:00,0.531016888419773,18.805587849422608
2025-03-28 05:00:00,0.6416394574548565,21.801055610215116
2025-03-28 06:00:00,1.172073270575758,28.2691630103894
2025-03-28 07:00:00,1.5161413536237691,19.76663349160977
2025-03-28 08:00:00,1.8406201961051507,23.337387712708626
2025-03-28 09:00:00,1.948794741266883,15.786322215291051
2025-03-28 10:00:00,2.0045732017800026,24.926746572610114
2025-03-28 11:00:00,1.6674130220589136,21.194718689032797
2025-03-28 12:00:00,1.285898745416009,26.14412960136418
2025-03-28 13:00:00,0.9469822701974131,25.496372504360053
2025-03-28 14:00:00,0.5948754250532687,21.541846257230162
2025-03-28 15:00:00,0.45706419698676076,22.286367337892763
2025-03-28 16:00:00,0.36515552918969935,20.830318395173755
2025-03-28 17:00:00,0.6598499673826785,18.965429672640717
2025-03-28 18:00:00,1.155687343268824,23.346142767222588
2025-03-28 19:00:00,1.249971785706085,15.961158046339312
2025-03-28 20:00:00,1.758527253497176,17.978737450555037
2025-03-28 21:00:00,2.0399675020958012,15.744535205185114
2025-03-28 22:00:00,1.9920699039267022,23.211434214859498
2025-03-28 23:00:00,1.756044904208192,16.481101706304823
2025-03-29 00:00:00,1.4160662416196583,14.116248796959676
2025-03-29 01:00:00,0.810965504849786,21.506483116825432
2025-03-29 02:00:00,0.5572657994286523,20.001415484263557
2025-03-29 03:00:00,0.47751305987680104,20.34345404344069
2025-03-29 04:00:00,0.4999449832335747,14.62645482816747
2025-03-29 05:00:00,0.5110657458169966,24.08499713485955
2025-03-29 06:00:00,0.7592443629907164,20.798766624780917
2025-03-29 07:00:00,1.36260469076146,19.7721877291378
2025-03-29 08:00:00,1.6042065449267005,16.716249381184024
2025-03-29 09:00:00,1.8921603911235378,21.254780891212437
2025-03-29 10:00:00,1.9831851701958298,11.981623804681846
2025-03-29 11:00:00,1.9283693074073422,18.67271981091157
2025-03-29 12:00:00,1.5943431201615612,16.043396597419168
2025-03-29 13:00:00,1.1328588565052664,26.70170304132533
2025-03-29 14:00:00,0.7594043823996532,33.29046415383856
2025-03-29 15:00:00,0.41637332802389654,19.404863407861555
2025-03-29 16:00:00,0.46611214144933955,19.943461930649978
2025-03-29 17:00:00,0.5563777407168358,16.062950472590227
2025-03-29 18:00:00,0.862678173563726,24.48151216389703
2025-03-29 19:00:00,1.1138428504126063,24.553135484357075
2025-03-29 20:00:00,1.3858408200350865,21.598029591729865
2025-03-29 21:00:00,3.4602540042381977,78.79962255572997
2025-03-29 22:00:00,2.120343351346409,23.10817355150559
2025-03-29 23:00:00,2.1861695334318707,22.05971247355074
2025-03-30 00:00:00,3.13520993030407,78.67345692752582
2025-03-30 01:00:00,1.4295337749655808,10.21006014727132
2025-03-30 02:00:00,0.773097520361506,25.04402098575006
2025-03-30 03:00:00,0.6129092998277116,12.645596964541365
2025-03-30 04:00:00,0.46685452544593103,15.596377891364742
2025-03-30 05:00:00,0.5360233691967429,15.573982791443175
2025-03-30 06:00:00,0.7969578568051561,13.621415842505424
2025-03-30 07:00:00,1.1534837734145158,30.818976645056278
2025-03-30 08:00:00,1.421204201950721,20.766468391748802
2025-03-30 09:00:00,1.8591451069188083,11.917789419483052
2025-03-30 10:00:00,1.6935040171685096,23.862699979371815
2025-03-30 11:00:00,1.903223671454044,15.583925548554674
2025-03-30 12:00:00,1.7855187496001514,18.09968900682578
2025-03-30 13:00:00,1.429058020847373,21.45850020039294
2025-03-30 14:00:00,1.0718347763941467,14.073877919681939
2025-03-30 15:00:00,0.86197435730947,10.91300519186513
2025-03-30 16:00:00,0.40323712372892007,23.972514663381272
2025-03-30 17:00:00,0.23071144584850845,22.275314329914305
2025-03-30 18:00:00,0.5439647146308539,21.81172340985861
2025-03-30 19:00:00,0.8117848821604141,16.510895727517337
2025-03-30 20:00:00,1.0504225280402757,15.279921254774017
2025-03-30 21:00:00,1.637842005251346,18.049691339036524
2025-03-30 22:00:00,2.003853048641507,17.047760668635657
2025-03-30 23:00:00,2.1503090348252347,20.454478600111635
2025-03-31 00:00:00,1.8778578767181395,16.63158793002006
2025-03-31 01:00:00,1.7630386979680859,16.000580821721027
2025-03-31 02:00:00,1.0831881573476858,15.434463437966631
2025-03-31 03:00:00,0.9568458746649379,13.260750869038867
2025-03-31 04:00:00,0.6362141120488838,31.033300045139395
2025-03-31 05:00:00,0.45609166602896084,22.22954855431849
2025-03-31 06:00:00,0.37601534993361707,23.6516149025259
2025-03-31 07:00:00,0.6323269207980785,23.182092906780966
2025-03-31 08:00:00,0.9047896052006417,20.54970793855122
2025-03-31 09:00:00,1.5144085376044663,15.04196926309825
2025-03-31 10:00:00,1.9485231875008986,15.49254689838016
2025-03-31 11:00:00,1.9207431199569411,22.522635347088634
2025-03-31 12:00:00,1.928433257560349,25.75800541860071
2025-03-31 13:00:00,1.980739491935538,15.929660329063264
2025-03-31 14:00:00,1.4415186834028562,16.115059743703608
2025-03-31 15:00:00,1.1217550713048483,22.121570557900387
2025-03-31 16:00:00,0.6521224113295058,24.83400518581287
2025-03-31 17:00:00,0.6696315579947859,15.711628338950197
2025-03-31 18:00:00,0.2512834658777763,31.372594832235478
2025-03-31 19:00:00,0.5432623065306683,24.962214199187496
2025-03-31 20:00:00,0.8097901697540331,14.864875726860731
2025-03-31 21:00:00,1.208869513791025,12.931798773920818
2025-03-31 22:00:00,1.9582079868297688,24.81784385694877
2025-03-31 23:00:00,1.9038148763153555,21.822588358726588
2025-04-01 00:00:00,2.077738126200318,26.02292680874495
2025-04-01 01:00:00,1.7649215460071683,19.82614875105514
2025-04-01 02:00:00,1.5088786006057093,17.98685137012603
2025-04-01 03:00:00,0.9766927830544958,13.689079278059506
2025-04-01 04:00:00,2.32173982456156,70.39449274268394
2025-04-01 05:00:00,0.48332289988040333,15.00212131289489
2025-04-01 06:00:00,0.29852560209659557,18.861678329479673
2025-04-01 07:00:00,0.410030346993598,25.313503616578096
2025-04-01 08:00:00,0.6379384075666312,23.318617375752808
2025-04-01 09:00:00,0.9330792974343802,23.487087473492934
2025-04-01 10:00:00,1.5892669876420846,23.271044549878724
2025-04-01 11:00:00,1.682063724148351,28.56871356077125
2025-04-01 12:00:00,1.7865018324712638,18.27275366081893
2025-04-01 13:00:00,1.9703927081890997,20.816991421985268
2025-04-01 14:00:00,1.7015215627597646,23.341302144875048
2025-04-01 15:00:00,2.8580872937524444,76.96411193430514
2025-04-01 16:00:00,0.9483258796768124,22.348236754291033
2025-04-01 17:00:00,0.5043034696052067,19.829176140287153
2025-04-01 18:00:00,0.5305394054316157,17.895014603416342
2025-04-01 19:00:00,0.6455968955419751,23.99915787545583
2025-04-01 20:00:00,0.7580168410843301,16.814527823317214
2025-04-01 21:00:00,0.8663550968248568,13.479072960107054
2025-04-01 22:00:00,1.2980115716581504,20.77261821947348
2025-04-01 23:00:00,1.774458907413732,17.908860601191225
2025-04-02 00:00:00,1.9152075558159416,16.823709770445003
2025-04-02 01:00:00,1.8193784494497658,21.357373424233238
2025-04-02 02:00:00,1.855947453570536,21.123783946369862
2025-04-02 03:00:00,1.3248837190381495,11.132094143257087
2025-04-02 04:00:00,1.1474209345649196,17.306255046815945
2025-04-02 05:00:00,0.7411407492169119,11.25781211307042
2025-04-02 06:00:00,0.41162404283738174,22.52123166969499
2025-04-02 07:00:00,0.32585882976129643,14.616441021830923
2025-04-02 08:00:00,0.5190977112017169,20.1980105545305
2025-04-02 09:00:00,0.8221617501846241,21.162915710436508
2025-04-02 10:00:00,1.17269636825263,25.272791407225437
2025-04-02 11:00:00,1.528623067413623,26.766935464585956
2025-04-02 12:00:00,1.9746371962301281,32.84304363524703
2025-04-02 13:00:00,2.0145854217341923,16.206008805306837
2025-04-02 14:00:00,1.8288497665747783,23.412496348009974
2025-04-02 15:00:00,1.7618420215707966,18.047759980618146
2025-04-02 16:00:00,1.2557683858395738,17.05593387130352
2025-04-02 17:00:00,0.89518500234676,17.817712205948695
2025-04-02 18:00:00,0.553717273355672,19.340398067828964
2025-04-02 19:00:00,0.5684023036875101,11.758523475527166
2025-04-02 20:00:00,0.5109805187328785,23.63034368381146
2025-04-02 21:00:00,0.726955566103353,25.03285960188124
2025-04-02 22:00:00,0.9798982252597778,19.565100130562904
2025-04-02 23:00:00,1.4836374939744605,18.58749661745176
2025-04-03 00:00:00,1.943743691763517,21.460873314185513
2025-04-03 01:00:00,1.9948756739329045,24.551786036133834
2025-04-03 02:00:00,1.9042533867266593,24.470195276214447
2025-04-03 03:00:00,1.6382634658682889,21.072135477043318
2025-04-03 04:00:00,1.423448508342824,21.184244976158705
2025-04-03 05:00:00,0.9177440079733981,22.882019813194404
2025-04-03 06:00:00,0.7627578954926962,20.149791268504973
2025-04-03 07:00:00,0.45552694855929854,12.25198783306117
2025-04-03 08:00:00,0.40182914907292633,23.919697719677693
2025-04-03 09:00:00,0.4814402990486004,23.83229012474779
2025-04-03 10:00:00,0.7688105871867059,18.938469560468167
2025-04-03 11:00:00,1.249210421637157,14.284817551788697
2025-04-03 12:00:00,1.7465940857289208,20.473919947327932
2025-04-03 13:00:00,1.9994432567695626,25.088780080891453
2025-04-03 14:00:00,2.041221476039633,24.877870777755966
2025-04-03 15:00:00,1.8439542624375462,20.361419741983795
2025-04-03 16:00:00,1.5212635140249884,27.597921211235583
2025-04-03 17:00:00,1.40803495681917,21.487771039990033
2025-04-03 18:00:00,0.8339568240717836,24.502844751224668
2025-04-03 19:00:00,0.5847872674535981,17.647991915794115
2025-04-03 20:00:00,0.44898116148564426,15.097354569302553
2025-04-03 21:00:00,1.974493646197628,72.49918768439785
2025-04-03 22:00:00,0.7012064173687882,18.576744199569784
2025-04-03 23:00:00,1.1204541312290448,21.027573117246213
2025-04-04 00:00:00,1.4540928213963822,27.257263119087163
2025-04-04 01:00:00,1.7467380281933051,16.49176208609156
2025-04-04 02:00:00,1.9350090133418631,20.09412257386974
2025-04-04 03:00:00,1.9230762078580683,14.77577757224522
2025-04-04 04:00:00,3.2236251647418173,85.15911324566761
2025-04-04 05:00:00,1.3303992677935117,16.98691008581165
2025-04-04 06:00:00,0.8531639277056651,25.838969827716355
2025-04-04 07:00:00,0.613830532151611,19.11766200279755
2025-04-04 08:00:00,0.3633867776063917,18.732343236436282
2025-04-04 09:00:00,0.4276212630933171,26.048457934268104
2025-04-04 10:00:00,0.6149471100264002,12.30102745611773
2025-04-04 11:00:00,1.0082456843027885,19.382954359994216
2025-04-04 12:00:00,1.2789736669266403,32.61599164850183
2025-04-04 13:00:00,1.6005062207482692,20.410236821095026
2025-04-04 14:00:00,2.0805791889905683,17.5346629438698
2025-04-04 15:00:00,1.7409470840102668,22.386686442493005
2025-04-04 16:00:00,3.2887172892066845,72.5393911098147
2025-04-04 17:00:00,1.4228726483815934,26.21773841693452
2025-04-04 18:00:00,1.0117380995009058,21.80653202190283
2025-04-04 19:00:00,0.6254231761941814,30.596295833716773
2025-04-04 20:00:00,0.49315785575385873,18.928193141070025
2025-04-04 21:00:00,0.4590821124072523,19.429541977271167
2025-04-04 22:00:00,0.613186704216563,14.541318483131874
2025-04-04 23:00:00,0.7801288020722378,24.558178732795152
2025-04-05 00:00:00,1.220683633709488,21.50267525421656
2025-04-05 01:00:00,1.750946999670683,24.790505567749356
2025-04-05 02:00:00,1.948896880294672,12.391054102064814
2025-04-05 03:00:00,1.9174131302827984,15.871912350521225
2025-04-05 04:00:00,1.790344210384107,20.45522071448584
2025-04-05 05:00:00,1.7002100212242197,13.271448184055366
2025-04-05 06:00:00,1.3140648863272475,17.184427332816426
2025-04-05 07:00:00,0.7844386902354539,19.57716658639277
2025-04-05 08:00:00,0.5992739120445431,20.053977180324516
2025-04-05 09:00:00,0.490133141575936,18.181666571619935
2025-04-05 10:00:00,0.5677050931211939,25.311178080674217
2025-04-05 11:00:00,0.5174216293819992,23.097336006425547
2025-04-05 12:00:00,0.9974825884472968,28.51501735837165
2025-04-05 13:00:00,1.450404634940439,23.764251939400722
2025-04-05 14:00:00,1.7348968280454935,21.349700203854248
2025-04-05 15:00:00,1.9932105430616212,16.65955147551288
2025-04-05 16:00:00,2.075087663680458,28.325784300967346
2025-04-05 17:00:00,1.7981220831221754,17.328035551497162
2025-04-05 18:00:00,1.3704570724596392,23.482418328454198
2025-04-05 19:00:00,1.0793977664977727,16.550953328748967
2025-04-05 20:00:00,0.7408898095627406,5.111449196218494
2025-04-05 21:00:00,0.3785674450383459,16.617782692175098
2025-04-05 22:00:00,0.43233455142752975,17.86813173670178
2025-04-05 23:00:00,0.3442743180368538,13.220052510611643
2025-04-06 00:00:00,2.5066944213878384,73.65211678932273
2025-04-06 01:00:00,1.350176836106658,19.274156235911153
2025-04-06 02:00:00,1.7599655038402706,30.9343298698743
2025-04-06 03:00:00,1.981508560096225,22.28034609941165
2025-04-06 04:00:00,1.8846468057183468,18.691209641177373
2025-04-06 05:00:00,1.7776744855289635,15.294992300202978
2025-04-06 06:00:00,1.4967733262699143,18.322102189811936
2025-04-06 07:00:00,1.1405669249962371,18.568940959116027
2025-04-06 08:00:00,0.8921959900027134,26.845902963319695
2025-04-06 09:00:00,0.5971385124108743,22.541664177790402
2025-04-06 10:00:00,0.5038020777740475,28.26207779329176
2025-04-06 11:00:00,0.44809738326520265,13.462220315923954
2025-04-06 12:00:00,0.6552898445761474,23.813953872633746
2025-04-06 13:00:00,0.8866764722773504,19.267170749640865
2025-04-06 14:00:00,1.6745877866396988,16.11266359192942
2025-04-06 15:00:00,1.8689719926070418,20.40394970260057
2025-04-06 16:00:00,2.0469100913489076,22.59211517368977
2025-04-06 17:00:00,1.9715019589810745,19.616219704153597
2025-04-06 18:00:00,1.810815052075616,20.41686358630293
2025-04-06 19:00:00,1.4768411617407315,19.507032821461816
2025-04-06 20:00:00,0.8947035615280542,26.998300183835028
2025-04-06 21:00:00,0.5721951879984869,17.626273557599788
2025-04-06 22:00:00,0.47982679581382714,19.610971333810994
2025-04-06 23:00:00,0.3502462444473887,15.116581205583454
2025-04-07 00:00:00,0.6960212480144443,21.835586038840766
2025-04-07 01:00:00,1.0499341085919414,30.651384785638026
2025-04-07 02:00:00,1.423032461715629,19.989581640210673
2025-04-07 03:00:00,1.61828270997677,14.80464749707802
2025-04-07 04:00:00,1.9565844929658784,18.640180867422405
2025-04-07 05:00:00,2.0682883582333877,16.243874618497152
2025-04-07 06:00:00,1.865960276655864,14.41685860492272
2025-04-07 07:00:00,1.4998668409699423,25.418726327687526
2025-04-07 08:00:00,0.9878031970656114,18.914318478710307
2025-04-07 09:00:00,0.7446760893782797,18.93550874004244
2025-04-07 10:00:00,0.4249378452953306,17.759632680292096
2025-04-07 11:00:00,0.45194365025041466,18.88451158843142
2025-04-07 12:00:00,0.47401111845475186,9.198424222266691
2025-04-07 13:00:00,0.8324269560803808,18.676206896560604
2025-04-07 14:00:00,1.2676052829702908,19.59254520432982
2025-04-07 15:00:00,1.6849396145862328,13.38108538542609
2025-04-07 16:00:00,1.830971266151699,22.46584093264259
2025-04-07 17:00:00,2.1991291736024876,10.887411991130412
2025-04-07 18:00:00,1.8848056729641656,12.229737798656599
2025-04-07 19:00:00,1.501673420852387,8.671463998214172
2025-04-07 20:00:00,1.2544075045481702,26.853278052632447
2025-04-07 21:00:00,0.7463492686931255,16.282269367821076
2025-04-07 22:00:00,0.5313622714748933,14.35488233226358
2025-04-07 23:00:00,0.3988043418093731,28.519542160080732
2025-04-08 00:00:00,0.443365159867587,17.311453251567418
2025-04-08 01:00:00,0.6467627551368792,23.22802909495833
2025-04-08 02:00:00,0.9857167809928501,17.168341968141895
2025-04-08 03:00:00,1.4860076665192241,18.982335057065495
2025-04-08 04:00:00,3.244080512769723,77.28420678998586
2025-04-08 05:00:00,3.5557837139653645,76.81892607713803
2025-04-08 06:00:00,1.8431944273832006,21.039752477278398
2025-04-08 07:00:00,1.918778984800983,23.602666599213933
2025-04-08 08:00:00,1.381654800830656,14.930101901293728
2025-04-08 09:00:00,0.9716722129400204,31.01783914948343
2025-04-08 10:00:00,0.8306121365304678,25.341748790228216
2025-04-08 11:00:00,0.35670081835298906,28.553608952473013
2025-04-08 12:00:00,0.447144326021984,27.02237581778871
2025-04-08 13:00:00,0.581517496756935,17.677161770429063
2025-04-08 14:00:00,0.9648654225661369,17.402008656190993
2025-04-08 15:00:00,1.069056028442735,18.234315773712765
2025-04-08 16:00:00,1.7981122502381646,28.702374368343854
2025-04-08 17:00:00,1.7643732997458024,16.939013469098146
2025-04-08 18:00:00,2.1702477582600035,26.323464638955606
2025-04-08 19:00:00,1.6485153282769534,27.09940342109801
2025-04-08 20:00:00,1.6314844015208774,23.15644804895038
2025-04-08 21:00:00,1.287968180463089,17.9623157671
2025-04-08 22:00:00,0.8025543634584076,17.684208977827026
2025-04-08 23:00:00,0.5976935964013829,26.33413390563279
2025-04-09 00:00:00,0.47616540677190144,11.745780185975882
2025-04-09 01:00:00,0.4315379165311748,19.923134310040627
2025-04-09 02:00:00,0.879928626026008,28.155159520129143
2025-04-09 03:00:00,1.0840257625676974,13.817740018015096
2025-04-09 04:00:00,1.3523138286131748,16.2389375647694
2025-04-09 05:00:00,1.841434515919043,15.585470079503452
2025-04-09 06:00:00,1.8828481526516168,21.1548474594649
2025-04-09 07:00:00,1.874397289321886,14.3661525772534
2025-04-09 08:00:00,1.887932673033984,16.418783809368975
2025-04-09 09:00:00,1.2666924502854997,9.945072126023849
2025-04-09 10:00:00,0.9646693590228139,18.732847509685826
2025-04-09 11:00:00,0.7503406267552954,26.930285942600406
2025-04-09 12:00:00,0.5046704025212101,20.109942547807037
2025-04-09 13:00:00,0.3203813280258775,19.356594629118895
2025-04-09 14:00:00,0.539536791811564,26.22347917821842
2025-04-09 15:00:00,1.1320380641645185,20.42994091485471
2025-04-09 16:00:00,1.411727623590269,25.384132595778667
2025-04-09 17:00:00,1.7712636312872976,23.661217167985793
2025-04-09 18:00:00,2.11908337196841,21.857305301508305
2025-04-09 19:00:00,2.0326174215856114,25.214375858995616
2025-04-09 20:00:00,3.355607000408978,89.05326600014925
2025-04-09 21:00:00,1.579618071270599,19.982609041276994
2025-04-09 22:00:00,1.0997782295654344,21.422819178932805
2025-04-09 23:00:00,0.9352721872030597,13.49327778853931
2025-04-10 00:00:00,0.4832964049355104,26.000523989857108
2025-04-10 01:00:00,0.3570643554381958,5.461564528959684
2025-04-10 02:00:00,0.45744646273856404,18.5561949621074
2025-04-10 03:00:00,0.6949679650452898,21.722205043401612
2025-04-10 04:00:00,1.3755848252532203,17.985806453557267
2025-04-10 05:00:00,1.5844454290635834,19.858050958744485
2025-04-10 06:00:00,1.953377580410644,12.216147909930154
2025-04-10 07:00:00,2.0217235597252965,24.26248609986634
2025-04-10 08:00:00,1.856886577059346,18.103737467684873
2025-04-10 09:00:00,1.484058859506808,24.764627724531714
2025-04-10 10:00:00,1.2027658284338656,19.816100539478768
2025-04-10 11:00:00,0.9942399903900003,18.158132237124256
2025-04-10 12:00:00,0.5000986938674608,20.373329498750948
2025-04-10 13:00:00,0.4427141731403546,22.33371663404713
2025-04-10 14:00:00,0.32378828318971736,17.23421887136997
2025-04-10 15:00:00,0.6706011899144547,29.095315763051516
2025-04-10 16:00:00,0.8270776239586366,13.579504154653225
2025-04-10 17:00:00,1.331908693597021,23.193801695362293
2025-04-10 18:00:00,1.857463986359009,20.48615318809674
2025-04-10 19:00:00,1.806281655871377,15.06335043522624
2025-04-10 20:00:00,1.9347948207122403,18.236785840687496
2025-04-10 21:00:00,1.693491078173412,15.273534307002794
2025-04-10 22:00:00,1.3030070003522323,24.485683385059655
2025-04-10 23:00:00,0.9553756050727966,18.714766926496534
2025-04-11 00:00:00,0.7094496768774252,24.416857081523645
2025-04-11 01:00:00,0.4569092863861406,20.83517021378303
2025-04-11 02:00:00,0.35845847842194195,22.090554209724814
2025-04-11 03:00:00,0.6672815576442922,18.417853021544573
2025-04-11 04:00:00,0.7684804266286853,19.623267401936815
2025-04-11 05:00:00,1.386391243785106,15.992296928435302
2025-04-11 06:00:00,1.6854540234689128,14.240127879855246
2025-04-11 07:00:00,1.9453972586922184,15.235884755089762
2025-04-11 08:00:00,2.021234558520768,24.8604797917232
2025-04-11 09:00:00,2.0691646983019356,17.809977519531337
2025-04-11 10:00:00,1.4299152517460583,20.605880111506707
2025-04-11 11:00:00,1.3607524090702723,23.46329045491479
2025-04-11 12:00:00,0.7825053422774418,25.03882594819618
2025-04-11 13:00:00,0.32247687475039793,18.710669891309863
2025-04-11 14:00:00,0.29699850944416945,20.83122817343886
2025-04-11 15:00:00,0.41092535981071193,23.852752108876196
2025-04-11 16:00:00,0.6393295577371003,24.60147622299867
2025-04-11 17:00:00,1.1982070357611345,31.64658764215523
2025-04-11 18:00:00,1.3938870084170563,35.342889994613266
2025-04-11 19:00:00,1.7208037477612264,27.941817598523357
2025-04-11 20:00:00,2.073795558339029,20.852386883049732
2025-04-11 21:00:00,2.0101156415038437,16.153740934583645
2025-04-11 22:00:00,1.4851118104872554,19.148232835759057
2025-04-11 23:00:00,1.4235402516358524,17.53855846659666
2025-04-12 00:00:00,0.9296639316545069,21.13326119581566
2025-04-12 01:00:00,0.378185133361139,20.636054253960417
2025-04-12 02:00:00,0.6217405016198388,23.130497986546576
2025-04-12 03:00:00,0.24734891665376957,20.825408242530017
2025-04-12 04:00:00,0.5772374222754054,27.59449843932319
2025-04-12 05:00:00,1.0456941118093601,25.638293856020496
2025-04-12 06:00:00,1.3571412602397785,16.2497065921724
2025-04-12 07:00:00,1.7545590215785276,12.93850196410239
2025-04-12 08:00:00,2.0689808924726965,24.43762144579516
2025-04-12 09:00:00,1.9614039269505368,23.651111226722698
2025-04-12 10:00:00,1.9643758774202353,31.147501363173053
2025-04-12 11:00:00,1.519285285132298,16.186063054868214
2025-04-12 12:00:00,1.0713418567052846,18.308813322191288
2025-04-12 13:00:00,0.7870164769936986,22.194961616252776
2025-04-12 14:00:00,0.6978036810801758,14.181763755017354
2025-04-12 15:00:00,0.45896267756779385,30.380542991789717
2025-04-12 16:00:00,0.4566893240302257,15.8674937979644
2025-04-12 17:00:00,0.578620276154899,20.712511376876833
2025-04-12 18:00:00,1.0648705064348039,28.01961272567907
2025-04-12 19:00:00,1.5050405611066608,18.61384394171389
2025-04-12 20:00:00,1.8163415227279764,14.68235176925085
2025-04-12 21:00:00,2.05307122862087,23.812654224668194
2025-04-12 22:00:00,1.7607395961811576,16.217234307573374
2025-04-12 23:00:00,1.7025246511304921,17.052114154369868
2025-04-13 00:00:00,1.258781594490449,19.359729672440814
2025-04-13 01:00:00,1.0444252302095938,21.708305036803978
2025-04-13 02:00:00,0.6872895267652249,18.574984864243124
2025-04-13 03:00:00,0.44060819590995703,22.490312550225912
2025-04-13 04:00:00,2.02351406408365,80.55555025883523
2025-04-13 05:00:00,0.6364041217709508,24.14947261635075
2025-04-13 06:00:00,1.0412741154063638,18.27164910650338
2025-04-13 07:00:00,1.3927090823397685,18.874986249221365
2025-04-13 08:00:00,1.8401944727215853,22.26084252923372
2025-04-13 09:00:00,3.4144153014124323,79.90722122752565
2025-04-13 10:00:00,1.9107191543022903,18.281081974718127
2025-04-13 11:00:00,1.9203652791140204,19.195937684419302
2025-04-13 12:00:00,1.5390954670799615,0.0
2025-04-13 13:00:00,1.11730655091602,22.786160479331457
2025-04-13 14:00:00,0.7075765351033024,16.185808977990234
2025-04-13 15:00:00,0.5110291727374213,23.045943821764666
2025-04-13 16:00:00,0.5492409821572038,20.537203346559306
2025-04-13 17:00:00,0.599811690622225,8.737049030599627
2025-04-13 18:00:00,0.896692856449979,30.49357564031439
2025-04-13 19:00:00,1.342777619556656,23.23558194051492
2025-04-13 20:00:00,1.4330451752941538,11.241295768859024
2025-04-13 21:00:00,1.8997099130525594,25.61598504496162
2025-04-13 22:00:00,3.4022177097929056,77.31944903816903
2025-04-13 23:00:00,1.8087402431504456,19.956277684104695
2025-04-14 00:00:00,1.7473617151960177,26.738209140473224
2025-04-14 01:00:00,1.3410917518408385,24.15681180398998
2025-04-14 02:00:00,0.8105221561186294,22.052243282300203
2025-04-14 03:00:00,0.5304594018249137,31.976605915007962
2025-04-14 04:00:00,0.5007696649026346,28.40959048318964
2025-04-14 05:00:00,0.4642975330247358,18.615243110988008
2025-04-14 06:00:00,0.8139090707959006,14.194163334747099
2025-04-14 07:00:00,1.2224198188870457,12.975000202794888
2025-04-14 08:00:00,1.483061882164368,20.362238071354945
2025-04-14 09:00:00,1.8407805900582768,18.167875871735735
2025-04-14 10:00:00,1.9477613571209829,13.965516258495391
2025-04-14 11:00:00,1.9257440473462029,14.197604723274788
2025-04-14 12:00:00,1.686320414562775,24.45953583608645
2025-04-14 13:00:00,1.4198092914225462,23.98598239326808
2025-04-14 14:00:00,1.0960601780982266,18.939363160098498
2025-04-14 15:00:00,0.6476513851300745,30.448540852035286
2025-04-14 16:00:00,0.36586859869085914,22.515409756943246
2025-04-14 17:00:00,0.40661660269672417,27.059886086674844
2025-04-14 18:00:00,0.4355339900921776,21.511809849210216
2025-04-14 19:00:00,1.1567250684415735,16.567649209644337
2025-04-14 20:00:00,1.4308301389200333,31.57247568958203
2025-04-14 21:00:00,1.8273308866105946,17.191615514328618
2025-04-14 22:00:00,1.932989078445242,15.54482856255844
2025-04-14 23:00:00,1.8576330860861492,21.662928647302206
2025-04-15 00:00:00,1.864949247952682,27.29727683185715
2025-04-15 01:00:00,1.5867463773295927,24.511765224982632
2025-04-15 02:00:00,1.0312441464909115,14.989376600285384
2025-04-15 03:00:00,0.7946649355099139,14.30479400731964
2025-04-15 04:00:00,0.4481623399139033,28.217339019348607
2025-04-15 05:00:00,0.4027872976669519,13.533376756784275
2025-04-15 06:00:00,0.48833746181668375,19.69900727278708
2025-04-15 07:00:00,0.9914786433476255,18.121188094543733
2025-04-15 08:00:00,1.0702556953032876,17.68879576490297
2025-04-15 09:00:00,1.6332101262755547,21.626664665687706
2025-04-15 10:00:00,1.6781757153213706,20.17272133104803
2025-04-15 11:00:00,1.9830108634128663,13.340966776324514
2025-04-15 12:00:00,2.084612181061794,13.680286259445403
2025-04-15 13:00:00,1.6684575580715169,18.086951622173686
2025-04-15 14:00:00,1.290729334017974,19.677324953734637
2025-04-15 15:00:00,0.9406851576021702,25.366407061486576
2025-04-15 16:00:00,0.5276321355377322,22.161491070972232
2025-04-15 17:00:00,0.26667123350269695,21.639067931203066
2025-04-15 18:00:00,0.4439726945465212,22.260696747341775
2025-04-15 19:00:00,0.7042190117288106,22.503689917309387
2025-04-15 20:00:00,1.1641555741826797,17.629334769827835
2025-04-15 21:00:00,1.590823758587612,15.66342650168321
2025-04-15 22:00:00,1.7330065860443864,19.839312434194795
2025-04-15 23:00:00,2.1026123082465578,24.75534206603791
2025-04-16 00:00:00,1.833102611519044,30.837153934427057
2025-04-16 01:00:00,1.803418842611063,21.77959934666251
2025-04-16 02:00:00,1.380393711625101,6.494867274990302
2025-04-16 03:00:00,1.1639708962421398,18.82646337644479
2025-04-16 04:00:00,0.6706654605131992,14.89687304574547
2025-04-16 05:00:00,0.40539201520169466,18.858875307633294
2025-04-16 06:00:00,0.41739985121440565,24.940246588243486
2025-04-16 07:00:00,0.6368005491327302,14.295463077765849
2025-04-16 08:00:00,0.8303133439776251,13.672210124624026
2025-04-16 09:00:00,1.3376447329392467,17.452038861231348
2025-04-16 10:00:00,1.8275620070764074,20.697518507312246
2025-04-16 11:00:00,1.9843869140768002,11.2167922597277
2025-04-16 12:00:00,1.7308856608204666,17.793559509028583
2025-04-16 13:00:00,1.815619616900759,14.624832974651305
2025-04-16 14:00:00,1.6093944596884109,14.4176601505864
2025-04-16 15:00:00,1.0571507600237227,14.673580880182598
2025-04-16 16:00:00,0.8460796102542599,23.18151364151727
2025-04-16 17:00:00,0.40756514181579967,18.67811484889744
2025-04-16 18:00:00,0.38428670698526457,16.106048240561584
2025-04-16 19:00:00,0.45802668272986036,28.482772716691144
2025-04-16 20:00:00,0.946546752780685,28.469249988665663
2025-04-16 21:00:00,1.0345355137902805,26.061156845432656
2025-04-16 22:00:00,1.358127531656802,26.929371750544654
2025-04-16 23:00:00,1.7620166584827934,15.890585515208702
2025-04-17 00:00:00,1.878776805891368,28.534512971568613
2025-04-17 01:00:00,1.9809367067004682,26.319905768845743
2025-04-17 02:00:00,1.672092526664231,18.55931655251596
2025-04-17 03:00:00,1.4508673527684792,21.238654521418162
2025-04-17 04:00:00,0.9010313828027118,14.930476350630059
2025-04-17 05:00:00,0.7123940638031712,20.727005079192274
2025-04-17 06:00:00,0.4443388128226063,23.206681475093333
2025-04-17 07:00:00,0.4491925447597061,21.35730553778128
2025-04-17 08:00:00,0.5525367006386971,16.482767220927364
2025-04-17 09:00:00,1.079539648053593,18.665685987865622
2025-04-17 10:00:00,1.500661772209466,20.50525417608307
2025-04-17 11:00:00,1.786391811441677,21.832113207914073
2025-04-17 12:00:00,2.113704431829137,17.601826302692253
2025-04-17 13:00:00,2.0957952827144717,20.12058025123312
2025-04-17 14:00:00,1.7409951562874024,11.830649916940114
2025-04-17 15:00:00,1.5085279612747446,27.01316938222645
2025-04-17 16:00:00,1.2362824789442035,15.245450238400604
2025-04-17 17:00:00,0.6130369774311002,17.162726627285508
2025-04-17 18:00:00,0.47040907953373096,22.564737707424396
2025-04-17 19:00:00,0.4716194933190038,12.527822931828855
2025-04-17 20:00:00,0.6175211106796165,20.315325746810693
2025-04-17 21:00:00,0.9354999223992433,14.106190310149113
2025-04-17 22:00:00,1.2103715379311741,20.066302697560022
2025-04-17 23:00:00,1.6091556762639614,13.674028423691645
2025-04-18 00:00:00,1.8537642307426725,18.6426826596395
2025-04-18 01:00:00,2.0537274491579574,17.85124384954386
2025-04-18 02:00:00,1.8744314227454497,15.641891498853024
2025-04-18 03:00:00,1.665523466535853,19.01890555873296
2025-04-18 04:00:00,1.3642704844999616,29.921325529953577
2025-04-18 05:00:00,1.0009723795440195,20.722905983647767
2025-04-18 06:00:00,0.6302277836492418,24.03365533547659
2025-04-18 07:00:00,0.6222313774480721,17.469495684048482
2025-04-18 08:00:00,0.3414640551755247,19.79620859367525
2025-04-18 09:00:00,0.6911942828928517,25.759967267870632
2025-04-18 10:00:00,1.1634638861747904,19.139813289356912
2025-04-18 11:00:00,1.4782814376498645,18.820516709184876
2025-04-18 12:00:00,1.969228271920413,20.135924589227447
2025-04-18 13:00:00,1.8826387728410254,18.552774938881264
2025-04-18 14:00:00,2.0105431502364124,16.802913293034102
2025-04-18 15:00:00,1.7254275820834644,23.363221482467168
2025-04-18 16:00:00,1.5351042085570874,15.12540544387739
2025-04-18 17:00:00,1.2640941712801375,16.023415470891813
2025-04-18 18:00:00,0.5732178266551096,19.04412991161899
2025-04-18 19:00:00,0.5737262523979865,9.984077555747376
2025-04-18 20:00:00,0.42124191904073244,18.901154466051437
2025-04-18 21:00:00,0.4401818647281543,28.631756829847596
2025-04-18 22:00:00,0.916517126508636,18.741193782547036
2025-04-18 23:00:00,1.3146535128494237,18.693806740871395
2025-04-19 00:00:00,1.835228132528838,15.859258942644441
2025-04-19 01:00:00,2.17386263297069,23.139470238493065
2025-04-19 02:00:00,1.958561163643413,14.109785201499385
2025-04-19 03:00:00,1.8751128251137295,5.696260622854364
2025-04-19 04:00:00,1.4925177901214324,14.811961724638927
2025-04-19 05:00:00,1.1615891062380308,9.892868536232806
2025-04-19 06:00:00,0.6709588768613082,25.226218232307065
2025-04-19 07:00:00,0.5919927229775377,22.67047703678775
2025-04-19 08:00:00,0.4479343894098494,14.384304112963463
2025-04-19 09:00:00,0.5648980494326061,19.212964209573105
2025-04-19 10:00:00,0.6155291947194276,15.39907961242333
2025-04-19 11:00:00,1.1548033886209819,17.98243301115616
2025-04-19 12:00:00,1.5998408279507883,14.10273118363541
2025-04-19 13:00:00,1.8064868650191443,30.344065488703762
2025-04-19 14:00:00,2.0690335008156477,21.208368826492862
2025-04-19 15:00:00,1.8754221861950449,21.931119785679513
2025-04-19 16:00:00,1.8137946817940624,26.728039565199374
2025-04-19 17:00:00,1.4785949015545252,17.352811150250393
2025-04-19 18:00:00,0.9939316332759724,18.190818444459456
2025-04-19 19:00:00,2.244803851212649,81.34359396458834
2025-04-19 20:00:00,0.4586150169346089,16.01449736886989
2025-04-19 21:00:00,0.4529510434498534,15.739900630836384
2025-04-19 22:00:00,0.6313865736526901,16.051608456158448
2025-04-19 23:00:00,0.9589640628158462,22.0139329054012
2025-04-20 00:00:00,1.3791097071843705,10.284081474911307
2025-04-20 01:00:00,1.7982600797868038,17.371486823927377
2025-04-20 02:00:00,1.8679313312659194,24.834485505747175
2025-04-20 03:00:00,1.8387558487743791,26.533423784876668
2025-04-20 04:00:00,1.7524658028620663,21.099636515595698
2025-04-20 05:00:00,1.4451963086487534,25.99425587684887
2025-04-20 06:00:00,1.097810265298107,14.725303862984365
2025-04-20 07:00:00,0.7469929830016471,19.99551514639201
2025-04-20 08:00:00,2.1726793344105135,85.44524699833622
2025-04-20 09:00:00,0.24180934945298135,18.248894696387406
2025-04-20 10:00:00,0.508863506359675,16.75342382900039
2025-04-20 11:00:00,0.8424186514307398,28.068002033373865
2025-04-20 12:00:00,1.3465971093664355,19.29739424011251
2025-04-20 13:00:00,1.5064395715294454,15.12332463172848
2025-04-20 14:00:00,1.8517722548749556,11.766419132245694
2025-04-20 15:00:00,1.9631365953638331,22.97710854306054
2025-04-20 16:00:00,1.9268016496483393,23.081102396400546
2025-04-20 17:00:00,1.6591906336702036,17.871046740048378
2025-04-20 18:00:00,1.3287054055628942,24.91627067347357
2025-04-20 19:00:00,0.8578875372549998,13.873908503846376
2025-04-20 20:00:00,0.5403266725669438,7.457153073920711
2025-04-20 21:00:00,0.3973531264915522,16.943051115406238
2025-04-20 22:00:00,0.47004858971349395,11.492508064620768
2025-04-20 23:00:00,0.7550675575239675,26.28345312488305
2025-04-21 00:00:00,1.2253382182697106,24.025993718670534
2025-04-21 01:00:00,1.4221629883023528,22.466970695221846
2025-04-21 02:00:00,1.7343973363404774,17.765826632881133
2025-04-21 03:00:00,1.90576532923115,23.278138706449152
2025-04-21 04:00:00,1.9591953136421456,20.40763062212584
2025-04-21 05:00:00,1.8951753538956395,26.000554602865662
2025-04-21 06:00:00,1.515255362738614,17.02141289776511
2025-04-21 07:00:00,1.1924092923723697,17.30168229642556
2025-04-21 08:00:00,0.7737013322985384,19.351076861982357
2025-04-21 09:00:00,0.5133921648265516,22.50680472788995
2025-04-21 10:00:00,0.3741357961335965,19.568592469115426
2025-04-21 11:00:00,0.6023751607079915,13.46960437581222
2025-04-21 12:00:00,0.8414487023166313,21.205974173728965
2025-04-21 13:00:00,1.2793733179842932,22.12578281232738
2025-04-21 14:00:00,1.6976374646526828,22.04729956125352
2025-04-21 15:00:00,1.837984658500999,18.062342433272438
2025-04-21 16:00:00,3.4053411069248165,86.33602192109832
2025-04-21 17:00:00,1.9632127568929312,18.189577053814375
2025-04-21 18:00:00,1.5954082064008708,20.852558119574088
2025-04-21 19:00:00,1.2964555152635517,21.525717259116853
2025-04-21 20:00:00,0.7682391196937733,21.731133887121782
2025-04-21 21:00:00,0.44632318982912744,15.505231561986584
2025-04-21 22:00:00,2.013213546784455,74.28431502936887
2025-04-21 23:00:00,0.44961727942523844,23.694077893618605
2025-04-22 00:00:00,0.8595860630823734,5.210140131110482
2025-04-22 01:00:00,1.0936249960225293,24.421164058522752
2025-04-22 02:00:00,1.6817547808590902,22.10173552173694
2025-04-22 03:00:00,1.8792965702737792,13.04782789916537
2025-04-22 04:00:00,1.9858386380887458,27.07728870317638
2025-04-22 05:00:00,2.002356085709788,31.85637372048279
2025-04-22 06:00:00,1.965015192179332,22.16617807567773
2025-04-22 07:00:00,1.2771793674309326,23.793587207656305
2025-04-22 08:00:00,0.88762718668797,17.076000852796064
2025-04-22 09:00:00,0.6912816474937188,21.237682364081838
2025-04-22 10:00:00,0.4863071887330541,29.873002422819802
2025-04-22 11:00:00,0.3656576438093148,19.329974518380588
2025-04-22 12:00:00,0.632154592583161,26.56108916775004
2025-04-22 13:00:00,1.0941615972427483,8.986405910228171
2025-04-22 14:00:00,1.1513983739321607,22.488965723951043
2025-04-22 15:00:00,2.004481356508109,23.43757064246951
2025-04-22 16:00:00,2.0148542343924896,24.79540838970521
2025-04-22 17:00:00,1.8627470715267085,25.490742869646503
2025-04-22 18:00:00,1.8746196700314124,16.386128816103227
2025-04-22 19:00:00,1.3906313818271019,20.24891409867629
2025-04-22 20:00:00,0.9362209853160115,17.699928623483242
2025-04-22 21:00:00,0.8939452869775717,26.299719789588483
2025-04-22 22:00:00,0.5018469605712378,19.040693872759856
2025-04-22 23:00:00,0.3190710168332752,21.489716459568474
2025-04-23 00:00:00,0.5174453832577373,12.91305229759911
2025-04-23 01:00:00,0.9180271662443431,12.991410079800534
2025-04-23 02:00:00,1.238588707299049,20.698073046887497
2025-04-23 03:00:00,1.5620653004988536,19.6799510059395
2025-04-23 04:00:00,2.0539794200933508,16.671412156505056
2025-04-23 05:00:00,2.0358946101532185,15.897948088649255
2025-04-23 06:00:00,1.987836965246112,13.641058936605063
2025-04-23 07:00:00,1.8633860540598706,21.288145541618643
2025-04-23 08:00:00,1.2770043098914754,25.574733158887692
2025-04-23 09:00:00,1.0131584969433136,17.66153885344666
2025-04-23 10:00:00,0.6579728960789627,18.252872993231
2025-04-23 11:00:00,0.26125711945827224,14.316164179974088
2025-04-23 12:00:00,0.5019310713736271,21.74895747213328
2025-04-23 13:00:00,0.6992387233977851,24.624230794073114
2025-04-23 14:00:00,1.0552966455706223,10.557764971733373
2025-04-23 15:00:00,1.6414754848693989,11.44124249118713
2025-04-23 16:00:00,1.7825409801407357,14.092471950925212
2025-04-23 17:00:00,1.8489150422375142,16.395384738813476
2025-04-23 18:00:00,2.1130071918798112,22.74699140566053
2025-04-23 19:00:00,1.7720464396059208,22.47527838321492
2025-04-23 20:00:00,1.5972818078257616,19.572804103904005
2025-04-23 21:00:00,0.7956464294468492,14.35245094664342
2025-04-23 22:00:00,0.8418960386901979,11.579598177313152
2025-04-23 23:00:00,0.5017409870737989,24.849601926894223
2025-04-24 00:00:00,0.44789812111829436,17.988738019548205
2025-04-24 01:00:00,0.735803224788469,20.159140824935513
2025-04-24 02:00:00,0.8588685717942871,20.03490984356651
2025-04-24 03:00:00,1.3450950020317205,24.668792057327728
2025-04-24 04:00:00,1.562538055209864,25.78101831428732
2025-04-24 05:00:00,1.9830483131310634,20.29609254908974
2025-04-24 06:00:00,2.287440525427209,13.619096367319141
2025-04-24 07:00:00,1.8526551891331753,26.871810022842844
2025-04-24 08:00:00,1.580398552736472,23.831775964495925
2025-04-24 09:00:00,1.0895557011544843,16.07683529631147
2025-04-24 10:00:00,0.8913183067038164,11.32643896698934
2025-04-24 11:00:00,0.5931899506686936,30.174171451371514
2025-04-24 12:00:00,1.8139139413443575,72.76362696968903
2025-04-24 13:00:00,0.393549170390895,21.192764940945086
2025-04-24 14:00:00,0.8859029520447438,26.465393989050046
2025-04-24 15:00:00,1.0909830289528522,21.26921015854604
2025-04-24 16:00:00,1.6460326104693126,15.187747731478575
2025-04-24 17:00:00,1.706158133916909,18.690412072565795
2025-04-24 18:00:00,1.9678410810559017,21.07447733289046
2025-04-24 19:00:00,2.0102767582316976,16.10525455772789
2025-04-24 20:00:00,1.7854167971614248,19.928124328741305
2025-04-24 21:00:00,2.757702838376387,78.00088248058104
2025-04-24 22:00:00,0.9633282628369578,22.40411909016721
2025-04-24 23:00:00,0.592604737038878,15.325609491449615
2025-04-25 00:00:00,0.38010450043609306,20.470305691774605
2025-04-25 01:00:00,0.3428766831157755,15.344932078255987
2025-04-25 02:00:00,0.8648243199104252,18.455673598617764
2025-04-25 03:00:00,1.0017130875845925,28.96992946129635
2025-04-25 04:00:00,1.444498691937478,22.645828359879438
2025-04-25 05:00:00,1.5211161860593518,19.22431832586054
2025-04-25 06:00:00,1.9613866299184952,21.58884729539033
2025-04-25 07:00:00,2.0378768528172246,13.843881220192635
2025-04-25 08:00:00,1.7216408089476833,18.180358363187164
2025-04-25 09:00:00,1.4525386102799704,15.162412483626518
2025-04-25 10:00:00,1.0379366481518826,14.891850779766001
2025-04-25 11:00:00,0.7123124964691016,21.291040401497202
2025-04-25 12:00:00,0.47601188680655265,24.606143218777962
2025-04-25 13:00:00,0.5302843584694568,16.00846998162442
2025-04-25 14:00:00,0.6149086954304561,24.45916154795751
2025-04-25 15:00:00,0.81485435364529,19.908471450171504
2025-04-25 16:00:00,1.1518735116375374,13.229394624075372
2025-04-25 17:00:00,1.5588432397511534,21.188269964065697
2025-04-25 18:00:00,1.8400075764562993,22.138396599856286
2025-04-25 19:00:00,1.994497849147075,26.93413517799135
2025-04-25 20:00:00,2.081366610784775,28.494925399846693
2025-04-25 21:00:00,1.6762874756259194,19.148972502399626
2025-04-25 22:00:00,1.4037434417791952,12.500357699908436
2025-04-25 23:00:00,0.8399430633870516,17.07117891428808
2025-04-26 00:00:00,0.6148983185604869,22.48577461941664
2025-04-26 01:00:00,0.3381751992886818,21.825110473940235
2025-04-26 02:00:00,0.47350731773849675,23.517586478062974
2025-04-26 03:00:00,0.7085094538577854,9.976522321666554
2025-04-26 04:00:00,0.8945721476691788,25.05256539468486
2025-04-26 05:00:00,1.3246948392192086,13.666117445212086
2025-04-26 06:00:00,1.7910475248897382,24.34620911369585
2025-04-26 07:00:00,2.0876821752738017,17.31051098545927
2025-04-26 08:00:00,1.9604292024447065,20.241562052484806
2025-04-26 09:00:00,1.748857242963791,15.02267835005081
2025-04-26 10:00:00,1.3698465533429187,20.459896993912608
2025-04-26 11:00:00,1.0130491310676857,14.380243226916118
2025-04-26 12:00:00,0.7734702073890283,14.684991176770199
2025-04-26 13:00:00,0.6283037414941093,23.862134728123717
2025-04-26 14:00:00,0.5707069869820296,23.69715839578731
2025-04-26 15:00:00,0.4426693531856578,25.150427037463626
2025-04-26 16:00:00,0.993369370150436,9.874435233788361
2025-04-26 17:00:00,1.3189591392136986,28.20241504373209
2025-04-26 18:00:00,1.639085533114621,24.719726984596385
2025-04-26 19:00:00,2.0288849027446623,21.908641860670993
2025-04-26 20:00:00,2.234716230296803,14.991936711151666
2025-04-26 21:00:00,1.829882808258829,24.593688187060245
2025-04-26 22:00:00,1.5675216006508856,17.72860817892767
2025-04-26 23:00:00,1.3269250976679956,20.61867823718848
2025-04-27 00:00:00,0.8468026817664965,32.68133867697031
2025-04-27 01:00:00,0.4139987851514065,17.14306362652456
2025-04-27 02:00:00,0.38411842156947595,19.652294275310435
2025-04-27 03:00:00,0.48309916353212423,19.526505219238253
2025-04-27 04:00:00,0.8136992253726283,28.918524081595304
2025-04-27 05:00:00,1.0752655584720432,16.50884059934633
2025-04-27 06:00:00,1.6388649417432077,22.93511346894903
2025-04-27 07:00:00,1.63670539310923,7.538158404795341
2025-04-27 08:00:00,2.1554067397228733,24.087216861952307
2025-04-27 09:00:00,1.972672286343609,17.670489623155547
2025-04-27 10:00:00,1.7038270489218836,26.395614959997346
2025-04-27 11:00:00,2.7739042013053417,73.5682207561312
2025-04-27 12:00:00,0.9240894794794913,13.752928538008778
2025-04-27 13:00:00,0.6509493954280606,16.894949405012127
2025-04-27 14:00:00,0.4044416331521016,22.300530524264712
2025-04-27 15:00:00,0.5483005882835678,21.179492714794552
2025-04-27 16:00:00,0.671763775497596,20.520626178267594
2025-04-27 17:00:00,0.9856074007256684,19.366569656827767
2025-04-27 18:00:00,1.3939868459766942,26.823480978540907
2025-04-27 19:00:00,1.8235807490739337,16.527642105714058
2025-04-27 20:00:00,3.3567094573177574,89.90881508150875
2025-04-27 21:00:00,2.027291529646189,27.969323665164193
2025-04-27 22:00:00,1.727531802539641,21.065470258208357
2025-04-27 23:00:00,1.5524645001254487,22.380060486245835
2025-04-28 00:00:00,1.1096805934604577,19.90189700699858
2025-04-28 01:00:00,0.7891408653767982,20.54840766879635
2025-04-28 02:00:00,0.47106526539403193,25.940656086365294
2025-04-28 03:00:00,0.24911126939426426,19.893854150422133
2025-04-28 04:00:00,0.4830234172086021,15.975914491223413
2025-04-28 05:00:00,0.7252419045880314,20.31800427581221
2025-04-28 06:00:00,1.093637855909012,23.920135220057
2025-04-28 07:00:00,1.5086800844418276,17.036476765658964
2025-04-28 08:00:00,1.836695621699148,28.49962187036384
2025-04-28 09:00:00,1.94443790167835,23.381646213841577
2025-04-28 10:00:00,2.015936425060905,15.07151026549698
2025-04-28 11:00:00,1.770898079009007,21.638300750159647
2025-04-28 12:00:00,1.1992388208269003,7.916808873227444
2025-04-28 13:00:00,0.7584724317464957,17.87409185699706
2025-04-28 14:00:00,0.4430868011699641,8.531764781487361
2025-04-28 15:00:00,0.3303001983284881,25.998843671793512
2025-04-28 16:00:00,0.5236082622720044,9.688945225363184
2025-04-28 17:00:00,0.6752887570862994,25.099465709959162
2025-04-28 18:00:00,1.0545482508393056,17.591155044644577
2025-04-28 19:00:00,1.4138182651020341,23.473343664972834
2025-04-28 20:00:00,1.9026454175771528,25.371622462700753
2025-04-28 21:00:00,2.026411056692784,27.253481814956483
2025-04-28 22:00:00,2.0267649918824633,25.830970515509364
2025-04-28 23:00:00,1.7565559903162549,21.199432981518513
2025-04-29 00:00:00,1.3857849012443042,17.238699976523673
2025-04-29 01:00:00,1.0268122054995084,27.46652361479354
2025-04-29 02:00:00,0.6009991033498694,18.869230982536266
2025-04-29 03:00:00,0.6247518700687268,17.633982382647655
2025-04-29 04:00:00,0.3593556727646694,27.168524736037934
2025-04-29 05:00:00,0.5216478717788078,11.00996327140648
2025-04-29 06:00:00,1.0442024801721639,22.475309483579206
2025-04-29 07:00:00,1.1803203497097219,22.468021968817027
2025-04-29 08:00:00,1.4477201095474603,22.223303629148948
2025-04-29 09:00:00,1.6291214889457422,19.80255921867028
2025-04-29 10:00:00,2.0239004816485666,26.7687394229859
2025-04-29 11:00:00,1.9061830377532838,20.513123848390578
2025-04-29 12:00:00,1.6793485477243135,11.801009189954803
2025-04-29 13:00:00,1.0077962584177362,20.545058794726955
2025-04-29 14:00:00,0.9550862832172295,16.748467079788472
2025-04-29 15:00:00,0.5644605520085831,30.397000596747255
2025-04-29 16:00:00,0.3633044852829601,23.07239971598663
2025-04-29 17:00:00,0.6850578564005348,24.092560569896474
2025-04-29 18:00:00,0.820061168069361,29.836771373093725
2025-04-29 19:00:00,1.143646879925278,12.322090441499274
2025-04-29 20:00:00,1.6015757207329189,17.998353509408485
2025-04-29 21:00:00,1.7861064493608851,25.283791679060847
2025-04-29 22:00:00,2.0007104690733173,14.347747304743901
2025-04-29 23:00:00,2.032125202191211,18.44311529522591
2025-04-30 00:00:00,1.7841834798220486,17.231614130063953
2025-04-30 01:00:00,1.4779784794359196,25.425377971041463
2025-04-30 02:00:00,1.0511544333329241,19.030575318061285
2025-04-30 03:00:00,0.5652736361464626,15.684927079950441
2025-04-30 04:00:00,0.36291513067735254,19.905289376985976
2025-04-30 05:00:00,0.4839329408724217,22.838797822808893
2025-04-30 06:00:00,0.5980497246025959,21.0126287627631
2025-04-30 07:00:00,0.8865542698826604,13.48472296936154
2025-04-30 08:00:00,1.2521680364128591,25.299535791854048
2025-04-30 09:00:00,1.6124844604430573,24.795484883851007
2025-04-30 10:00:00,2.045026592529624,25.605375684344363
2025-04-30 11:00:00,1.8338777037843887,14.488887532441204
2025-04-30 12:00:00,1.8786038538448535,25.31193151413784
2025-04-30 13:00:00,1.639063035189887,23.151690445503643
2025-04-30 14:00:00,1.0777654683299298,21.25197158348447
2025-04-30 15:00:00,0.7236945454657682,23.745802417764377
2025-04-30 16:00:00,0.5381699087853349,21.1629148432595
2025-04-30 17:00:00,1.578277936254663,87.20352613114905
2025-04-30 18:00:00,0.6613469759803083,17.745405907806745
2025-04-30 19:00:00,0.7569162666695464,22.74475414142573
2025-04-30 20:00:00,1.1186222322208033,10.865750637335992
2025-04-30 21:00:00,1.5571796537337284,24.27068571546413
2025-04-30 22:00:00,1.9193289134353135,28.9332804109346
2025-04-30 23:00:00,2.0313546341515734,21.156795995540694
2025-05-01 00:00:00,1.7759652050165766,19.17384798491309
2025-05-01 01:00:00,1.6012268047242721,17.306208635406144
2025-05-01 02:00:00,1.2248467778915777,21.392430080747445
2025-05-01 03:00:00,0.7289161217017079,23.446943755870667
2025-05-01 04:00:00,0.5760855220046389,11.212660683501717
2025-05-01 05:00:00,0.21081635943624935,20.05216532657848
2025-05-01 06:00:00,0.40701941362466354,20.573717337207157
2025-05-01 07:00:00,0.5648470125580992,16.735355295338568
2025-05-01 08:00:00,0.9291215216043824,16.80836822521288
2025-05-01 09:00:00,1.5289856555212462,22.83919044558384
2025-05-01 10:00:00,1.6895029032941142,24.566810189727924
2025-05-01 11:00:00,1.961578323969287,13.247268543465493
2025-05-01 12:00:00,1.8517335516403695,27.352487835303656
2025-05-01 13:00:00,1.9084281380360768,29.258158409853255
2025-05-01 14:00:00,1.4507448373566851,11.309212180104373
2025-05-01 15:00:00,0.8934043457395074,22.281828295563507
2025-05-01 16:00:00,0.6363059012186136,20.74768808016806
2025-05-01 17:00:00,0.40645480457894895,17.768067534413543
2025-05-01 18:00:00,0.5061772508503223,24.45013403042931
2025-05-01 19:00:00,0.6601891213886523,21.282847791621975
2025-05-01 20:00:00,0.941432423250961,16.551966964461872
2025-05-01 21:00:00,1.3606448742592099,33.61914715226356
2025-05-01 22:00:00,1.8122900159367326,18.071188058026628
2025-05-01 23:00:00,1.9133039780781762,27.04424152670977
2025-05-02 00:00:00,2.0518643050871557,9.485369035549635
2025-05-02 01:00:00,1.888099249251518,21.196129014179064
2025-05-02 02:00:00,1.6842629069114217,21.960755444115566
2025-05-02 03:00:00,1.0884943334653328,17.899967272815665
2025-05-02 04:00:00,0.7593164114021383,22.49219609489771
2025-05-02 05:00:00,0.22292548508000337,13.316611094599457
2025-05-02 06:00:00,0.44303887066472764,16.32019579344219
2025-05-02 07:00:00,0.5719989102633167,31.99343691010746
2025-05-02 08:00:00,0.7088530715386078,9.663709954229883
2025-05-02 09:00:00,1.2320831449579672,15.726850302360667
2025-05-02 10:00:00,1.3735022237305476,22.911037817614403
2025-05-02 11:00:00,1.7198735905664824,17.550373859425658
2025-05-02 12:00:00,1.9975622975558311,26.469166000018625
2025-05-02 13:00:00,2.1486891982255902,10.28228146680348
2025-05-02 14:00:00,1.6552751853498768,14.968120341343699
2025-05-02 15:00:00,1.5298312468364457,17.483802509693344
2025-05-02 16:00:00,0.979390977442519,20.00502020458263
2025-05-02 17:00:00,0.4983714629807579,25.209388066561033
2025-05-02 18:00:00,0.429834006566796,23.41761323778038
2025-05-02 19:00:00,0.4863522331371046,20.93860132026983
2025-05-02 20:00:00,0.339779000791552,27.722165055362773
2025-05-02 21:00:00,0.9126960060068894,32.82512001347795
2025-05-02 22:00:00,1.3671472248711032,15.671512101921117
2025-05-02 23:00:00,1.8082322839621274,21.089303483679448
2025-05-03 00:00:00,2.064483869863478,29.24854778437592
2025-05-03 01:00:00,1.90247573859192,21.564315680953975
2025-05-03 02:00:00,1.7685088444030586,18.93893872523096
2025-05-03 03:00:00,1.5056170574099927,24.121225439302492
2025-05-03 04:00:00,1.0556233534903892,18.04017529779283
2025-05-03 05:00:00,0.7855737518741815,19.289068751269067
2025-05-03 06:00:00,0.5819476589827646,14.201605507841133
2025-05-03 07:00:00,0.48648064924772194,20.005688793372002
2025-05-03 08:00:00,0.4549474797127715,21.095116698208205
2025-05-03 09:00:00,0.7067851827461602,17.74795009151099
2025-05-03 10:00:00,1.2213164715633242,17.985171250508376
2025-05-03 11:00:00,1.4860721507423116,22.461550432312475
2025-05-03 12:00:00,1.8074826889191218,21.551184714812234
2025-05-03 13:00:00,2.0076115356841115,29.51407483159418
2025-05-03 14:00:00,2.054272557769966,26.2869047372412
2025-05-03 15:00:00,1.6237450833054932,20.962937938270013
2025-05-03 16:00:00,1.3739428455839844,17.552041747009095
2025-05-03 17:00:00,1.0152805989579627,17.973637415349582
2025-05-03 18:00:00,0.5498783416465738,16.821365462760458
2025-05-03 19:00:00,0.12705877688752665,21.044314393576677
2025-05-03 20:00:00,0.2767151322217509,16.863543980739006
2025-05-03 21:00:00,0.7873485704262596,28.266314226499464
2025-05-03 22:00:00,1.2105458367575255,16.997812993593318
2025-05-03 23:00:00,1.3741046864426885,20.298128153557595
2025-05-04 00:00:00,1.811979979204171,17.328228488257718
2025-05-04 01:00:00,2.0738638672696776,23.469938907132757
2025-05-04 02:00:00,2.0322303793812466,14.994938277412988
2025-05-04 03:00:00,1.8489085527117013,23.867191204647867
2025-05-04 04:00:00,1.5618270281257998,21.860402137413473
2025-05-04 05:00:00,0.9772876977571162,20.97500164193425
2025-05-04 06:00:00,0.6097683221589774,23.513509154920314
2025-05-04 07:00:00,0.34423574258518563,22.835309378188395
2025-05-04 08:00:00,0.5577401780465656,29.259430971695615
2025-05-04 09:00:00,0.5779165218921486,19.47982208719376
2025-05-04 10:00:00,0.8544748382512832,24.111702591221515
2025-05-04 11:00:00,1.416592070244191,21.817695375060207
2025-05-04 12:00:00,1.6835193036693172,17.276573859852366
2025-05-04 13:00:00,2.01836730591304,29.175419745302563
2025-05-04 14:00:00,2.126965236722875,23.537083418229585
2025-05-04 15:00:00,1.739280020055695,20.568376352298934
2025-05-04 16:00:00,1.516711520082683,15.048630566377973
2025-05-04 17:00:00,1.0900585201405626,25.986584736329604
2025-05-04 18:00:00,0.6414689340485253,10.599419558884746
2025-05-04 19:00:00,0.3653898641167333,23.08373089257293
2025-05-04 20:00:00,0.363244017968356,23.38997483403052
2025-05-04 21:00:00,0.3882325652736685,17.16258353249912
2025-05-04 22:00:00,0.7093044768615765,18.216172022113206
2025-05-04 23:00:00,1.1709728066380374,24.55567319817563
2025-05-05 00:00:00,1.5883023670255974,23.962208546792702
2025-05-05 01:00:00,1.7961534243833182,21.249665053849792
2025-05-05 02:00:00,1.9934035626335125,18.750544942535242
2025-05-05 03:00:00,1.7402161167890615,19.414667659804074
2025-05-05 04:00:00,1.6252769508276121,17.4489315499503
2025-05-05 05:00:00,1.330294624379312,12.863127193479148
2025-05-05 06:00:00,1.0712724139587138,21.287837345390134
2025-05-05 07:00:00,0.7032407335257045,18.08323867760545
2025-05-05 08:00:00,0.3622133486355248,24.054691555376603
2025-05-05 09:00:00,0.4343192106716423,18.67514868664997
2025-05-05 10:00:00,0.5269127453888668,10.634393759650244
2025-05-05 11:00:00,0.9808657805973954,19.349850532531008
2025-05-05 12:00:00,1.3394666146170355,26.455910362882612
2025-05-05 13:00:00,1.7634494817807154,28.876763140198957
2025-05-05 14:00:00,2.0402999186852937,10.901335735646802
2025-05-05 15:00:00,2.021399007241649,19.926339903500615
2025-05-05 16:00:00,1.726267699911661,16.81834037143479
2025-05-05 17:00:00,1.4513391275611818,26.049394674882976
2025-05-05 18:00:00,1.1426967362068687,10.902306374126788
2025-05-05 19:00:00,0.6655078883996947,28.22182394208317
2025-05-05 20:00:00,0.40007788353432255,19.458720412684887
2025-05-05 21:00:00,0.23427876297425823,20.268711055339185
2025-05-05 22:00:00,0.6346917531213516,14.44118701035394
2025-05-05 23:00:00,0.8892353674121893,23.21744142709897
2025-05-06 00:00:00,1.0942503940237363,11.898911986548281
2025-05-06 01:00:00,1.743882850310271,23.757899566976462
2025-05-06 02:00:00,1.932050284854345,18.039405503340788
2025-05-06 03:00:00,1.7539606449566465,11.783383515448609
2025-05-06 04:00:00,1.8202444373332625,21.30177812880531
2025-05-06 05:00:00,1.8375994915083762,19.19192481010081
2025-05-06 06:00:00,1.2340501481060095,28.23226974614751
2025-05-06 07:00:00,0.8377141043557196,16.659677583648477
2025-05-06 08:00:00,0.6968353551487357,20.653141075543793
2025-05-06 09:00:00,0.3358599665114412,22.71325045871521
2025-05-06 10:00:00,0.33124535076222117,17.32051855602289
2025-05-06 11:00:00,0.7011721087273077,11.04304681092006
2025-05-06 12:00:00,1.121751360722535,24.732688660452407
2025-05-06 13:00:00,1.3799528471074358,19.24189519484053
2025-05-06 14:00:00,1.7606885683708404,18.810785863431747
2025-05-06 15:00:00,3.45993935422405,73.29311765917568
2025-05-06 16:00:00,1.7567855465801057,23.741717238082817
2025-05-06 17:00:00,1.9312010433528344,14.039105942076262
2025-05-06 18:00:00,1.340049059340653,15.670907258193214
2025-05-06 19:00:00,1.109619623647434,27.363321056967305
2025-05-06 20:00:00,0.5963265439226185,19.45850862477571
2025-05-06 21:00:00,0.46654109445695613,15.376380459522618
2025-05-06 22:00:00,0.29222212038117373,33.002573305679434
2025-05-06 23:00:00,0.5288334122227569,16.893989307962627
2025-05-07 00:00:00,1.1551469072642535,16.868746869274865
2025-05-07 01:00:00,1.350949724252703,15.489350570197194
2025-05-07 02:00:00,1.556471002400944,26.63584858238749
2025-05-07 03:00:00,1.9224108321723843,20.370466621492714
2025-05-07 04:00:00,1.9698344606387415,12.465156159127233
2025-05-07 05:00:00,1.6895867218905285,6.504465374468298
2025-05-07 06:00:00,1.6766448898938393,22.91862449571101
2025-05-07 07:00:00,1.143579349477186,25.097230797730337
2025-05-07 08:00:00,1.1315787923399463,20.091566518748476
2025-05-07 09:00:00,0.5651145764063653,23.737910809563786
2025-05-07 10:00:00,0.3997774316935441,25.04807756933679
2025-05-07 11:00:00,0.6210688689405666,27.45600635955411
2025-05-07 12:00:00,0.7199434930648597,21.039578766295463
2025-05-07 13:00:00,1.2380563666166395,14.149492962240064
2025-05-07 14:00:00,1.6590270051051896,21.748944812952722
2025-05-07 15:00:00,1.7240835089372852,22.3738384716293
2025-05-07 16:00:00,3.315312270709766,85.4964366017501
2025-05-07 17:00:00,1.943820044793204,16.46749762856213
2025-05-07 18:00:00,1.8515857272801115,18.509994991545565
2025-05-07 19:00:00,1.6144384959082931,17.29054380064919
2025-05-07 20:00:00,1.0595505029233068,10.59909561233592
2025-05-07 21:00:00,0.5807308651491868,15.195536030790171
2025-05-07 22:00:00,0.3426325542490327,22.220590832699354
2025-05-07 23:00:00,0.46239372098404624,13.18927918029976
2025-05-08 00:00:00,0.5689895867316808,12.32782120416234
2025-05-08 01:00:00,1.0942401984286412,11.363251064180893
2025-05-08 02:00:00,1.389517316407132,16.817697559907767
2025-05-08 03:00:00,1.7531164971545188,19.15966251889497
2025-05-08 04:00:00,2.100460201849528,23.60941603143272
2025-05-08 05:00:00,1.9060183642822077,16.84822291611887
2025-05-08 06:00:00,1.766107641760169,14.57130027039062
2025-05-08 07:00:00,1.374201470157495,14.894650035000868
2025-05-08 08:00:00,1.2989391616618873,16.159303818263812
2025-05-08 09:00:00,0.8278960877127977,17.27509416452956
2025-05-08 10:00:00,0.46832700950522566,14.918478537840727
2025-05-08 11:00:00,0.6266261157245281,27.227585134968503
2025-05-08 12:00:00,0.5537002914798771,16.8817188807508
2025-05-08 13:00:00,0.621845036697118,14.188459454119371
2025-05-08 14:00:00,1.2434597736167898,20.53910775334286
2025-05-08 15:00:00,1.6610373233407634,23.414204116041255
2025-05-08 16:00:00,1.9766077200369332,19.436114640627334
2025-05-08 17:00:00,1.923537036374284,17.736645797720367
2025-05-08 18:00:00,1.928675379566656,20.607340383382216
2025-05-08 19:00:00,1.677056362905426,22.390613079602797
2025-05-08 20:00:00,2.8916815309194157,88.17987959527423
2025-05-08 21:00:00,0.874801883454938,20.935796728881332
2025-05-08 22:00:00,0.6587305126838855,6.264036826420277
2025-05-08 23:00:00,0.5226879598993972,15.217457606725084
2025-05-09 00:00:00,0.22805048655639926,24.99689262034712
2025-05-09 01:00:00,0.6214982583523855,31.72179272468353
2025-05-09 02:00:00,1.0542297428830572,14.831919773443381
2025-05-09 03:00:00,1.3640276832069103,24.01689205376364
2025-05-09 04:00:00,1.7340826053706504,20.3943814063921
2025-05-09 05:00:00,1.9558687013951337,24.03908474703666
2025-05-09 06:00:00,1.9122419287632637,12.028072437880674
2025-05-09 07:00:00,1.7858174638823425,14.692716414294832
2025-05-09 08:00:00,1.4996695961722326,18.532561492166725
2025-05-09 09:00:00,1.0387543127281513,22.738013048220996
2025-05-09 10:00:00,0.609542047786068,22.412934466635228
2025-05-09 11:00:00,0.6522743034895444,24.838717624932677
2025-05-09 12:00:00,0.22707169170918304,22.936985339707597
2025-05-09 13:00:00,0.6155172313831082,24.319374720122475
2025-05-09 14:00:00,0.7971020995265801,21.61305287607809
2025-05-09 15:00:00,1.3175644804465492,13.222811079270622
2025-05-09 16:00:00,1.7477616170145358,17.578189579433744
2025-05-09 17:00:00,1.941772915332753,21.45014321408229
2025-05-09 18:00:00,2.0372990712761374,10.919158886898535
2025-05-09 19:00:00,2.0616732075707915,24.234324240729947
2025-05-09 20:00:00,1.5652663113280105,15.839307100054466
2025-05-09 21:00:00,1.3681617562844988,26.118562437302952
2025-05-09 22:00:00,0.8361003291352499,31.094667343790004
2025-05-09 23:00:00,0.44977985579579893,11.895857134821807
2025-05-10 00:00:00,0.44917861255532215,25.214883286189156
2025-05-10 01:00:00,0.647995297551966,23.260159044720105
2025-05-10 02:00:00,0.7070147154220296,18.233112377609885
2025-05-10 03:00:00,1.247108981786517,19.597672174374537
2025-05-10 04:00:00,1.5239139237581318,20.29357458037777
2025-05-10 05:00:00,1.7775239146849524,26.540550099931178
2025-05-10 06:00:00,1.853962184207385,17.55454792255805
2025-05-10 07:00:00,1.9783589827580719,26.026365518027323
2025-05-10 08:00:00,1.6600492539290757,26.047893267832173
2025-05-10 09:00:00,1.3053328171111795,18.61326088901721
2025-05-10 10:00:00,0.6620456545488775,18.068352977864592
2025-05-10 11:00:00,0.610503057267348,20.06706864634665
2025-05-10 12:00:00,0.4824382182896504,21.97777376787803
2025-05-10 13:00:00,0.36204737514970126,17.773221433809162
2025-05-10 14:00:00,0.5630582509270446,20.532185939748594
2025-05-10 15:00:00,0.9001161320362103,20.03698606715819
2025-05-10 16:00:00,1.220117225351635,17.255830816303302
2025-05-10 17:00:00,1.789542326483438,9.66043457921154
2025-05-10 18:00:00,2.1095486975329645,22.079516423655267
2025-05-10 19:00:00,2.0417633116764,27.52035998071127
2025-05-10 20:00:00,1.743822329527765,19.082416244874455
2025-05-10 21:00:00,1.5661641801792983,21.371844041929176
2025-05-10 22:00:00,0.9844861607089264,20.655777900920242
2025-05-10 23:00:00,0.7560428291159119,22.978017946205394
2025-05-11 00:00:00,0.4995064828221205,27.26959331474153
2025-05-11 01:00:00,0.49054297914974343,17.091532564510995
2025-05-11 02:00:00,0.5144261471516888,20.630825949822416
2025-05-11 03:00:00,0.6783622577070905,15.552666516185637
2025-05-11 04:00:00,1.0871617507572726,20.702942939541952
2025-05-11 05:00:00,1.5731083204210448,27.24835649637481
2025-05-11 06:00:00,1.9218514820998607,16.296458369834383
2025-05-11 07:00:00,2.0317842572213354,21.613637917838464
2025-05-11 08:00:00,1.851635139271372,25.117251061645433
2025-05-11 09:00:00,1.5996690611888527,16.757257692981646
2025-05-11 10:00:00,1.4622893679014397,18.278061454239882
2025-05-11 11:00:00,0.9122602887627057,28.77589717118802
2025-05-11 12:00:00,0.5534374128406673,19.188556176362823
2025-05-11 13:00:00,0.581100120784749,13.635921172880696
2025-05-11 14:00:00,0.44932654961025176,21.067699280934676
2025-05-11 15:00:00,0.6357111800770181,17.400277644212267
2025-05-11 16:00:00,2.500880950588597,69.64984063391873
2025-05-11 17:00:00,1.6038162519094679,23.68039361121425
2025-05-11 18:00:00,1.7932278075518435,20.651075697640017
2025-05-11 19:00:00,2.0389256828889137,22.718744878322486
2025-05-11 20:00:00,1.977975494563159,22.863639482735664
2025-05-11 21:00:00,3.494725149478679,76.8086905477962
2025-05-11 22:00:00,3.1198602254618133,79.75581874915983
2025-05-11 23:00:00,1.099323023038227,18.810409900826432
2025-05-12 00:00:00,0.6058935325428294,19.226536077383344
2025-05-12 01:00:00,0.6369575255127331,16.52314142153538
2025-05-12 02:00:00,0.235728568740318,20.746483465856052
2025-05-12 03:00:00,0.5603470449204139,28.652110183817463
2025-05-12 04:00:00,0.757630750519871,22.551850918536577
2025-05-12 05:00:00,1.1622296490532709,26.470454707960766
2025-05-12 06:00:00,1.6619140122329172,24.55912405870114
2025-05-12 07:00:00,1.8018668506660098,23.920996698300662
2025-05-12 08:00:00,1.94623288432849,18.835670097175402
2025-05-12 09:00:00,1.8699318176072368,19.63754220256202
2025-05-12 10:00:00,1.5437495829573589,15.205140468651884
2025-05-12 11:00:00,1.2489520730084593,21.469725423815188
2025-05-12 12:00:00,0.8310340424678186,31.503986608928155
2025-05-12 13:00:00,0.635431517667403,17.788804631041113
2025-05-12 14:00:00,0.4873870365487054,13.626485549481844
2025-05-12 15:00:00,0.588105411900374,15.730950924134145
2025-05-12 16:00:00,0.6851156067582029,23.91416318441194
2025-05-12 17:00:00,1.0535982714138221,17.649059162678423
2025-05-12 18:00:00,1.5718815390481635,30.68788463576452
2025-05-12 19:00:00,1.8024147206126853,21.14141935428273
2025-05-12 20:00:00,2.0127082680133075,26.98189483544516
2025-05-12 21:00:00,1.8420585273003043,17.568437934823883
2025-05-12 22:00:00,1.6277066044473532,15.47687128702049
2025-05-12 23:00:00,1.4308431991095882,22.143018027184798
2025-05-13 00:00:00,1.0756714874348854,14.517480742941672
2025-05-13 01:00:00,0.48709556543207044,16.548064249861444
2025-05-13 02:00:00,0.11405489775513394,23.45349241483062
2025-05-13 03:00:00,0.43225018533450726,25.241691054940066
2025-05-13 04:00:00,0.5503412504785495,19.258957260435942
2025-05-13 05:00:00,1.030484634259504,22.4694387559165
2025-05-13 06:00:00,1.349598729391439,20.403895052897017
2025-05-13 07:00:00,1.8183792805529704,14.190551576273416
2025-05-13 08:00:00,1.9471090479517745,11.791292075805949
2025-05-13 09:00:00,1.868617184316823,19.723419481799784
2025-05-13 10:00:00,1.824727993231081,25.462479646973932
2025-05-13 11:00:00,1.6466415484263275,19.5949759958308
2025-05-13 12:00:00,1.1534142770510054,16.519927220960014
2025-05-13 13:00:00,0.6329109623268174,23.22206739773403
2025-05-13 14:00:00,0.39700492876557014,14.572201370555481
2025-05-13 15:00:00,0.4911617813330097,15.957163344074331
2025-05-13 16:00:00,0.5425910852872126,22.022453360980773
2025-05-13 17:00:00,0.9511866868738881,15.476774226632074
2025-05-13 18:00:00,1.1494137466619505,22.689320821760084
2025-05-13 19:00:00,1.6507117487900294,14.80728073708122
2025-05-13 20:00:00,1.938220710418332,17.30421352679764
2025-05-13 21:00:00,1.9786547128744538,23.50822139794247
2025-05-13 22:00:00,1.8208363948698265,31.80114502423526
2025-05-13 23:00:00,1.475913304670402,21.342646311110446
2025-05-14 00:00:00,1.262063158281301,25.229024370387677
2025-05-14 01:00:00,0.950803922480717,13.740931311406376
2025-05-14 02:00:00,0.7673331104407402,19.70637145922905
2025-05-14 03:00:00,0.5467732060681829,18.107404974605213
2025-05-14 04:00:00,0.4922244010219309,23.003137824184893
2025-05-14 05:00:00,0.660565750190597,19.482225047244917
2025-05-14 06:00:00,1.0063209061461256,17.26790313128647
2025-05-14 07:00:00,1.385778806617172,9.116340673792045
2025-05-14 08:00:00,1.829894961984661,28.21202597092124
2025-05-14 09:00:00,2.169634808156281,25.26730157512655
2025-05-14 10:00:00,2.0190561432850234,19.805590629432857
2025-05-14 11:00:00,1.8214862387942887,13.727739617438164
2025-05-14 12:00:00,1.172589082862891,30.20490555099358
2025-05-14 13:00:00,1.2653991504095137,26.20054866113207
2025-05-14 14:00:00,0.5603539209963936,17.177451369622066
2025-05-14 15:00:00,0.39446021135909437,19.34953455106807
2025-05-14 16:00:00,0.48570910025611463,22.149741251785883
2025-05-14 17:00:00,0.5824691184271469,13.337685423712355
2025-05-14 18:00:00,0.8562848319639429,23.74112090461712
2025-05-14 19:00:00,1.1005247794194901,18.75327466774929
2025-05-14 20:00:00,1.696443861060824,9.205141440329642
2025-05-14 21:00:00,1.7621376778040405,14.006542624763169
2025-05-14 22:00:00,1.9266095637272247,22.43711513376916
2025-05-14 23:00:00,2.078101158647126,17.627243953313076
2025-05-15 00:00:00,1.5537029733445251,20.912869730306305
2025-05-15 01:00:00,1.3376320673313855,19.893053442143454
2025-05-15 02:00:00,0.7176641136560237,22.577342379529444
2025-05-15 03:00:00,0.4766717359651549,20.536636314209304
2025-05-15 04:00:00,0.1455236880147302,20.900532333133572
2025-05-15 05:00:00,0.6480740838384411,21.00363611099895
2025-05-15 06:00:00,0.9433776894898618,11.695886919011556
2025-05-15 07:00:00,1.1518245702523477,21.925543817707922
2025-05-15 08:00:00,1.4230469881439214,19.405830869563577
2025-05-15 09:00:00,1.8613574018281147,14.867227659175294
2025-05-15 10:00:00,1.7535644210197399,28.833023013109802
2025-05-15 11:00:00,2.0184824047006145,21.539223826441543
2025-05-15 12:00:00,1.7771244742732606,12.987171384529313
2025-05-15 13:00:00,1.4009781279978908,20.49657489503768
2025-05-15 14:00:00,0.9494956243987862,27.51055089876108
2025-05-15 15:00:00,0.577919880328692,17.90033838853944
2025-05-15 16:00:00,0.3699210405840378,18.726631170097324
2025-05-15 17:00:00,0.2754551861864142,15.897864503535342
2025-05-15 18:00:00,0.6554104164934526,20.761629408110007
2025-05-15 19:00:00,1.1482349208730844,18.714010335934045
2025-05-15 20:00:00,1.4329036903452084,28.256603319884412
2025-05-15 21:00:00,1.66328516857034,21.23225327953092
2025-05-15 22:00:00,1.8574407396335773,15.237379059210845
2025-05-15 23:00:00,1.9530136759045618,24.737147128434053
2025-05-16 00:00:00,1.7661172218511827,27.554686494051623
2025-05-16 01:00:00,1.573400190692726,20.35035396685426
2025-05-16 02:00:00,1.069542097775251,21.799468175925945
2025-05-16 03:00:00,0.6069226552701666,21.36457873395911
2025-05-16 04:00:00,0.48872536398353006,21.514889648485504
2025-05-16 05:00:00,0.41565605268949984,11.607129535767237
2025-05-16 06:00:00,0.5959625659733722,15.437333351966148
2025-05-16 07:00:00,0.9104984079791463,18.954521951687507
2025-05-16 08:00:00,1.2845187167436274,15.769512349117626
2025-05-16 09:00:00,1.4461436740623672,19.565668292438772
2025-05-16 10:00:00,1.9272464142039545,20.92632538951356
2025-05-16 11:00:00,1.9708212241949596,24.715007293799427
2025-05-16 12:00:00,1.8025395316892427,25.89122536672595
2025-05-16 13:00:00,1.582731474864089,8.124415443232833
2025-05-16 14:00:00,1.258188168524878,12.456602851427231
2025-05-16 15:00:00,0.9728648931873324,25.176117479269973
2025-05-16 16:00:00,0.6222855889977448,22.70384557622448
2025-05-16 17:00:00,0.33119327251242525,11.296898764614925
2025-05-16 18:00:00,0.3317538318487362,16.335908499628523
2025-05-16 19:00:00,0.813536048568962,14.283787770576
2025-05-16 20:00:00,0.9178101460320764,19.748713891033756
2025-05-16 21:00:00,1.5510878788306064,22.21879453323676
2025-05-16 22:00:00,1.8523857815221318,16.381772850792018
2025-05-16 23:00:00,2.0486650719259822,18.568953751813297
2025-05-17 00:00:00,1.9187357882889062,26.304786523803564
2025-05-17 01:00:00,1.6996577454685908,21.54482720095833
2025-05-17 02:00:00,1.4334654691045534,16.439764867465996
2025-05-17 03:00:00,1.1303587763042267,23.395099818513916
2025-05-17 04:00:00,0.6307557925415992,14.750267104970389
2025-05-17 05:00:00,1.7829481389481152,76.8595509542542
2025-05-17 06:00:00,1.9213364718180581,73.32034041877942
2025-05-17 07:00:00,0.6205864484325082,14.552480104259926
2025-05-17 08:00:00,0.7632469548667176,20.033412233165073
2025-05-17 09:00:00,1.2109140862735717,25.010290105828936
2025-05-17 10:00:00,1.6669180351784294,30.121122711000112
2025-05-17 11:00:00,1.8013533758017803,25.01574580181697
2025-05-17 12:00:00,2.1436268814444026,22.387084084729665
2025-05-17 13:00:00,1.7500992779980065,12.423729052543253
2025-05-17 14:00:00,1.697113879748301,15.993776685862807
2025-05-17 15:00:00,1.0364468512336658,19.486728159134294
2025-05-17 16:00:00,0.7374834582431078,20.384455268717737
2025-05-17 17:00:00,0.5163648660308208,25.303694399346316
2025-05-17 18:00:00,0.35334068150082715,16.47052402882625
2025-05-17 19:00:00,0.6277581267135285,22.47214382607038
2025-05-17 20:00:00,0.9370934797199523,14.963571725229032
2025-05-17 21:00:00,1.1858244930288422,26.26769329967673
2025-05-17 22:00:00,1.5096580678905462,14.958170247791672
2025-05-17 23:00:00,3.2539886613687097,87.29053215184302
2025-05-18 00:00:00,1.9637999481299373,19.118212573043436
2025-05-18 01:00:00,1.9377576939473027,17.77412620074769
2025-05-18 02:00:00,1.8711119489027783,24.891805261941446
2025-05-18 03:00:00,1.535991891147928,21.50818582493207
2025-05-18 04:00:00,0.9036632621388756,25.1190795602055
2025-05-18 05:00:00,0.713251642956289,21.1105228335532
2025-05-18 06:00:00,0.4371133068363264,15.769980221679369
2025-05-18 07:00:00,0.45424275097531946,20.931792579694832
2025-05-18 08:00:00,0.6089256720421788,15.92107889765795
2025-05-18 09:00:00,0.891682340781377,32.34494068377486
2025-05-18 10:00:00,1.4389883906939762,18.5508868867069
2025-05-18 11:00:00,1.7308858884916956,23.357321404259974
2025-05-18 12:00:00,1.9451684604211332,20.53054112662752
2025-05-18 13:00:00,1.881456855061268,23.545101337117
2025-05-18 14:00:00,1.7436397584239183,22.055783678842406
2025-05-18 15:00:00,1.6131633142075261,22.728988846908024
2025-05-18 16:00:00,1.2000136856345613,16.3154714763726
2025-05-18 17:00:00,0.6730395788447983,16.919127077211595
2025-05-18 18:00:00,0.38760581477495826,24.85240465700824
2025-05-18 19:00:00,0.5472629752705902,26.09357788882682
2025-05-18 20:00:00,0.49001779516617644,23.881902876871617
2025-05-18 21:00:00,0.7507585061189712,25.18777527031875
2025-05-18 22:00:00,1.120765195417085,16.161677302225645
2025-05-18 23:00:00,1.6572800651404074,27.52337990303371
2025-05-19 00:00:00,1.7938952617868218,20.826133567513832
2025-05-19 01:00:00,2.0551600122357714,22.36075183133277
2025-05-19 02:00:00,1.955397828080611,18.12303689931429
2025-05-19 03:00:00,1.6594633054963146,19.497826967236623
2025-05-19 04:00:00,1.1139765057856819,18.045695975807174
2025-05-19 05:00:00,0.9001531343710613,30.153792243471287
2025-05-19 06:00:00,0.648208529718014,18.536197439575073
2025-05-19 07:00:00,0.2417281754164573,22.367106866010595
2025-05-19 08:00:00,0.4954573227307403,17.92232248210828
2025-05-19 09:00:00,0.5861989251881955,22.464373975369423
2025-05-19 10:00:00,1.0941159572889683,29.931527543503858
2025-05-19 11:00:00,1.559407001801658,17.904439734677485
2025-05-19 12:00:00,1.7479413416362466,17.269561375783667
2025-05-19 13:00:00,2.1136380708857123,19.202985634799457
2025-05-19 14:00:00,1.9966212629902735,12.710450033945953
2025-05-19 15:00:00,1.8361206516619,14.440772131886147
2025-05-19 16:00:00,1.4346445058036472,29.42549940088714
2025-05-19 17:00:00,0.9877230990036429,15.622346974646215
2025-05-19 18:00:00,0.7450971048170244,26.758177341879748
2025-05-19 19:00:00,0.3704977560142816,22.758341891824564
2025-05-19 20:00:00,0.47016121033592656,18.882815592287223
2025-05-19 21:00:00,0.4575163466165274,27.27298161333643
2025-05-19 22:00:00,0.836739718683864,12.814341936928557
2025-05-19 23:00:00,1.2313783989685065,14.96511732644181
2025-05-20 00:00:00,1.6281119041525274,26.730039518090393
2025-05-20 01:00:00,1.8710945110056352,24.258802194977726
2025-05-20 02:00:00,2.10604934973296,20.958228412038316
2025-05-20 03:00:00,1.9797485345858323,18.027836999438826
2025-05-20 04:00:00,1.6137055292440277,19.74027489285645
2025-05-20 05:00:00,1.3312731918524523,16.26370422211289
2025-05-20 06:00:00,0.8450429464165072,20.261833102119226
2025-05-20 07:00:00,0.6181867684144524,27.667165546340506
2025-05-20 08:00:00,0.408813640708875,24.41506396206853
2025-05-20 09:00:00,0.2180639038941949,20.472285032448376
2025-05-20 10:00:00,0.843451452121633,17.16183249103825
2025-05-20 11:00:00,1.0797961549287445,26.95691240894679
2025-05-20 12:00:00,1.6766417453625042,15.400628159383256
2025-05-20 13:00:00,1.8118927685372315,27.53249628056684
2025-05-20 14:00:00,2.0051213555122613,15.557684362093328
2025-05-20 15:00:00,1.8824954396470446,28.71345250922892
2025-05-20 16:00:00,1.8562310148348415,16.56187446809772
2025-05-20 17:00:00,1.4767023747232622,16.327752309338557
2025-05-20 18:00:00,0.9687150498798272,29.19835385057766
2025-05-20 19:00:00,0.7288300507277072,13.016838937261111
2025-05-20 20:00:00,0.38515778962900604,25.73572304071429
2025-05-20 21:00:00,0.4652065419048071,27.242696873552887
2025-05-20 22:00:00,0.5634395781079733,17.302107847950907
2025-05-20 23:00:00,0.9124283687319298,18.90032075257202
2025-05-21 00:00:00,1.3793668287766259,21.615401689358674
2025-05-21 01:00:00,1.6634828542170734,21.07599882277602
2025-05-21 02:00:00,1.9606531977207657,21.607294947752518
2025-05-21 03:00:00,2.0224998031988575,20.26007815939992
2025-05-21 04:00:00,1.6587661490420758,14.848087665163707
2025-05-21 05:00:00,1.5180080083775165,23.463693865630017
2025-05-21 06:00:00,0.9377222589649464,24.55419313267482
2025-05-21 07:00:00,0.5981166314025628,20.129342489815144
2025-05-21 08:00:00,0.5131799915741544,14.887897743493081
2025-05-21 09:00:00,0.31899101218892495,14.486366021554193
2025-05-21 10:00:00,0.39405388426069676,14.575610159657183
2025-05-21 11:00:00,0.8873515423633024,22.269089817081266
2025-05-21 12:00:00,1.1604773905418608,14.200766961626034
2025-05-21 13:00:00,1.4815086109744258,23.126684468010424
2025-05-21 14:00:00,1.7494586142348933,27.59409558692002
2025-05-21 15:00:00,2.1025398762308916,22.036663505628027
2025-05-21 16:00:00,1.8665779409922503,24.250537811567153
2025-05-21 17:00:00,1.5461638867214298,17.078235885598886
2025-05-21 18:00:00,1.448865048558957,17.46540076018087
2025-05-21 19:00:00,0.7360393743240465,29.945481666661504
2025-05-21 20:00:00,0.58664371618701,14.939348018966617
2025-05-21 21:00:00,0.4346269862699236,27.952389875124094
2025-05-21 22:00:00,0.5629851829490533,21.84513222478793
2025-05-21 23:00:00,0.7486768212525332,19.875194329450938
2025-05-22 00:00:00,1.0585005459884251,16.071890451411
2025-05-22 01:00:00,1.3372515667332152,22.51471775195997
2025-05-22 02:00:00,3.200785505990988,86.72300733081393
2025-05-22 03:00:00,2.0582565436207756,13.316109863932482
2025-05-22 04:00:00,1.9885073992622142,13.308556183886559
2025-05-22 05:00:00,1.8762661850108893,19.050892587995246
2025-05-22 06:00:00,1.4525955522310667,22.892909154267212
2025-05-22 07:00:00,1.048995776057883,24.681012234445753
2025-05-22 08:00:00,0.8203662429246948,19.58078280498464
2025-05-22 09:00:00,0.30005878306557043,18.19391243889546
2025-05-22 10:00:00,0.43546114837706495,12.38436868005167
2025-05-22 11:00:00,0.6188548392406096,25.40891395069977
2025-05-22 12:00:00,0.9625146369416537,26.548410830622394
2025-05-22 13:00:00,1.3770181903798417,21.497784890617176
2025-05-22 14:00:00,1.5214699524328004,21.868895457501786
2025-05-22 15:00:00,1.799843620692524,7.578413215607021
2025-05-22 16:00:00,2.0717627406816264,25.33277097532812
2025-05-22 17:00:00,1.9276005560799283,25.226665536040272
2025-05-22 18:00:00,1.430910775927314,22.173712964415227
2025-05-22 19:00:00,1.3352674633332848,18.356122478086387
2025-05-22 20:00:00,0.8667619572081721,17.920428717614833
2025-05-22 21:00:00,0.5153651349867129,12.292499933374852
2025-05-22 22:00:00,0.5395544418704767,14.722568029070246
2025-05-22 23:00:00,0.4636350672229096,17.691100558383997
2025-05-23 00:00:00,0.7722597187413122,15.94818009302613
2025-05-23 01:00:00,1.1527581856640412,18.12591779188934
2025-05-23 02:00:00,1.5912678921931438,14.350346477841216
2025-05-23 03:00:00,1.7653981008182076,23.08023854559941
2025-05-23 04:00:00,2.0227808691042495,11.075014318970188
2025-05-23 05:00:00,2.001972174740346,28.31401225665957
2025-05-23 06:00:00,1.7373561398000665,22.064474331263398
2025-05-23 07:00:00,1.411654977767068,23.153780813464166
2025-05-23 08:00:00,0.8900386633430916,20.141968413431055
2025-05-23 09:00:00,0.6713368950330348,20.718328624327796
2025-05-23 10:00:00,0.24815766272325107,21.64327342914153
2025-05-23 11:00:00,0.40821142725951887,12.452069263240054
2025-05-23 12:00:00,0.6798135573404268,22.225717772825256
2025-05-23 13:00:00,1.0343187595905639,16.843918020850406
2025-05-23 14:00:00,1.3694439036592483,20.826977432223682
2025-05-23 15:00:00,1.6542830219034688,15.929800452392588
2025-05-23 16:00:00,1.9490451777094393,15.012766646579621
2025-05-23 17:00:00,1.9180701399070677,12.896528086134044
2025-05-23 18:00:00,1.9704528828949055,22.2838864856112
2025-05-23 19:00:00,1.5009338593590031,21.83980274414348
2025-05-23 20:00:00,1.3416812901444353,27.217261262644094
2025-05-23 21:00:00,0.6698727188823987,20.741311016503925
2025-05-23 22:00:00,0.544651880779294,11.496711261591866
2025-05-23 23:00:00,0.2928427729866515,19.215894615020567
2025-05-24 00:00:00,0.4293288167073897,24.879155813594465
2025-05-24 01:00:00,0.8386519073315297,16.6771496028907
2025-05-24 02:00:00,1.1175577603904092,23.359896967871304
2025-05-24 03:00:00,1.5618418383413095,17.891969578521646
2025-05-24 04:00:00,1.8364516027347138,23.95541053035206
2025-05-24 05:00:00,2.1712101864083944,11.714030679866944
2025-05-24 06:00:00,1.885843759029114,12.004403037332501
2025-05-24 07:00:00,1.6563357214911367,13.308289075374205
2025-05-24 08:00:00,0.990841402344548,11.522237939691347
2025-05-24 09:00:00,0.8737958689776757,19.64581246453353
2025-05-24 10:00:00,0.684891791345974,13.908708517905353
2025-05-24 11:00:00,0.45651222079126985,9.582547794277156
2025-05-24 12:00:00,0.5522765986328848,22.792412085356105
2025-05-24 13:00:00,0.7479121975173201,22.271190198148176
2025-05-24 14:00:00,1.0976099745877923,19.51457028768297
2025-05-24 15:00:00,1.4715814524762973,13.54573652666554
2025-05-24 16:00:00,1.8135213568564645,17.494091309938305
2025-05-24 17:00:00,2.0206223684907205,15.200578237583972
2025-05-24 18:00:00,2.0574494398156977,17.709899642298208
2025-05-24 19:00:00,1.812400795207745,27.749334284059643
2025-05-24 20:00:00,1.4517998374351038,12.560688164886756
2025-05-24 21:00:00,2.496660611589238,76.68487766123802
2025-05-24 22:00:00,0.8739237744019157,14.774086141043082
2025-05-24 23:00:00,0.40381420725812944,17.975787474641773
2025-05-25 00:00:00,0.184455185083855,23.87490977920788
2025-05-25 01:00:00,0.40190001790047036,14.646000431752189
2025-05-25 02:00:00,0.936080433079591,21.895937317759557
2025-05-25 03:00:00,2.8070268251503196,80.32654009116068
2025-05-25 04:00:00,1.5901356870833265,10.091018337972397
2025-05-25 05:00:00,1.9664923501420914,19.16810814123192
2025-05-25 06:00:00,1.8853666053701412,19.252074373973024
2025-05-25 07:00:00,1.9741172027850131,23.368976500823045
2025-05-25 08:00:00,1.788863408122018,17.87096650587109
2025-05-25 09:00:00,1.2515133358293604,16.78123420506285
2025-05-25 10:00:00,0.9989479806987799,14.857187480960748
2025-05-25 11:00:00,0.6592941572615838,24.52145500639314
2025-05-25 12:00:00,0.3417518917227191,18.785256702195067
2025-05-25 13:00:00,0.3003729627004331,29.537506021058235
2025-05-25 14:00:00,0.7843272885130372,21.28783569185679
2025-05-25 15:00:00,0.9093878858327711,23.710625259933803
2025-05-25 16:00:00,1.3702994183427366,14.227060208457297
2025-05-25 17:00:00,1.9892787735416022,29.83078455745609
2025-05-25 18:00:00,1.8728382306073779,19.50584604692665
2025-05-25 19:00:00,1.9475311830007553,12.944606672711902
2025-05-25 20:00:00,1.8165048517553206,15.91399641961771
2025-05-25 21:00:00,1.4551583937275574,17.760973301463096
2025-05-25 22:00:00,1.011599223102046,16.548468965919234
2025-05-25 23:00:00,0.6393664158237006,27.77286325225778
2025-05-26 00:00:00,0.46160099044581854,23.68040767306033
2025-05-26 01:00:00,0.5476626109111856,23.231192273812347
2025-05-26 02:00:00,0.7673402431142676,17.12512689642751
2025-05-26 03:00:00,0.8858771771120094,21.74202688221457
2025-05-26 04:00:00,1.4384279489890535,21.16317870359188
2025-05-26 05:00:00,1.5896996551759286,17.568159635315325
2025-05-26 06:00:00,2.0103034213369058,16.282586793181483
2025-05-26 07:00:00,1.9311100144819524,22.03338052823718
2025-05-26 08:00:00,1.725107830580112,26.60968120705016
2025-05-26 09:00:00,1.3370943768849908,18.011471231853363
2025-05-26 10:00:00,0.9660976199183986,21.593983131575882
2025-05-26 11:00:00,0.8205650172556488,17.22027649056103
2025-05-26 12:00:00,0.2766663362722648,21.546472001198683
2025-05-26 13:00:00,0.4642623340587742,19.9301620344073
2025-05-26 14:00:00,0.2939621332267248,14.520943168120795
2025-05-26 15:00:00,0.6783271000847022,25.998139439218217
2025-05-26 16:00:00,1.1940246976033058,18.2165876326342
2025-05-26 17:00:00,1.7008933225987204,23.226889018627883
2025-05-26 18:00:00,1.8198439264687003,19.764947940947987
2025-05-26 19:00:00,1.9797204633024672,10.860278696951898
2025-05-26 20:00:00,1.6898502171586531,32.7859924727197
2025-05-26 21:00:00,1.551902866051506,15.245803959045416
2025-05-26 22:00:00,1.3587981693894964,14.84507420499333
2025-05-26 23:00:00,0.9700379691332128,12.081315257990996
2025-05-27 00:00:00,0.6654350610936255,29.509457389905297
2025-05-27 01:00:00,1.8087801103878831,80.25253252623921
2025-05-27 02:00:00,0.3217159093502615,25.062694315473028
2025-05-27 03:00:00,0.6540931130500393,25.383678181921532
2025-05-27 04:00:00,0.8764249936284356,18.1320872379201
2025-05-27 05:00:00,1.4909262948919393,22.96112714544686
2025-05-27 06:00:00,1.7985000531854634,14.080250466357132
2025-05-27 07:00:00,1.9769543770475122,20.442599472569437
2025-05-27 08:00:00,2.0800218455823094,19.79670590226405
2025-05-27 09:00:00,1.8711092662316782,16.094517214247023
2025-05-27 10:00:00,1.4090399588074278,36.2018522361056
2025-05-27 11:00:00,1.074813850259934,31.16718106259274
2025-05-27 12:00:00,0.5107201976842237,16.66966006311676
2025-05-27 13:00:00,0.445165478376515,16.18993137000993
2025-05-27 14:00:00,0.5001709232492916,12.738111809171121
2025-05-27 15:00:00,0.7580762019433118,21.38365060290891
2025-05-27 16:00:00,2.4461910689173236,80.20356348495129
2025-05-27 17:00:00,1.4062559918284605,20.326690753985357
2025-05-27 18:00:00,1.5772134153062294,13.89043059215772
2025-05-27 19:00:00,1.893819201609202,19.267512321983762
2025-05-27 20:00:00,1.945812087683793,21.307892871603716
2025-05-27 21:00:00,1.813656604470159,17.602164103537326
2025-05-27 22:00:00,1.6139420117453824,27.330302021134685
2025-05-27 23:00:00,1.175602588137166,23.71730119497562
2025-05-28 00:00:00,0.7704832730820388,31.548965055785985
2025-05-28 01:00:00,0.5392328181599924,20.443148108307522
2025-05-28 02:00:00,0.5001003856323007,25.125914528994002
2025-05-28 03:00:00,0.4849512681906286,23.01393453329779
2025-05-28 04:00:00,0.8212146226006827,23.126846109037317
2025-05-28 05:00:00,1.034749828996013,18.45816822457389
2025-05-28 06:00:00,1.5821653552455608,14.969409630404318
2025-05-28 07:00:00,1.7227207367515154,19.407107967529058
2025-05-28 08:00:00,2.0438430694971017,24.01176927748333
2025-05-28 09:00:00,1.9192534189561021,23.699189189260363
2025-05-28 10:00:00,1.826442618567697,26.953456844745176
2025-05-28 11:00:00,1.5624233665354015,21.65894431781274
2025-05-28 12:00:00,0.9605497565939983,17.35035040236035
2025-05-28 13:00:00,0.7287857919996559,24.39469972641907
2025-05-28 14:00:00,0.2496612839815304,19.06029876348532
2025-05-28 15:00:00,0.2589058471426923,14.706580577358054
2025-05-28 16:00:00,0.5361564924072326,14.262833271398446
2025-05-28 17:00:00,0.9029286402129839,13.381605626435025
2025-05-28 18:00:00,1.2091421027755591,25.371458777709154
2025-05-28 19:00:00,1.7176910197133444,21.757067541702327
2025-05-28 20:00:00,1.9307611494234174,18.274290344710252
2025-05-28 21:00:00,2.139418352634076,12.687541104475157
2025-05-28 22:00:00,1.5548712931789326,14.840004470142757
2025-05-28 23:00:00,1.5941996586132448,16.87103577180548
2025-05-29 00:00:00,1.3131944552294321,23.65412055775974
2025-05-29 01:00:00,0.7192443280480372,18.080941396604324
2025-05-29 02:00:00,0.55221535576492,20.881123015383928
2025-05-29 03:00:00,0.22753574315654887,29.14789511769683
2025-05-29 04:00:00,0.39100362609530803,12.625665114177828
2025-05-29 05:00:00,0.7584042777097828,25.167281491523816
2025-05-29 06:00:00,1.0117487661858848,17.190919552084992
2025-05-29 07:00:00,1.5655607473232895,18.864091075823445
2025-05-29 08:00:00,1.965415398376769,19.853214108962256
2025-05-29 09:00:00,1.9570140782455376,13.69855413488408
2025-05-29 10:00:00,1.9809863758925863,12.906149977199863
2025-05-29 11:00:00,1.6413699783150821,11.738585501447421
2025-05-29 12:00:00,1.2220102376363526,19.681957061630833
2025-05-29 13:00:00,0.8750114492440674,31.352038774570442
2025-05-29 14:00:00,0.6157357340008587,26.121433605702826
2025-05-29 15:00:00,0.40583968264707093,17.47573957718065
2025-05-29 16:00:00,0.4837983042951467,21.683969458534108
2025-05-29 17:00:00,0.4243774179449075,25.922396114849366
2025-05-29 18:00:00,1.2161370121711732,17.76674739193729
2025-05-29 19:00:00,1.4858560136449577,20.323725055436828
2025-05-29 20:00:00,1.7345957422210518,23.276413166751276
2025-05-29 21:00:00,2.0144027881464996,20.248155570656603
2025-05-29 22:00:00,2.027153621990424,7.251736210413755
2025-05-29 23:00:00,1.8997913209749804,24.531165087206006
2025-05-30 00:00:00,1.414055088506178,23.052674649689
2025-05-30 01:00:00,0.9511466735398122,18.986679542808236
2025-05-30 02:00:00,0.7202442416462421,22.385731139584752
2025-05-30 03:00:00,0.4504290298759339,23.24097054971603
2025-05-30 04:00:00,0.35006287702577743,23.909293050146214
2025-05-30 05:00:00,0.40482521839924823,12.712613485484543
2025-05-30 06:00:00,0.8168849962435104,18.538272823933834
2025-05-30 07:00:00,1.2602374140881771,12.557623148541959
2025-05-30 08:00:00,1.571752194019065,20.0580050239066
2025-05-30 09:00:00,1.803450109263953,20.386835498152458
2025-05-30 10:00:00,2.05125124146639,20.934685038121753
2025-05-30 11:00:00,1.8242429343135063,19.749005158344687
2025-05-30 12:00:00,1.5962063833567357,20.84835274490608
2025-05-30 13:00:00,1.2846671529023361,20.84355890784293
2025-05-30 14:00:00,2.4241736117621975,80.38070560838115
2025-05-30 15:00:00,0.41023472282023304,25.320191349950626
2025-05-30 16:00:00,0.43860785633390953,24.49748400226228
2025-05-30 17:00:00,0.4355891806693688,14.828460470463241
2025-05-30 18:00:00,0.8752345639845679,27.602402936443163
2025-05-30 19:00:00,1.1005676560638726,23.151140491238824
2025-05-30 20:00:00,1.4516890086660907,14.459164060286682
2025-05-30 21:00:00,1.8150840627892775,23.252258982283863
2025-05-30 22:00:00,3.545266820370313,77.80550964342979
2025-05-30 23:00:00,1.9163485963921638,21.149689779275853
2025-05-31 00:00:00,1.710093273935456,32.16346067208258
2025-05-31 01:00:00,1.4864934915132408,17.92832555914068
2025-05-31 02:00:00,0.9073757589897731,17.21705358506519
2025-05-31 03:00:00,0.6901210801511849,24.645757476790536
2025-05-31 04:00:00,0.3596204566986984,23.525952466828087
2025-05-31 05:00:00,0.4813046834096606,20.00839099570321
2025-05-31 06:00:00,0.5075125350283008,20.401087597135394
2025-05-31 07:00:00,0.9013980021883505,21.629402793095096
2025-05-31 08:00:00,1.196523678361602,19.816919380011083
2025-05-31 09:00:00,1.7164432159314174,19.515235086430117
2025-05-31 10:00:00,1.8288827009662456,19.2263582079556
2025-05-31 11:00:00,2.0132100412658547,19.6764625440518
2025-05-31 12:00:00,1.9014483892084804,19.368978822287932
2025-05-31 13:00:00,1.4552339497313658,21.92109830445027
2025-05-31 14:00:00,1.1103477793406134,15.140268401338874
2025-05-31 15:00:00,0.8430697757808348,18.698831998400106
2025-05-31 16:00:00,0.5794677442279115,4.1704633174343435
2025-05-31 17:00:00,0.49210481670080825,17.50891659166714
2025-05-31 18:00:00,0.45566594419594486,25.864747140336046
2025-05-31 19:00:00,0.8613669103397636,21.06352020740583
2025-05-31 20:00:00,1.2222563190266846,28.00584746139088
2025-05-31 21:00:00,1.6694232755635694,10.755388846381162
2025-05-31 22:00:00,1.6820385469088648,19.621265455017937
2025-05-31 23:00:00,1.9866686930284747,13.853037805613816
2025-06-01 00:00:00,1.9263388651870659,13.502111774015958
2025-06-01 01:00:00,1.5702757662968794,18.142658292028667
2025-06-01 02:00:00,1.528411722034611,7.655364780440998
2025-06-01 03:00:00,0.8617908004607518,14.732898083491667
2025-06-01 04:00:00,0.5757505624636138,23.432346410920005
2025-06-01 05:00:00,0.4092087321227926,21.279533751305312
2025-06-01 06:00:00,0.49716487419883965,18.751506662178386
2025-06-01 07:00:00,0.6660632382543421,16.033975522517895
2025-06-01 08:00:00,0.958790518245829,17.970947301485317
2025-06-01 09:00:00,1.5577246299096243,22.76702001050834
2025-06-01 10:00:00,1.8045254340245898,12.785772175778625
2025-06-01 11:00:00,1.904323906570875,7.3903385703075735
2025-06-01 12:00:00,2.3004820167401347,22.111078837048577
2025-06-01 13:00:00,1.769167596418254,13.610907982341033
2025-06-01 14:00:00,1.3905325187413777,26.675838458522392
2025-06-01 15:00:00,2.400376173977218,76.12307557104901
2025-06-01 16:00:00,0.5001643903184914,25.86318596492285
2025-06-01 17:00:00,0.4012702745578052,14.947747372041754
2025-06-01 18:00:00,0.3605163726722017,21.706371225715024
2025-06-01 19:00:00,0.6944958918292538,20.517461421788717
2025-06-01 20:00:00,0.9893376460431444,13.1940639598402
2025-06-01 21:00:00,1.2040643549032566,19.178273089047988
2025-06-01 22:00:00,3.3164006452024966,80.42271372828628
2025-06-01 23:00:00,1.9003944641755073,15.951978921330682
2025-06-02 00:00:00,1.9347403407748278,25.03499042250806
2025-06-02 01:00:00,1.7987930913057801,11.94394711949683
2025-06-02 02:00:00,3.0728279402877763,83.36193307462
2025-06-02 03:00:00,2.7546072563820325,79.52264807328018
2025-06-02 04:00:00,0.7171054827598402,13.344122062031545
2025-06-02 05:00:00,0.4190136188049994,7.584729468573862
2025-06-02 06:00:00,0.5248651220954472,7.564493382104647
2025-06-02 07:00:00,0.5812290096242013,12.705087947614958
2025-06-02 08:00:00,0.7187702149911747,11.737909461149767
2025-06-02 09:00:00,1.2494131995165008,21.769261829823378
2025-06-02 10:00:00,1.5780478196294,19.74446444989429
2025-06-02 11:00:00,1.8273949071934945,26.285381902084335
2025-06-02 12:00:00,2.0279003535831026,26.498867107852494
2025-06-02 13:00:00,2.0053757467194826,27.930348599026438
2025-06-02 14:00:00,1.7696011642422562,13.303862696380408
2025-06-02 15:00:00,1.3589684502041801,26.14970675269988
2025-06-02 16:00:00,1.0333067071373843,20.21820960072587
2025-06-02 17:00:00,0.7699751864854016,18.39571328592512
2025-06-02 18:00:00,0.41780733298633543,25.33624538786313
2025-06-02 19:00:00,0.5499113822927296,16.312669417359846
2025-06-02 20:00:00,0.5369432661505649,25.507820097946542
2025-06-02 21:00:00,0.914997281657553,20.484534756182168
2025-06-02 22:00:00,1.226466486155117,15.009332953668906
2025-06-02 23:00:00,1.919157488405826,20.184447732580743
2025-06-03 00:00:00,2.0811109197613877,23.79557344515382
2025-06-03 01:00:00,2.0724014250969747,16.451156723373817
2025-06-03 02:00:00,1.9662289756022957,27.22152172572581
2025-06-03 03:00:00,1.5109474170082422,4.009808377298
2025-06-03 04:00:00,1.1451274548084587,22.210907935233855
2025-06-03 05:00:00,0.6180430740769072,17.832344774999733
2025-06-03 06:00:00,0.33468059740589773,25.951599310258878
2025-06-03 07:00:00,0.3412366897612271,16.079252936523606
2025-06-03 08:00:00,0.532395490845551,20.19880353387258
2025-06-03 09:00:00,0.8554149239522655,12.904065083441749
2025-06-03 10:00:00,1.1642713134465181,13.41252342082274
2025-06-03 11:00:00,1.6254475700122661,33.096505132350316
2025-06-03 12:00:00,1.785932380848419,20.56923512527767
2025-06-03 13:00:00,3.5640001910879597,77.93211604528248
2025-06-03 14:00:00,1.7677953593225704,31.126782731169197
2025-06-03 15:00:00,1.7783912446998837,18.919232265621154
2025-06-03 16:00:00,1.2730280272010528,19.771595294834903
2025-06-03 17:00:00,1.0096836890413194,22.32019956476407
2025-06-03 18:00:00,0.707019393007751,28.696615065078213
2025-06-03 19:00:00,0.33016491264650716,17.69340459650965
2025-06-03 20:00:00,0.31442268958805475,17.085159791855443
2025-06-03 21:00:00,0.755000340601544,12.141586120012029
2025-06-03 22:00:00,1.274365183081458,23.205304742976168
2025-06-03 23:00:00,1.4943090315278944,25.28755633249109
2025-06-04 00:00:00,1.878300810332798,15.235177328404102
2025-06-04 01:00:00,1.9641407415823724,17.316835851330485
2025-06-04 02:00:00,1.9307544502163687,20.61820522207117
2025-06-04 03:00:00,1.7321333060762398,25.103497937848775
2025-06-04 04:00:00,1.420400613010066,16.844599657074124
2025-06-04 05:00:00,1.109917716522676,18.745183788914673
2025-06-04 06:00:00,0.7169064582665061,18.803657977367106
2025-06-04 07:00:00,0.48101785780329215,21.865662567335878
2025-06-04 08:00:00,0.4443570999222877,21.955771167411513
2025-06-04 09:00:00,0.5882945396194257,15.117700993181218
2025-06-04 10:00:00,1.0183057582202475,11.260370746371494
2025-06-04 11:00:00,1.29755054453896,22.418530230206215
2025-06-04 12:00:00,1.6851210805105357,16.349279349749533
2025-06-04 13:00:00,2.016964183861708,19.647991391892976
2025-06-04 14:00:00,1.9257038927507524,19.935007265219216
2025-06-04 15:00:00,1.9901602232867839,17.37561257895583
2025-06-04 16:00:00,1.7518015735011436,26.06409860543784
2025-06-04 17:00:00,1.271382672650726,13.573437184422314
2025-06-04 18:00:00,0.7801602840991462,25.130537971159654
2025-06-04 19:00:00,0.49603887572329125,20.375296730755256
2025-06-04 20:00:00,0.39370901969244065,19.48572355321531
2025-06-04 21:00:00,0.4123099639778032,16.09751973762109
2025-06-04 22:00:00,0.8090413834637814,25.204215262309067
2025-06-04 23:00:00,1.037748791340367,20.249698725438428
2025-06-05 00:00:00,1.4374688028136542,13.685319907241283
2025-06-05 01:00:00,1.8281699914242768,23.58522472690839
2025-06-05 02:00:00,2.1603678522802428,12.242097097267328
2025-06-05 03:00:00,1.98119619838795,18.012259117482785
2025-06-05 04:00:00,1.6069932248411165,23.803198158997425
2025-06-05 05:00:00,1.3687025165322702,21.22983681549656
2025-06-05 06:00:00,1.0174975417166015,6.4468744584171755
2025-06-05 07:00:00,0.45964571030639245,32.35121977856878
2025-06-05 08:00:00,0.3780904624781749,19.388605328777327
2025-06-05 09:00:00,0.42795837296840267,14.8223313062953
2025-06-05 10:00:00,0.7312200901442343,11.720033268491795
2025-06-05 11:00:00,0.850896724771541,22.392526286139123
2025-06-05 12:00:00,1.386383585162569,24.924793753975116
2025-06-05 13:00:00,1.5799273827171634,18.975219577924864
2025-06-05 14:00:00,1.8417933721761044,9.181652560673948
2025-06-05 15:00:00,1.8814529897890115,20.573351572649692
2025-06-05 16:00:00,1.9569096081419843,21.620543122048794
2025-06-05 17:00:00,1.5638544165245205,21.698995541461024
2025-06-05 18:00:00,1.2364044118725739,21.598611196271076
2025-06-05 19:00:00,0.8727551203116838,26.910242737289803
2025-06-05 20:00:00,0.6525458006366496,13.03403022898329
2025-06-05 21:00:00,0.5747195699323667,7.503185388533849
2025-06-05 22:00:00,0.4463746209780936,15.462181089375962
2025-06-05 23:00:00,0.6337231976494853,25.64688788857296
2025-06-06 00:00:00,1.1229631193199758,12.929910982226046
2025-06-06 01:00:00,1.6121133739376643,23.1537575363626
2025-06-06 02:00:00,1.9669385576429663,13.238227697841555
2025-06-06 03:00:00,2.040313228079485,16.57979490133325
2025-06-06 04:00:00,2.016511361404459,18.551296625636198
2025-06-06 05:00:00,1.5947292125062327,16.121678655773103
2025-06-06 06:00:00,1.146370003373164,16.386392812667296
2025-06-06 07:00:00,0.9657237738839065,19.71750244183701
2025-06-06 08:00:00,0.5550250792852768,11.976139171101226
2025-06-06 09:00:00,0.27252510973963273,20.644888936761276
2025-06-06 10:00:00,0.5847003982950442,23.632077650704076
2025-06-06 11:00:00,0.814811690102352,29.038234354972015
2025-06-06 12:00:00,0.9690355451488585,20.713018170190455
2025-06-06 13:00:00,1.4368919786669663,12.358555823826553
2025-06-06 14:00:00,1.7744294774258678,20.82965447148287
2025-06-06 15:00:00,2.0124602438220083,17.483913506183086
2025-06-06 16:00:00,1.8843399165318446,18.965942812994786
2025-06-06 17:00:00,1.7591093328979674,25.130794230421447
2025-06-06 18:00:00,1.4763044257532334,21.300191548388725
2025-06-06 19:00:00,1.1117543342755858,18.55565417638898
2025-06-06 20:00:00,0.6620675667560348,16.575586110631573
2025-06-06 21:00:00,0.5433311870802853,21.722224257191648
2025-06-06 22:00:00,0.5339778835509151,19.316915777648543
2025-06-06 23:00:00,0.589802640461343,24.30176002170518
2025-06-07 00:00:00,0.8827700009349891,20.945221855364142
2025-06-07 01:00:00,1.3552301625865777,14.690078497256854
2025-06-07 02:00:00,1.6948246568973122,11.660908879328764
2025-06-07 03:00:00,1.939345858328543,23.636678571915226
2025-06-07 04:00:00,1.897064098764857,14.923277754237308
2025-06-07 05:00:00,1.907411492989001,26.372987046466125
2025-06-07 06:00:00,1.492337656213451,20.234296622461553
2025-06-07 07:00:00,1.3005568048316836,25.69681928695922
2025-06-07 08:00:00,0.7773501097616047,16.556513618477577
2025-06-07 09:00:00,0.5789607618941656,23.29609974215236
2025-06-07 10:00:00,0.3759585983616293,23.294347111797023
2025-06-07 11:00:00,0.5745383715619552,22.946932784845345
2025-06-07 12:00:00,0.87195033044503,26.82874636873986
2025-06-07 13:00:00,0.9489678205541882,18.71728793040155
2025-06-07 14:00:00,1.4121510716118648,22.545190845696474
2025-06-07 15:00:00,1.9983108440471684,24.70372676087578
2025-06-07 16:00:00,2.0244458476072023,21.865138579976303
2025-06-07 17:00:00,1.9036047737202866,20.708903842137453
2025-06-07 18:00:00,1.5800175876124842,20.788021355476914
2025-06-07 19:00:00,1.3046718705759077,30.313993947945214
2025-06-07 20:00:00,0.9636906009011499,22.37383567849586
2025-06-07 21:00:00,0.4304702671769869,19.490999661505032
2025-06-07 22:00:00,0.44604633842665325,36.86434566267802
2025-06-07 23:00:00,0.5184320291388277,19.052282590855192
2025-06-08 00:00:00,0.5188656977715145,26.459152958949456
2025-06-08 01:00:00,1.0491204485587828,14.612979403503978
2025-06-08 02:00:00,1.4960365323397464,20.7617022789416
2025-06-08 03:00:00,1.736654916104531,14.324422435348396
2025-06-08 04:00:00,2.049923082683749,23.25056609007461
2025-06-08 05:00:00,1.9786848572833633,26.356676854641805
2025-06-08 06:00:00,1.8143692199909338,14.622594092899671
2025-06-08 07:00:00,1.475693944341823,16.791660990434774
2025-06-08 08:00:00,1.1493243251412006,16.161050298193906
2025-06-08 09:00:00,0.7102218546287241,25.40245000849357
2025-06-08 10:00:00,0.3202596900307121,20.27284609010895
2025-06-08 11:00:00,0.38032053211053946,20.76738537134189
2025-06-08 12:00:00,0.6369737572550027,17.362583456585767
2025-06-08 13:00:00,0.9308108306993021,19.276388140110033
2025-06-08 14:00:00,1.128263130660303,18.47098762845259
2025-06-08 15:00:00,1.698560454688101,28.999584080892966
2025-06-08 16:00:00,2.027710071088776,15.273827255400466
2025-06-08 17:00:00,2.159918984574135,17.095590455695834
2025-06-08 18:00:00,1.9294969799803878,16.044114924971744
2025-06-08 19:00:00,1.7188020928664398,12.676327416030016
2025-06-08 20:00:00,1.2697365185851055,21.8318370343902
2025-06-08 21:00:00,0.9192410795249194,21.47133695008754
2025-06-08 22:00:00,0.5984691283144125,19.60200303952832
2025-06-08 23:00:00,0.37783023964779705,22.31542420374464
2025-06-09 00:00:00,0.4226654351981948,15.128127707863092
2025-06-09 01:00:00,0.7974800302822109,24.001581657637416
2025-06-09 02:00:00,1.1494819309550746,25.14149866025835
2025-06-09 03:00:00,1.5151547759987123,18.109296341030642
2025-06-09 04:00:00,1.75030987976768,25.710705800327407
2025-06-09 05:00:00,2.052050476828195,21.003539616210944
2025-06-09 06:00:00,2.018781309792899,28.34504701122666
2025-06-09 07:00:00,1.7141818968261682,31.470769625868776
2025-06-09 08:00:00,1.3858497316255924,17.962277519141608
2025-06-09 09:00:00,1.0470635833705582,21.920942673144555
2025-06-09 10:00:00,0.8547824740266099,16.577650650509398
2025-06-09 11:00:00,0.5844865973860939,20.619546509700644
2025-06-09 12:00:00,0.389902137955035,13.74447554132334
2025-06-09 13:00:00,0.7314130001354918,21.530867863654613
2025-06-09 14:00:00,0.8692492847452881,15.988436423447713
2025-06-09 15:00:00,1.451183392932848,16.200344871198716
2025-06-09 16:00:00,1.7171265360366312,19.655254075331566
2025-06-09 17:00:00,2.0319144488329184,27.062410162811016
2025-06-09 18:00:00,1.9980633039777205,16.92490118043449
2025-06-09 19:00:00,1.87538014631929,23.468460658084595
2025-06-09 20:00:00,1.6523239906701188,18.709473375652777
2025-06-09 21:00:00,1.144727822046826,19.133304863785344
2025-06-09 22:00:00,0.915430990353532,26.892455560491182
2025-06-09 23:00:00,0.5716717448996571,15.817130799552508
2025-06-10 00:00:00,0.5573102913233189,20.875323169251107
2025-06-10 01:00:00,0.5392496978330146,20.65415386690281
2025-06-10 02:00:00,0.6944916718724815,25.62340673599529
2025-06-10 03:00:00,1.1079577109927738,17.981562604758007
2025-06-10 04:00:00,1.6475466969182224,19.771347893432694
2025-06-10 05:00:00,1.9551860639653076,17.437754203432696
2025-06-10 06:00:00,2.0168560957832917,25.269377018483475
2025-06-10 07:00:00,1.8830487218962453,16.632727553087314
2025-06-10 08:00:00,1.5868822356212922,17.318808432846296
2025-06-10 09:00:00,1.2336563733370935,17.175489631168418
2025-06-10 10:00:00,0.8612808429174943,22.911883342041236
2025-06-10 11:00:00,0.7202730829605527,19.193394640533214
2025-06-10 12:00:00,0.37240838421978867,14.820151211191185
2025-06-10 13:00:00,0.4055059384033836,23.594552132319997
2025-06-10 14:00:00,0.5519943097763149,17.411120819372254
2025-06-10 15:00:00,1.1676016063176844,25.070268319698094
2025-06-10 16:00:00,1.4377410699110724,15.154464794125259
2025-06-10 17:00:00,1.8691287692255525,25.007291356113402
2025-06-10 18:00:00,1.9620216502037726,18.8099681137413
2025-06-10 19:00:00,1.8208923718245222,21.141622562336003
2025-06-10 20:00:00,1.7418618107146016,21.123260826839385
2025-06-10 21:00:00,1.5860534549110692,22.99298534901353
2025-06-10 22:00:00,1.1880842356652086,28.773562970566196
2025-06-10 23:00:00,0.8206765752425462,21.871699854715978
2025-06-11 00:00:00,0.5647459071798351,14.058442898860935
2025-06-11 01:00:00,0.39920939278874995,14.046056867954224
2025-06-11 02:00:00,0.4533802835472115,20.652064614020073
2025-06-11 03:00:00,0.7068221965624848,18.361667194130394
2025-06-11 04:00:00,1.241946221801263,15.476285445390634
2025-06-11 05:00:00,1.428848389780526,23.193724354512863
2025-06-11 06:00:00,2.0049698660346955,23.166626174071926
2025-06-11 07:00:00,1.97416252794675,19.933019552961223
2025-06-11 08:00:00,1.9704609149427965,25.891551291854167
2025-06-11 09:00:00,1.8179194567795594,15.511214477165973
2025-06-11 10:00:00,1.2470770401499007,21.40572534506278
2025-06-11 11:00:00,0.9512022959240589,22.65154517683866
2025-06-11 12:00:00,0.5791138527033931,20.336819960018115
2025-06-11 13:00:00,0.444987936720564,25.198069977544204
2025-06-11 14:00:00,0.374573356993245,18.361143428927164
2025-06-11 15:00:00,0.7090799188837016,18.37880058021133
2025-06-11 16:00:00,0.9641076660730279,19.54979238929611
2025-06-11 17:00:00,1.4063485129513529,20.834843901051876
2025-06-11 18:00:00,1.7367087753157953,15.907649601767798
2025-06-11 19:00:00,2.029908602056745,20.775682437057984
2025-06-11 20:00:00,2.019932894250507,21.78621799456832
2025-06-11 21:00:00,1.8290767391421026,30.31091598356744
2025-06-11 22:00:00,1.4947176694076043,22.45654013366238
2025-06-11 23:00:00,1.108277585070031,20.21963852742288
2025-06-12 00:00:00,0.7663759073821039,24.545672105406304
2025-06-12 01:00:00,0.41892289128123844,20.46661777042342
2025-06-12 02:00:00,0.2661388714123044,22.280237271616414
2025-06-12 03:00:00,0.5367215733224281,22.24940146522004
2025-06-12 04:00:00,0.6678482675056437,22.363580816336878
2025-06-12 05:00:00,1.2483159257849004,12.329156912402429
2025-06-12 06:00:00,1.461914328399063,16.603351856292818
2025-06-12 07:00:00,1.8195518736397083,24.013999149865565
2025-06-12 08:00:00,2.0792344096727,17.84932056213298
2025-06-12 09:00:00,1.834823030049724,22.892389444541152
2025-06-12 10:00:00,1.4611738750253511,18.377519654441716
2025-06-12 11:00:00,1.1375018863392654,9.637489102684953
2025-06-12 12:00:00,0.8617961131025214,20.618420891695198
2025-06-12 13:00:00,0.5013637657899673,12.94964198709144
2025-06-12 14:00:00,0.3211563805428137,11.187801641764779
2025-06-12 15:00:00,2.012166452634445,77.62172234425815
2025-06-12 16:00:00,0.8634576120449834,20.040783663042266
2025-06-12 17:00:00,1.1675477389417788,23.716912429887735
2025-06-12 18:00:00,1.3505528717174835,18.649081508296373
2025-06-12 19:00:00,1.9165171745901248,19.681845398402317
2025-06-12 20:00:00,2.0496389401617523,23.46855544285836
2025-06-12 21:00:00,1.8948652406044384,18.02167778757137
2025-06-12 22:00:00,1.7430765968623234,21.137565065286108
2025-06-12 23:00:00,1.4773967906632168,19.64916179566606
2025-06-13 00:00:00,0.9794453549108304,16.542094367109378
2025-06-13 01:00:00,0.7151877822594835,29.669491226620934
2025-06-13 02:00:00,0.2790414734631389,17.262987908332803
2025-06-13 03:00:00,0.33806137109908985,16.64631147481165
2025-06-13 04:00:00,0.4789822491546991,19.72020212855222
2025-06-13 05:00:00,0.9765682056404886,20.748532574526337
2025-06-13 06:00:00,1.4760299840979465,21.171083524893938
2025-06-13 07:00:00,1.7637514369086718,17.348158356422292
2025-06-13 08:00:00,1.9818120707680003,15.706065986446383
2025-06-13 09:00:00,2.0691939134374686,30.535577246550563
2025-06-13 10:00:00,1.98574984189091,13.776348189345473
2025-06-13 11:00:00,1.505882517356958,19.773707077347538
2025-06-13 12:00:00,1.1518388812434717,18.90691766890608
2025-06-13 13:00:00,0.8965770023453431,18.784450267477833
2025-06-13 14:00:00,0.5267590692200002,19.276060473227464
2025-06-13 15:00:00,0.42942834412954023,18.848948625752094
2025-06-13 16:00:00,0.5246927558258822,15.381649726819255
2025-06-13 17:00:00,2.2145083318217313,75.47591073396173
2025-06-13 18:00:00,1.0872012937475475,25.02721906473836
2025-06-13 19:00:00,1.4834716510382542,18.59273465943403
2025-06-13 20:00:00,2.077141729975589,27.05205099870762
2025-06-13 21:00:00,1.93043450420095,28.967932001955145
2025-06-13 22:00:00,1.851823199445718,29.802860078755543
2025-06-13 23:00:00,1.883092863277133,21.637677933856402
2025-06-14 00:00:00,1.2630154609591688,21.515067665167997
2025-06-14 01:00:00,1.0014526636482193,20.41725195147669
2025-06-14 02:00:00,0.4684436443784849,18.904291837819628
2025-06-14 03:00:00,0.37677244200513405,20.803529342864092
2025-06-14 04:00:00,0.45563759752752947,22.287525974859243
2025-06-14 05:00:00,0.7861975794677265,23.496176912137244
2025-06-14 06:00:00,0.9467949699363942,15.354666776555682
2025-06-14 07:00:00,1.443283342318131,11.031930172362962
2025-06-14 08:00:00,1.7093519930116496,18.858182898066378
2025-06-14 09:00:00,2.105849491562911,21.947576545091824
2025-06-14 10:00:00,1.9061413596461618,30.47554300764386
2025-06-14 11:00:00,1.9123235593462695,14.397408118914196
2025-06-14 12:00:00,1.4880378780121306,22.639741937584944
2025-06-14 13:00:00,1.119307221180359,12.969885680983706
2025-06-14 14:00:00,0.6408112639945658,19.824439113740915
2025-06-14 15:00:00,0.30709240398146975,20.077132019449788
2025-06-14 16:00:00,0.23868683404833282,27.178160413368435
2025-06-14 17:00:00,0.3319893869374323,19.096668544284125
2025-06-14 18:00:00,0.9906587244945777,6.561509089857045
2025-06-14 19:00:00,1.2554266420008848,17.97766326640921
2025-06-14 20:00:00,1.6153010916542616,14.29162789667917
2025-06-14 21:00:00,2.128467014515363,19.89693749014207
2025-06-14 22:00:00,1.9819175550500547,19.293881973023982
2025-06-14 23:00:00,2.1434860016971777,15.650477861047342
2025-06-15 00:00:00,1.6622978278488467,26.657011077147722
2025-06-15 01:00:00,1.1663130037678178,14.47803400579252
2025-06-15 02:00:00,0.7227783589459118,21.58648527918578
2025-06-15 03:00:00,0.43020639961914187,19.64687222249399
2025-06-15 04:00:00,0.5366287244026908,14.92155970435352
2025-06-15 05:00:00,0.5957740508785844,18.591698147624403
2025-06-15 06:00:00,0.7274076848830537,24.54086775503782
2025-06-15 07:00:00,1.0091347665926125,18.145781822008235
2025-06-15 08:00:00,1.6971752168954095,13.930071217002999
2025-06-15 09:00:00,1.6579486879642535,26.19849200554789
2025-06-15 10:00:00,1.762484289838247,23.421453983006245
2025-06-15 11:00:00,1.9598068603806085,13.565457643520213
2025-06-15 12:00:00,1.687501304500149,26.40819339684748
2025-06-15 13:00:00,1.3890209522542967,22.26022482291277
2025-06-15 14:00:00,1.0295206988404215,14.711417865037678
2025-06-15 15:00:00,0.47853257141484873,5.82854354548102
2025-06-15 16:00:00,0.3653427823617631,29.224187181854727
2025-06-15 17:00:00,0.39964504329387596,25.911482929774742
2025-06-15 18:00:00,0.5646948704281375,18.820996124536382
2025-06-15 19:00:00,0.8467053538761027,32.43138730641344
2025-06-15 20:00:00,1.3833099940981923,19.00915875458465
2025-06-15 21:00:00,1.8455479994252681,11.573442600180051
2025-06-15 22:00:00,2.020418617250796,14.425985397783595
2025-06-15 23:00:00,2.1858163337228573,18.246776445768877
2025-06-16 00:00:00,1.683985250706397,15.932630662615415
2025-06-16 01:00:00,1.448514018413037,26.381061941915867
2025-06-16 02:00:00,2.6862049088346267,81.5419880215488
2025-06-16 03:00:00,0.8784468061384003,20.683518064775615
2025-06-16 04:00:00,0.29891377932567714,20.22762309451359
2025-06-16 05:00:00,0.4692717557122543,24.087761810327557
2025-06-16 06:00:00,0.5412257642665983,21.256345018129377
2025-06-16 07:00:00,0.8083275469521426,15.922381056234824
2025-06-16 08:00:00,1.0983418154718207,6.737547550289031
2025-06-16 09:00:00,1.6839896205328013,18.3183982631622
2025-06-16 10:00:00,2.08186897349384,10.453828915527442
2025-06-16 11:00:00,1.977438557166281,19.252375365265006
2025-06-16 12:00:00,1.8187019382721574,27.389697014001456
2025-06-16 13:00:00,1.5872946143816506,15.225480158928974
2025-06-16 14:00:00,1.3019373478815826,19.63784119273584
2025-06-16 15:00:00,0.9605471264742362,22.76942524323364
2025-06-16 16:00:00,0.689038714999522,16.243153929745233
2025-06-16 17:00:00,0.3827456805633307,20.594435836922816
2025-06-16 18:00:00,0.3499959190632617,24.6919796411409
2025-06-16 19:00:00,0.5425543540096289,26.32391487836437
2025-06-16 20:00:00,1.0493003907348697,23.564220768027784
2025-06-16 21:00:00,1.5239437938938145,6.744877092637466
2025-06-16 22:00:00,1.953755480517281,15.917416721776156
2025-06-16 23:00:00,1.8822954356509793,21.66532579954655
2025-06-17 00:00:00,2.015060753991262,14.792729916462706
2025-06-17 01:00:00,1.6078728404965852,25.139845880338495
2025-06-17 02:00:00,1.4807471585877967,21.392946687170948
2025-06-17 03:00:00,1.015198005528154,22.059772272902475
2025-06-17 04:00:00,0.6440414048120866,13.571361185137327
2025-06-17 05:00:00,0.34610133155488343,5.617447875349155
2025-06-17 06:00:00,0.546717724227266,14.810886599851315
2025-06-17 07:00:00,0.5557640727978089,20.517894424758595
2025-06-17 08:00:00,2.6014776233412125,84.19907581648738
2025-06-17 09:00:00,1.3171762027666607,16.49301452697233
2025-06-17 10:00:00,1.5664030947036003,21.900452616271973
2025-06-17 11:00:00,1.8173878721040455,18.090289028216233
2025-06-17 12:00:00,1.9509059710904384,31.90064624549166
2025-06-17 13:00:00,2.0067275330630956,4.340531007679951
2025-06-17 14:00:00,1.5647224230421237,19.692733104443324
2025-06-17 15:00:00,1.1374669398729687,23.850698864068683
2025-06-17 16:00:00,0.9027957646515916,20.74210746835893
2025-06-17 17:00:00,2.084173649507687,82.40779079903355
2025-06-17 18:00:00,0.47114484996127565,18.99075315896276
2025-06-17 19:00:00,0.6049505120424273,24.703984676415764
2025-06-17 20:00:00,0.7002150887915222,30.95416208959753
2025-06-17 21:00:00,1.1339733863175618,19.714595967738358
2025-06-17 22:00:00,1.5249392701881672,19.21087531653367
2025-06-17 23:00:00,1.888832312405954,24.127297662643436
2025-06-18 00:00:00,1.9272473679446267,12.600366484609973
2025-06-18 01:00:00,1.9126771044431055,12.845265161358292
2025-06-18 02:00:00,1.5236080056613068,26.359640895628424
2025-06-18 03:00:00,1.4444079314978022,19.5537308504717
2025-06-18 04:00:00,1.0685976015700551,19.024997710162964
2025-06-18 05:00:00,0.587463096181582,20.427756698780357
2025-06-18 06:00:00,0.5118500654585036,7.743355158589262
2025-06-18 07:00:00,0.559920297057543,20.858861323724323
2025-06-18 08:00:00,0.7251182972201142,19.18392473351008
2025-06-18 09:00:00,0.8831733820245872,27.0672748043984
2025-06-18 10:00:00,1.341175755380493,13.209603674546305
2025-06-18 11:00:00,1.7545092401400288,22.195919631744953
2025-06-18 12:00:00,1.8737648573369623,28.76690480534677
2025-06-18 13:00:00,1.9772919347790392,14.455783983555051
2025-06-18 14:00:00,1.9917907589849366,18.167632926273328
2025-06-18 15:00:00,1.4853656323370503,20.813531058604703
2025-06-18 16:00:00,1.0376060966716216,16.462292885854403
2025-06-18 17:00:00,0.8006227246412067,19.36857708808109
2025-06-18 18:00:00,0.45673697962603277,14.953213838802004
2025-06-18 19:00:00,0.44704228528679074,25.50516134310524
2025-06-18 20:00:00,0.5309686102901637,20.442144424886678
2025-06-18 21:00:00,0.6819670605151268,27.70300010937276
2025-06-18 22:00:00,1.3130904690995182,20.76430335859292
2025-06-18 23:00:00,1.5160264619158395,14.491058523914772
2025-06-19 00:00:00,1.8053565208713627,13.915801081176864
2025-06-19 01:00:00,2.015355303334425,19.271090835993636
2025-06-19 02:00:00,1.7644905595629339,20.154809012769103
2025-06-19 03:00:00,1.6985322855679144,12.146928492761354
2025-06-19 04:00:00,1.1434834614358418,23.547270313455694
2025-06-19 05:00:00,0.7605338178773439,30.00671137422996
2025-06-19 06:00:00,0.4154862539398866,33.455513089935415
2025-06-19 07:00:00,0.5203869647579179,11.807545714083604
2025-06-19 08:00:00,0.42808227024337286,18.922197640692794
2025-06-19 09:00:00,0.5165694627290951,24.271303680396596
2025-06-19 10:00:00,1.0533052689021802,15.145427356771748
2025-06-19 11:00:00,1.2715810420816118,15.404466724565257
2025-06-19 12:00:00,1.8843524825159783,18.05156725348584
2025-06-19 13:00:00,1.854693369606733,14.32596639230229
2025-06-19 14:00:00,1.9929874087999429,24.766333497643277
2025-06-19 15:00:00,1.9833971161844763,23.217950642191973
2025-06-19 16:00:00,1.6142071623150935,27.134977789327547
2025-06-19 17:00:00,1.0777640658927812,27.448241013350785
2025-06-19 18:00:00,0.6815370282698292,17.575470983957384
2025-06-19 19:00:00,0.3761772764969269,12.123254139613826
2025-06-19 20:00:00,0.29750829160995357,22.834137082065705
2025-06-19 21:00:00,0.5867143621379213,25.959569918192777
2025-06-19 22:00:00,0.8336645408007837,12.074628231841306
2025-06-19 23:00:00,1.2922989678393313,22.774221673557406
2025-06-20 00:00:00,1.6619503219302307,31.20784191982293
2025-06-20 01:00:00,1.8296715764494982,21.041710799361244
2025-06-20 02:00:00,2.1418576653836006,22.337510083239387
2025-06-20 03:00:00,1.8758447758550212,13.110547198494269
2025-06-20 04:00:00,1.6236848566459843,16.198638848811882
2025-06-20 05:00:00,1.392367982138622,22.329613235338684
2025-06-20 06:00:00,0.810338877258955,22.222323711033056
2025-06-20 07:00:00,0.37585342798519583,6.045914150259605
2025-06-20 08:00:00,0.44758803158904864,13.6825389464607
2025-06-20 09:00:00,0.4995878865959363,17.28111520953555
2025-06-20 10:00:00,0.8439891725598765,25.832481200815202
2025-06-20 11:00:00,2.6143223508923543,80.78893410744575
2025-06-20 12:00:00,1.5728699809287676,19.34385040617831
2025-06-20 13:00:00,1.9591861307398637,21.769489568019736
2025-06-20 14:00:00,1.839380402732547,20.84956710453731
2025-06-20 15:00:00,1.9437758832986474,18.190466390460553
2025-06-20 16:00:00,1.6938179661041723,20.06869369088434
2025-06-20 17:00:00,1.316149625560242,29.812614159648767
2025-06-20 18:00:00,0.8112240652302061,22.084529013826632
2025-06-20 19:00:00,0.5614115427380273,21.550180611709546
2025-06-20 20:00:00,0.5721931573080671,23.372360992083347
2025-06-20 21:00:00,0.46821393437954595,24.57217161761543
2025-06-20 22:00:00,0.6889455061106229,22.176127405831913
2025-06-20 23:00:00,1.0707690466123319,16.558732969400793
2025-06-21 00:00:00,1.2085001153698784,12.497433839915532
2025-06-21 01:00:00,1.7918523325531581,23.89928504565431
2025-06-21 02:00:00,1.8060525214473855,13.157995843272216
2025-06-21 03:00:00,3.4221541583563866,78.14028531337627
2025-06-21 04:00:00,1.8343185111016491,15.742428557061388
2025-06-21 05:00:00,1.5666590634227713,24.30894484128687
2025-06-21 06:00:00,1.0821304006688213,19.366645320380826
2025-06-21 07:00:00,0.712144087864725,18.94984447862702
2025-06-21 08:00:00,0.5568013312189688,12.705844259259948
2025-06-21 09:00:00,0.2886789163800526,26.20496007984287
2025-06-21 10:00:00,0.5723041984069624,4.794218985856421
2025-06-21 11:00:00,0.9188804599480838,24.285460327836425
2025-06-21 12:00:00,1.1988446552482053,21.648059238887207
2025-06-21 13:00:00,1.7044730664794199,21.248068594762824
2025-06-21 14:00:00,1.8255295939861993,9.6120832796536
2025-06-21 15:00:00,2.026272095838024,10.512476783084097
2025-06-21 16:00:00,1.865010352437153,17.31698117613943
2025-06-21 17:00:00,1.7288429008075352,13.155722722074126
2025-06-21 18:00:00,1.134641254752594,20.729320175918804
2025-06-21 19:00:00,1.018519427479854,18.531759175348242
2025-06-21 20:00:00,0.5474188161866392,14.510387079876809
2025-06-21 21:00:00,0.46445033741685826,25.229998748843535
2025-06-21 22:00:00,0.4590550676301899,23.31512926621193
2025-06-21 23:00:00,0.5878901162840849,15.038950490297367
2025-06-22 00:00:00,0.9972422246166543,21.34753790029929
2025-06-22 01:00:00,1.4587063756520358,22.894713596509845
2025-06-22 02:00:00,1.788938678029713,14.826780482303953
2025-06-22 03:00:00,1.8964701676759275,15.578193250602702
2025-06-22 04:00:00,1.9950633494283327,19.834768520496347
2025-06-22 05:00:00,1.7853564740817305,22.084845584296616
2025-06-22 06:00:00,1.5112975883178636,25.966010344265253
2025-06-22 07:00:00,1.1391265872948395,19.84788065200419
2025-06-22 08:00:00,0.42277269582428095,25.68584797667785
2025-06-22 09:00:00,2.1408672777400737,81.19025088243112
2025-06-22 10:00:00,0.3929793237449154,21.12981248281041
2025-06-22 11:00:00,0.6613881024487913,18.618855437168104
2025-06-22 12:00:00,1.0265030886245823,18.740790852059146
2025-06-22 13:00:00,1.349856244586415,23.30137732949321
2025-06-22 14:00:00,1.699904062036126,16.43677008770825
2025-06-22 15:00:00,1.8665750203157525,20.998235534592112
2025-06-22 16:00:00,2.169037851957065,7.1362326673946175
2025-06-22 17:00:00,1.6000574756359525,23.796199338833592
2025-06-22 18:00:00,1.661743488079888,16.65753398160487
2025-06-22 19:00:00,1.1895500248755042,16.689587642778836
2025-06-22 20:00:00,0.9878847993163358,22.946204314618708
2025-06-22 21:00:00,0.5616808044703424,20.760279360870815
2025-06-22 22:00:00,0.45529186934404653,21.575122849303234
2025-06-22 23:00:00,0.29237504580207846,19.154460411418558
2025-06-23 00:00:00,0.7205785730088541,23.636550003359446
2025-06-23 01:00:00,1.2294116482541468,19.912091071522596
2025-06-23 02:00:00,1.5717275492394023,19.370102290918197
2025-06-23 03:00:00,1.947071102324152,19.963503492650077
2025-06-23 04:00:00,2.0626112200149294,17.891309563739682
2025-06-23 05:00:00,1.9038185774361434,8.316609938899974
2025-06-23 06:00:00,1.701452192128432,15.697724344610576
2025-06-23 07:00:00,1.2783256283407218,12.556859685743326
2025-06-23 08:00:00,1.0592911783871752,19.798357524496684
2025-06-23 09:00:00,0.48084335803262723,14.882416766404578
2025-06-23 10:00:00,0.3587584957705331,14.502800896022556
2025-06-23 11:00:00,0.5374998884384099,16.28927650878841
2025-06-23 12:00:00,0.5631408659073881,18.929574189455714
2025-06-23 13:00:00,1.0915737945320456,14.42125900899847
2025-06-23 14:00:00,1.4802753033369234,27.561158394959723
2025-06-23 15:00:00,1.6570273059962695,25.95728095181513
2025-06-23 16:00:00,2.0731686517591017,17.565017195453283
2025-06-23 17:00:00,1.8903480230540306,24.63349175693714
2025-06-23 18:00:00,1.7727565483760972,14.259515029967666
2025-06-23 19:00:00,1.573398696580792,23.345890324879072
2025-06-23 20:00:00,1.0574167271059391,7.741607448432468
2025-06-23 21:00:00,0.6947440296500276,27.529442314222468
2025-06-23 22:00:00,0.43270569512536994,19.84121131831042
2025-06-23 23:00:00,0.4828084777773514,16.33711096946337
2025-06-24 00:00:00,0.5562860703785454,16.574948500329036
2025-06-24 01:00:00,0.8900812885477851,19.426645156720078
2025-06-24 02:00:00,1.2737644978869684,16.385760337245067
2025-06-24 03:00:00,1.6451974280140884,17.318342134785045
2025-06-24 04:00:00,1.8205715779143565,26.550031848818783
2025-06-24 05:00:00,1.9443246445515325,17.08598611018533
2025-06-24 06:00:00,1.9657409256324323,10.086310149879605
2025-06-24 07:00:00,1.6960785081318461,22.261532312350184
2025-06-24 08:00:00,1.4890376918263513,18.59444003961198
2025-06-24 09:00:00,0.7870547915699331,23.43031923583825
2025-06-24 10:00:00,0.32503603764018074,16.092444623991348
2025-06-24 11:00:00,0.4207070882666802,26.641935420403676
2025-06-24 12:00:00,0.4056422000152002,17.90728267587526
2025-06-24 13:00:00,0.6315282106619164,11.12435899385811
2025-06-24 14:00:00,1.0612082314356859,28.659824387287568
2025-06-24 15:00:00,1.5309311064921118,32.460797854384175
2025-06-24 16:00:00,1.8201447468611034,15.146463754117956
2025-06-24 17:00:00,2.0464858268368262,25.66566512712955
2025-06-24 18:00:00,2.13114346206099,16.62722609251401
2025-06-24 19:00:00,1.824430963787006,4.548574496184454
2025-06-24 20:00:00,1.3397236022611354,19.182462856416695
2025-06-24 21:00:00,0.9536876497944555,11.494133386160302
2025-06-24 22:00:00,0.6140848650123786,14.133730823807031
2025-06-24 23:00:00,0.45941466081699617,27.11437747102331
2025-06-25 00:00:00,0.12487818377789545,18.77437488164173
2025-06-25 01:00:00,0.46557681432467657,27.27237962587693
2025-06-25 02:00:00,0.9661085561156597,28.18164232109504
2025-06-25 03:00:00,1.2783321082321821,20.78280243275448
2025-06-25 04:00:00,1.6511881604298775,18.40033441018549
2025-06-25 05:00:00,1.877043653602599,24.94166428245677
2025-06-25 06:00:00,2.129368824802392,12.533933560520651
2025-06-25 07:00:00,1.994311467087031,25.807548937697256
2025-06-25 08:00:00,1.59543142313183,23.371816706372588
2025-06-25 09:00:00,1.2389159533523444,22.92406049233719
2025-06-25 10:00:00,0.8337048564608391,14.335855317303377
2025-06-25 11:00:00,0.5594720743949878,22.333888658263724
2025-06-25 12:00:00,0.6456639737068608,23.011930248740647
2025-06-25 13:00:00,0.5412402760300905,20.776030238086058
2025-06-25 14:00:00,0.7318263004817657,18.55201713761258
2025-06-25 15:00:00,1.1533565617229118,12.668547433116446
2025-06-25 16:00:00,1.509339598825845,20.71567863233469
2025-06-25 17:00:00,1.9046720879010548,22.59970546338847
2025-06-25 18:00:00,1.961496760803176,15.36966749779406
2025-06-25 19:00:00,2.011967016719653,16.9974250629572
2025-06-25 20:00:00,1.8917767560446042,13.240809143739261
2025-06-25 21:00:00,1.4799050406709173,14.90173910763749
2025-06-25 22:00:00,0.906391430410027,23.77177004658111
2025-06-25 23:00:00,0.48550911710293565,23.720304384034435
2025-06-26 00:00:00,0.3793112172083027,20.258950122233816
2025-06-26 01:00:00,0.4710244559518313,18.21687848475729
2025-06-26 02:00:00,0.6063879704259175,27.89074327386931
2025-06-26 03:00:00,1.0135760370321902,28.132932029281214
2025-06-26 04:00:00,1.4937979059086097,20.52783167529415
2025-06-26 05:00:00,1.6410847849766443,18.482422769217177
2025-06-26 06:00:00,1.885845066624966,26.823833409424324
2025-06-26 07:00:00,2.0268487208093897,24.4313793998029
2025-06-26 08:00:00,1.6712861259071863,24.882205313983228
2025-06-26 09:00:00,1.5855658104415156,24.48930518215767
2025-06-26 10:00:00,0.9259236637908917,16.787247522459428
2025-06-26 11:00:00,0.7415820594533274,22.714615983293598
2025-06-26 12:00:00,0.6095271474789874,18.37845294958122
2025-06-26 13:00:00,0.33965429374728673,20.020138611515325
2025-06-26 14:00:00,0.4679743544478676,19.913417954087695
2025-06-26 15:00:00,1.0023733143383342,9.499099099829031
2025-06-26 16:00:00,1.3630026787567038,20.866458505077425
2025-06-26 17:00:00,1.72857655077939,22.376135699255755
2025-06-26 18:00:00,1.8318032783011173,23.51023979373621
2025-06-26 19:00:00,2.017841740310029,26.170200280237687
2025-06-26 20:00:00,1.8108027858986817,27.919751949404024
2025-06-26 21:00:00,1.6202862097903066,17.242051462807098
2025-06-26 22:00:00,1.215170931359534,20.364805208764754
2025-06-26 23:00:00,0.9304504898838217,27.791713993826537
2025-06-27 00:00:00,0.6240869734276947,21.70906537508681
2025-06-27 01:00:00,0.5772806340450588,20.746908544685475
2025-06-27 02:00:00,0.5131839817125365,30.808580209427824
2025-06-27 03:00:00,0.6258158106146738,23.222724869924058
2025-06-27 04:00:00,1.125932094585098,17.037109940381487
2025-06-27 05:00:00,1.3499462631275145,13.287219644820839
2025-06-27 06:00:00,1.7706108462396872,27.122651954165438
2025-06-27 07:00:00,1.9204524095704933,15.091312150622258
2025-06-27 08:00:00,2.029137818363452,24.55388629756458
2025-06-27 09:00:00,1.6942160502236479,18.895983766347523
2025-06-27 10:00:00,1.511015389395781,22.304273865511917
2025-06-27 11:00:00,0.9245850783552689,30.586166758952054
2025-06-27 12:00:00,0.6085552546362233,22.527402091072517
2025-06-27 13:00:00,0.37964253313878144,19.11337656400009
2025-06-27 14:00:00,0.46039888661825845,17.84145453608737
2025-06-27 15:00:00,0.5374547143431772,19.794962277872838
2025-06-27 16:00:00,0.9861656818869776,18.61480097016238
2025-06-27 17:00:00,1.302716591506333,27.88878822828871
2025-06-27 18:00:00,1.691719122091936,14.686513553939196
2025-06-27 19:00:00,1.932423761658403,15.4705409432414
2025-06-27 20:00:00,2.0070487846141023,24.704800939012408
2025-06-27 21:00:00,1.9300093217020513,24.75745447387296
2025-06-27 22:00:00,1.5663949032527043,28.737602491474703
2025-06-27 23:00:00,1.2074491982303839,14.622725044604513
2025-06-28 00:00:00,0.8998065109696166,21.36040993018575
2025-06-28 01:00:00,0.5500586091861235,27.115737814699884
2025-06-28 02:00:00,0.539453089367059,15.891366211253338
2025-06-28 03:00:00,0.3508977822923445,22.65490033622932
2025-06-28 04:00:00,0.8805017880690962,18.549487842031265
2025-06-28 05:00:00,1.3472654941238749,20.810586034093767
2025-06-28 06:00:00,1.7842469445741327,21.033640682677177
2025-06-28 07:00:00,1.9228535315139963,26.596338501403245
2025-06-28 08:00:00,2.1768998677683054,8.464921258970907
2025-06-28 09:00:00,1.823885330662883,23.116122168746344
2025-06-28 10:00:00,1.6913721120102205,28.463361825049518
2025-06-28 11:00:00,1.2354900495411272,9.128723625216274
2025-06-28 12:00:00,1.0180613681465398,24.02940350496553
2025-06-28 13:00:00,0.593496832517078,21.78446586458368
2025-06-28 14:00:00,0.22345896633823548,15.63116514381078
2025-06-28 15:00:00,0.38462251292330707,25.1789606167778
2025-06-28 16:00:00,0.6288506968509842,14.643716135971449
2025-06-28 17:00:00,1.0625458966090475,17.250299313967485
2025-06-28 18:00:00,1.3871737000637223,19.941262265894952
2025-06-28 19:00:00,1.780747858983605,14.327590572847825
2025-06-28 20:00:00,2.0004826334373407,27.642831220435966
2025-06-28 21:00:00,2.005973456404352,19.171466983421926
2025-06-28 22:00:00,2.092768258846844,17.218566087454885
2025-06-28 23:00:00,1.4656303982980567,24.825629108751762
2025-06-29 00:00:00,1.0458675933672683,20.182321003862622
2025-06-29 01:00:00,0.7657118559748575,16.309499265743906
2025-06-29 02:00:00,0.4511175888954215,17.3633711562659
2025-06-29 03:00:00,0.4372433574416404,14.719523627214784
2025-06-29 04:00:00,0.4302763426325609,16.13626981692457
2025-06-29 05:00:00,0.7434619187823256,20.94192524187236
2025-06-29 06:00:00,1.3887850292204411,30.533767387036974
2025-06-29 07:00:00,1.4765981170084623,22.009981901954493
2025-06-29 08:00:00,1.8524500507588473,24.172773842393763
2025-06-29 09:00:00,1.83164009642845,14.518605926564527
2025-06-29 10:00:00,1.8068759919948958,25.482760775848288
2025-06-29 11:00:00,1.6027867834351552,16.534651728112586
2025-06-29 12:00:00,1.1493486961003905,26.996964496552007
2025-06-29 13:00:00,0.9345030145047505,16.61284781032707
2025-06-29 14:00:00,0.5664265585930071,26.041858191167144
2025-06-29 15:00:00,0.30410115641908747,27.328488441190224
2025-06-29 16:00:00,0.4368563320829211,22.269571254854124
2025-06-29 17:00:00,0.723434559989194,15.457045931797719
2025-06-29 18:00:00,1.1083874917378274,19.7965932619238
2025-06-29 19:00:00,1.5738911806463924,27.40674855388228
2025-06-29 20:00:00,1.793286073041365,18.960573716106
2025-06-29 21:00:00,2.009927274436987,16.454849842229162
2025-06-29 22:00:00,1.872483053681579,16.309038656182896
2025-06-29 23:00:00,1.6614353564873312,30.842912685525135
2025-06-30 00:00:00,1.3672613543506003,17.838463016008532
2025-06-30 01:00:00,0.886424261804981,9.311164375426957
2025-06-30 02:00:00,0.7273411582663013,21.257958361911506
2025-06-30 03:00:00,0.3904676636882354,20.62929141383698
2025-06-30 04:00:00,0.4840560770558782,22.5790074780861
2025-06-30 05:00:00,0.4082085695428461,24.066979543489353
2025-06-30 06:00:00,0.7337266596030716,16.95831738042801
2025-06-30 07:00:00,1.3643608599756205,19.64954703592791
2025-06-30 08:00:00,1.725158984816114,15.175710828050306
2025-06-30 09:00:00,1.9175029016109186,19.173107451093337
2025-06-30 10:00:00,2.059628884902942,13.881162123590034
2025-06-30 11:00:00,1.8289726352755036,22.21372662604415
2025-06-30 12:00:00,1.6840737123903438,27.82479052701218
2025-06-30 13:00:00,1.0700501385083454,14.743587644281853
2025-06-30 14:00:00,0.9098794096242315,23.942929165310023
2025-06-30 15:00:00,0.45278563450181475,13.857536529113968
2025-06-30 16:00:00,0.5756010835529431,23.975803371321042
2025-06-30 17:00:00,0.49949102228772363,14.837879477597815
2025-06-30 18:00:00,0.6948418596967229,19.048506531281827
2025-06-30 19:00:00,1.1396630825198328,32.81158334634077
2025-06-30 20:00:00,1.5216099805439596,21.329913050416355
2025-06-30 21:00:00,2.0411429111321007,18.988875142760325
2025-06-30 22:00:00,1.998532242251008,20.8066051800872
2025-06-30 23:00:00,1.8496381466724472,22.568308483453315
2025-07-01 00:00:00,1.8525095722875662,21.44444778060178
2025-07-01 01:00:00,1.251105397475445,18.868140366011524
2025-07-01 02:00:00,0.9295146363290961,21.809137209681353
2025-07-01 03:00:00,0.7102510358703276,27.139459099136616
2025-07-01 04:00:00,0.3984739226418548,22.121574602625156
2025-07-01 05:00:00,0.23715422204784622,16.947605091184446
2025-07-01 06:00:00,0.6086927305222792,21.280176109216594
2025-07-01 07:00:00,0.9579749244481852,24.983927808010186
2025-07-01 08:00:00,1.446160429526022,24.180536137734663
2025-07-01 09:00:00,1.6781272933290157,28.03071764065954
2025-07-01 10:00:00,1.8443851688836086,19.26571611482141
2025-07-01 11:00:00,1.8686682580181702,31.110783971821913
2025-07-01 12:00:00,1.913426524386342,19.573733104257673
2025-07-01 13:00:00,1.5409072003555766,20.421021315198164
2025-07-01 14:00:00,0.9204076974553502,24.738819182693163
2025-07-01 15:00:00,0.7782153295400285,28.86378934446528
2025-07-01 16:00:00,2.1448385234376253,85.82728913374513
2025-07-01 17:00:00,1.5690359051466503,78.50932548852653
2025-07-01 18:00:00,0.3436826072060787,18.30074331474716
2025-07-01 19:00:00,0.991805054740749,20.396281274855394
2025-07-01 20:00:00,1.0692899735745647,22.02404255768815
2025-07-01 21:00:00,1.5218107255338602,20.683149818516725
2025-07-01 22:00:00,1.8640391480366583,15.52794463251478
2025-07-01 23:00:00,1.7553299285434631,17.247059838337027
2025-07-02 00:00:00,2.0216436840274503,21.444767677073415
2025-07-02 01:00:00,1.677262141633466,15.549677098777504
2025-07-02 02:00:00,1.3334688641828845,17.51864568921708
2025-07-02 03:00:00,0.9087861468465984,13.14647296526412
2025-07-02 04:00:00,0.7308549399136318,16.72972829263659
2025-07-02 05:00:00,0.4749006032903349,21.625636967005132
2025-07-02 06:00:00,0.48581087082014207,16.762903510066806
2025-07-02 07:00:00,0.800353484137953,15.384892707226285
2025-07-02 08:00:00,1.0022172762993247,17.58387597496716
2025-07-02 09:00:00,1.6427393183320058,14.643475560013187
2025-07-02 10:00:00,1.7351611963481979,19.589948235154086
2025-07-02 11:00:00,1.7704954987147135,18.29589355296588
2025-07-02 12:00:00,2.010710089644724,21.386168962734807
2025-07-02 13:00:00,1.700421922998268,18.39084429610857
2025-07-02 14:00:00,1.4339073897981072,18.981584625799158
2025-07-02 15:00:00,1.0316590475401757,22.61096388158387
2025-07-02 16:00:00,0.6536271863560698,16.797399786483506
2025-07-02 17:00:00,0.54775605185525,21.306120661838918
2025-07-02 18:00:00,0.5458876316050085,20.55320255670462
2025-07-02 19:00:00,0.6158267385255515,20.547765650643832
2025-07-02 20:00:00,0.9186776925682956,22.681129321728392
2025-07-02 21:00:00,1.1105919473335255,20.10741640842912
2025-07-02 22:00:00,1.7059139342200556,15.148022569410474
2025-07-02 23:00:00,1.9114022293369646,13.072199949083146
2025-07-03 00:00:00,2.231675315810447,17.646841825394358
2025-07-03 01:00:00,1.8339974953045082,25.750914100059664
2025-07-03 02:00:00,1.5498960442349925,18.262382150091362
2025-07-03 03:00:00,1.2001675340722102,13.19618871747511
2025-07-03 04:00:00,0.7844174863731194,20.906919014730178
2025-07-03 05:00:00,0.5698206731189499,21.607024992087666
2025-07-03 06:00:00,0.29816170054174485,21.951742283799547
2025-07-03 07:00:00,0.5603097162051446,36.31417815362006
2025-07-03 08:00:00,0.8645682409523947,22.250338201547915
2025-07-03 09:00:00,1.15987707990152,14.041332671981442
2025-07-03 10:00:00,1.4820246952258067,32.41346457438864
2025-07-03 11:00:00,1.9571551815429071,22.830555753697396
2025-07-03 12:00:00,1.901032734399791,10.52113529301285
2025-07-03 13:00:00,2.026874458515117,24.57919903202817
2025-07-03 14:00:00,1.6423827470151338,20.687571458250602
2025-07-03 15:00:00,1.367990127687928,12.945420432927119
2025-07-03 16:00:00,0.9789254624449021,9.058196251316472
2025-07-03 17:00:00,0.7495445237462499,13.902834938357024
2025-07-03 18:00:00,0.4062908666384295,32.37634173183814
2025-07-03 19:00:00,1.7719475926969377,81.07292232855585
2025-07-03 20:00:00,0.5590430301065716,20.51847300001035
2025-07-03 21:00:00,1.09931912599037,17.38919849514908
2025-07-03 22:00:00,1.3403450420176253,25.41710224859484
2025-07-03 23:00:00,1.929324551783689,20.013829548077325
2025-07-04 00:00:00,1.9804034945102271,17.5906048406008
2025-07-04 01:00:00,1.8120169252953064,29.21803490917302
2025-07-04 02:00:00,1.7532924021166512,13.546479660503904
2025-07-04 03:00:00,2.969917206161683,80.90609733382948
2025-07-04 04:00:00,1.1608466316358623,26.698996786648014
2025-07-04 05:00:00,0.6328938258438825,22.854255622177085
2025-07-04 06:00:00,0.46696017794481975,18.58375113187365
2025-07-04 07:00:00,0.28833199081525085,21.04695325825061
2025-07-04 08:00:00,0.5292282909350299,21.165905838326676
2025-07-04 09:00:00,0.7124520784191801,19.932145435108207
2025-07-04 10:00:00,1.0124450745502305,27.69466949838545
2025-07-04 11:00:00,1.4385218723480555,18.14856778661063
2025-07-04 12:00:00,2.006244813882453,9.691525100930038
2025-07-04 13:00:00,3.40125278623216,84.11355024237585
2025-07-04 14:00:00,1.8946986967039672,24.459203310919648
2025-07-04 15:00:00,1.778210577446311,19.547462716048123
2025-07-04 16:00:00,1.317416401292802,9.089411657162712
2025-07-04 17:00:00,0.912877043404621,16.64054447548398
2025-07-04 18:00:00,0.5863138073836837,13.866668001362644
2025-07-04 19:00:00,0.537910997371135,20.11208521274857
2025-07-04 20:00:00,0.587051793879855,19.23191236668356
2025-07-04 21:00:00,0.6938896494021464,26.57482084192759
2025-07-04 22:00:00,0.9972572545003408,16.700808344841423
2025-07-04 23:00:00,1.5451000713225158,27.635220244709764
2025-07-05 00:00:00,1.7483423405618979,17.249803818160313
2025-07-05 01:00:00,2.0128903673032243,21.32858032497962
2025-07-05 02:00:00,1.8406575583711207,23.840439716751824
2025-07-05 03:00:00,1.714884454918883,37.74136344004471
2025-07-05 04:00:00,1.3747356640007946,23.672776377676545
2025-07-05 05:00:00,1.0007461654996719,19.41770076651399
2025-07-05 06:00:00,0.6779905895475641,25.897839118254353
2025-07-05 07:00:00,0.40945282752825757,23.74358093702286
2025-07-05 08:00:00,0.47092689441221897,19.625136426742166
2025-07-05 09:00:00,0.6335653140893273,23.883163554917306
2025-07-05 10:00:00,0.8602517595739064,24.643601519388955
2025-07-05 11:00:00,1.2962162061330684,23.158146520189153
2025-07-05 12:00:00,1.71685822176576,19.032677927681775
2025-07-05 13:00:00,1.7548267310221173,21.014785650621473
2025-07-05 14:00:00,2.0514419903923744,22.775274203112154
2025-07-05 15:00:00,1.893492140890151,24.377538452019255
2025-07-05 16:00:00,1.508455521703934,21.373535999536386
2025-07-05 17:00:00,1.1567549497369485,21.679861943143155
2025-07-05 18:00:00,0.8542210809880635,6.607341006921732
2025-07-05 19:00:00,0.4540617472092984,20.163063902656393
2025-07-05 20:00:00,0.37195946019782566,23.882187698325897
2025-07-05 21:00:00,0.623524899185645,16.24568141433666
2025-07-05 22:00:00,0.7448261310612001,3.868061860999724
2025-07-05 23:00:00,0.9179897226425073,24.29152991766567
2025-07-06 00:00:00,1.5059815408005284,26.682679100683796
2025-07-06 01:00:00,1.8807909256482997,16.248690043470756
2025-07-06 02:00:00,2.003443491885606,25.457609159225573
2025-07-06 03:00:00,1.7878815671262691,18.78577326082519
2025-07-06 04:00:00,1.845987632521767,21.56471021884277
2025-07-06 05:00:00,1.3829473223720599,23.740575914031275
2025-07-06 06:00:00,1.0104851547998615,14.900722635114839
2025-07-06 07:00:00,0.7598105611095995,17.1078453478338
2025-07-06 08:00:00,0.4345609242481322,25.09404797220435
2025-07-06 09:00:00,0.50045350345853,8.009996537437898
2025-07-06 10:00:00,0.7912437672625484,24.192347026584137
2025-07-06 11:00:00,0.906931231660316,22.616511679670758
2025-07-06 12:00:00,1.4497860372721627,18.87778437720615
2025-07-06 13:00:00,1.6745216267376417,19.719941821126678
2025-07-06 14:00:00,2.0016766212357577,29.962945300512697
2025-07-06 15:00:00,2.0262773623824866,22.499510711736516
2025-07-06 16:00:00,1.8502487552426372,17.810814498858868
2025-07-06 17:00:00,1.6580889370688516,17.64194730811309
2025-07-06 18:00:00,1.1178374748775994,18.007911154856703
2025-07-06 19:00:00,0.8019138491623325,25.470777167715
2025-07-06 20:00:00,0.5795701517917683,16.54337251793377
2025-07-06 21:00:00,0.4430492911075706,10.173933691565885
2025-07-06 22:00:00,0.561090911146773,19.39769650945366
2025-07-06 23:00:00,0.8188415181906739,17.224029146563527
2025-07-07 00:00:00,1.1386055464996236,22.585991870303403
2025-07-07 01:00:00,1.664989322582062,15.660106622011291
2025-07-07 02:00:00,1.839674956217224,24.539190196891237
2025-07-07 03:00:00,1.8917487227814678,17.74300880115012
2025-07-07 04:00:00,2.016868898049298,27.02677004443362
2025-07-07 05:00:00,1.6214315186694253,17.818554249491395
2025-07-07 06:00:00,1.2787688401943587,17.952134522235312
2025-07-07 07:00:00,0.760302423452179,24.13640450397053
2025-07-07 08:00:00,0.5731734711408838,16.62357475889743
2025-07-07 09:00:00,0.5592286959908992,16.659771826202327
2025-07-07 10:00:00,0.5520689628564479,26.307998382408734
2025-07-07 11:00:00,0.6762634512454454,12.474322516873144
2025-07-07 12:00:00,1.045404580219914,14.676760241036485
2025-07-07 13:00:00,1.4114060085819182,25.881732895777017
2025-07-07 14:00:00,1.9365285739227553,19.562173799173404
2025-07-07 15:00:00,1.8237853869427583,28.449999787720024
2025-07-07 16:00:00,2.044403844806354,17.133821463406587
2025-07-07 17:00:00,1.6097649908376623,22.376574929111207
2025-07-07 18:00:00,1.3952298476672227,13.433678316049033
2025-07-07 19:00:00,1.0412296162335757,16.10229058076738
2025-07-07 20:00:00,0.7707200257614346,12.622439662685327
2025-07-07 21:00:00,0.35231091672317916,28.788014267420778
2025-07-07 22:00:00,0.42537594327710093,24.934470181105212
2025-07-07 23:00:00,0.42225934136424065,20.071117231221255
2025-07-08 00:00:00,0.9317218590232057,15.307567125408337
2025-07-08 01:00:00,1.2426583638534439,17.243609917472842
2025-07-08 02:00:00,1.6934325596898074,16.48356971269992
2025-07-08 03:00:00,1.8956124963819239,33.27692839070385
2025-07-08 04:00:00,1.935540077061124,16.60685099797727
2025-07-08 05:00:00,1.894671594463199,17.65374175253726
2025-07-08 06:00:00,1.7483005759332242,17.085336862399046
2025-07-08 07:00:00,1.1064640509973305,22.73664930301751
2025-07-08 08:00:00,0.7117179146433242,24.739324570563035
2025-07-08 09:00:00,0.552972043074092,12.184665297222224
2025-07-08 10:00:00,0.5300563319235262,19.39735754705825
2025-07-08 11:00:00,0.5059673992193232,17.45659600212157
2025-07-08 12:00:00,0.8921492787132468,8.276811802536848
2025-07-08 13:00:00,1.0866235274378422,16.260544316215373
2025-07-08 14:00:00,1.5524819409372712,19.65361352411215
2025-07-08 15:00:00,1.9486045521943525,13.627505499516863
2025-07-08 16:00:00,1.9762838460392183,17.82327731362526
2025-07-08 17:00:00,1.8554616835915299,20.471741356361424
2025-07-08 18:00:00,1.7256882140032686,26.59682785237807
2025-07-08 19:00:00,2.724170006797829,82.31523255082877
2025-07-08 20:00:00,1.2303586740515096,20.956618225550965
2025-07-08 21:00:00,0.71500479891943,22.21867130182708
2025-07-08 22:00:00,0.43991698644628896,12.678853418893379
2025-07-08 23:00:00,0.3253729892118822,21.019069701029803
2025-07-09 00:00:00,0.7354416452200845,21.255970130719476
2025-07-09 01:00:00,1.0547094184709174,18.486006895141585
2025-07-09 02:00:00,1.299135468871565,15.124659104239566
2025-07-09 03:00:00,1.6019388275491642,20.24637226254313
2025-07-09 04:00:00,1.9539348307549993,18.902038604237493
2025-07-09 05:00:00,1.974369019392742,15.900818486714638
2025-07-09 06:00:00,1.6630952718148357,24.40769368300571
2025-07-09 07:00:00,1.3644776670066423,15.072922668507399
2025-07-09 08:00:00,0.9862099199960357,30.847153935150907
2025-07-09 09:00:00,0.7909368900793884,18.776236643513386
2025-07-09 10:00:00,0.3917868009231901,17.165038942402166
2025-07-09 11:00:00,0.3508976938645071,12.534480978604213
2025-07-09 12:00:00,0.5462581085224596,25.385986333394364
2025-07-09 13:00:00,0.7374696297368479,17.929327823989098
2025-07-09 14:00:00,1.1942378884975293,26.217169680352526
2025-07-09 15:00:00,1.6734577340437244,23.855477629278607
2025-07-09 16:00:00,1.861311389146065,17.827683944600487
2025-07-09 17:00:00,1.958697456353564,9.485790012486842
2025-07-09 18:00:00,2.0541016907645693,19.47224641806197
2025-07-09 19:00:00,1.816664871043279,24.530984285696356
2025-07-09 20:00:00,1.256493855114169,21.842354074090444
2025-07-09 21:00:00,0.8574503848615197,23.927412990037276
2025-07-09 22:00:00,0.3925659632397525,22.61031801862084
2025-07-09 23:00:00,0.3655192848559292,25.51153118934468
2025-07-10 00:00:00,0.49726431922495945,17.669761216505236
2025-07-10 01:00:00,0.6994466468794447,17.375191869449548
2025-07-10 02:00:00,0.9491180618182287,23.358136714720985
2025-07-10 03:00:00,1.3203612660659323,20.064767116000326
2025-07-10 04:00:00,1.6922898742234667,21.52140282277913
2025-07-10 05:00:00,2.080389184750589,17.047142188925125
2025-07-10 06:00:00,1.8955564715912607,23.276569950213602
2025-07-10 07:00:00,1.8081577968631435,16.43403612392777
2025-07-10 08:00:00,1.4283981032274022,22.10775651611179
2025-07-10 09:00:00,1.1083158443608958,25.426096244187057
2025-07-10 10:00:00,0.6386632927565952,24.40471196262263
2025-07-10 11:00:00,0.33453129513872104,24.444524098441597
2025-07-10 12:00:00,0.47069538236490277,15.901429744752164
2025-07-10 13:00:00,0.6987177937788955,23.296593799199556
2025-07-10 14:00:00,0.9348631951588704,19.09324036297196
2025-07-10 15:00:00,1.1768009577162466,26.971718428642866
2025-07-10 16:00:00,1.6111533065125074,17.62510026848523
2025-07-10 17:00:00,1.938261299276678,18.76891296754481
2025-07-10 18:00:00,1.9475621027638852,19.015400424018456
2025-07-10 19:00:00,1.9686503529424861,15.863937769806924
2025-07-10 20:00:00,1.5305988083544995,20.41496207056807
2025-07-10 21:00:00,1.2744547954842798,20.561741268174096
2025-07-10 22:00:00,0.9171817037576786,17.7687253596889
2025-07-10 23:00:00,0.598408449512125,18.995562466126156
2025-07-11 00:00:00,0.4434135598912293,25.987978143465348
2025-07-11 01:00:00,0.5844129308315881,20.619516428258557
2025-07-11 02:00:00,0.7397378812106598,27.290008098127192
2025-07-11 03:00:00,0.9986193691546547,20.851559380246098
2025-07-11 04:00:00,1.6751030101720752,27.568662099888215
2025-07-11 05:00:00,1.911926289890498,16.51709248525761
2025-07-11 06:00:00,1.915727890988757,12.135157400931735
2025-07-11 07:00:00,1.9473584015254242,25.061504623977765
2025-07-11 08:00:00,1.8487799139854462,19.547173181189095
2025-07-11 09:00:00,1.334994500026737,20.53842403711732
2025-07-11 10:00:00,1.1051779004363762,29.597540283229314
2025-07-11 11:00:00,0.4732728285387027,11.68357154733363
2025-07-11 12:00:00,0.5564604295033863,12.719883038240347
2025-07-11 13:00:00,0.4063462262418326,9.873842924304641
2025-07-11 14:00:00,0.7247703369083403,12.599690147740677
2025-07-11 15:00:00,1.0445091901133319,16.087591072474357
2025-07-11 16:00:00,1.2747213048305197,21.464500995397415
2025-07-11 17:00:00,1.7874488146250647,24.82471341411398
2025-07-11 18:00:00,2.0078350095056954,15.243751276344863
2025-07-11 19:00:00,1.9649819409367404,25.6745569331964
2025-07-11 20:00:00,2.1034982317786253,26.467385562612048
2025-07-11 21:00:00,1.579968819576382,16.28850415930782
2025-07-11 22:00:00,1.1240011020859255,21.784922706830965
2025-07-11 23:00:00,0.8204496378409486,19.338949517106286
2025-07-12 00:00:00,0.5006111601195891,24.51398628462361
2025-07-12 01:00:00,0.5335936324652886,25.10254045403589
2025-07-12 02:00:00,0.40718834652258845,26.392555687212308
2025-07-12 03:00:00,0.8285323945889232,19.237259132467223
2025-07-12 04:00:00,1.3238102942786287,15.48603078924199
2025-07-12 05:00:00,1.7062545940889764,22.61742992541733
2025-07-12 06:00:00,2.04455691962883,25.876684199680497
2025-07-12 07:00:00,1.9474261973676346,31.18227673983257
2025-07-12 08:00:00,1.9326332926914371,17.036992737621617
2025-07-12 09:00:00,1.649452825130275,26.7234248063774
2025-07-12 10:00:00,1.4071604186210414,16.84911567637928
2025-07-12 11:00:00,0.9101953722927522,21.828798630392203
2025-07-12 12:00:00,0.5983450466177667,11.330257783105655
2025-07-12 13:00:00,0.4243471031191482,22.6676388723506
2025-07-12 14:00:00,0.4968920371049278,22.749137832945507
2025-07-12 15:00:00,0.5449568503026758,24.233318242204266
2025-07-12 16:00:00,1.1389268048173378,19.145343771671488
2025-07-12 17:00:00,1.3628059443064753,20.655869642944243
2025-07-12 18:00:00,1.8384221679251815,21.883237208061544
2025-07-12 19:00:00,1.8121679305792024,22.58760708135012
2025-07-12 20:00:00,2.1123259932170155,18.113295040313755
2025-07-12 21:00:00,1.682117683192698,18.288725737126764
2025-07-12 22:00:00,1.2804718756572488,22.80638474657636
2025-07-12 23:00:00,1.134275585071368,20.28387750628366
2025-07-13 00:00:00,0.676848549187791,21.998335459334935
2025-07-13 01:00:00,0.4430661541982781,17.389231785437186
2025-07-13 02:00:00,0.2500075273269419,20.371632646632495
2025-07-13 03:00:00,0.5764243427967656,22.28592977143633
2025-07-13 04:00:00,0.925427779275574,20.34867714400427
2025-07-13 05:00:00,1.3696529594525406,19.380283410917798
2025-07-13 06:00:00,1.7398741115833376,9.917004971935048
2025-07-13 07:00:00,1.9376982698670477,9.685196350525231
2025-07-13 08:00:00,1.8771501837814046,16.43447133040251
2025-07-13 09:00:00,1.8243443386622724,18.230777614729853
2025-07-13 10:00:00,1.3969333206516772,19.084171532459518
2025-07-13 11:00:00,1.300906182095043,21.73271776513977
2025-07-13 12:00:00,0.9905395039383907,23.733257616825014
2025-07-13 13:00:00,0.5706583183424581,28.242789887761184
2025-07-13 14:00:00,0.309576984264585,24.53571753589891
2025-07-13 15:00:00,0.5261436884779565,19.548551812570736
2025-07-13 16:00:00,0.6191823838812467,11.293817103432135
2025-07-13 17:00:00,1.266616635739058,29.01427595128996
2025-07-13 18:00:00,1.4795552062664483,18.289853091194995
2025-07-13 19:00:00,1.8046692807807618,12.598411110373174
2025-07-13 20:00:00,2.0373446452798354,31.708408499603948
2025-07-13 21:00:00,1.8934768384178542,26.261717132257942
2025-07-13 22:00:00,1.6486477203550203,25.095795591463805
2025-07-13 23:00:00,1.4461939084283078,18.97118989156418
2025-07-14 00:00:00,0.8755784392890006,20.71141850422203
2025-07-14 01:00:00,0.7626613923242608,23.070909895214285
2025-07-14 02:00:00,0.2882335215718643,12.273877922854219
2025-07-14 03:00:00,0.43132991140214044,22.819139769074944
2025-07-14 04:00:00,0.6842858111092155,22.871260133929255
2025-07-14 05:00:00,1.091812973152259,28.79354683738847
2025-07-14 06:00:00,1.3238993328891262,22.54394411991375
2025-07-14 07:00:00,1.7163039152640598,27.00349189744368
2025-07-14 08:00:00,2.146069333859822,19.535590787192564
2025-07-14 09:00:00,2.0455312721688297,20.70501365559202
2025-07-14 10:00:00,1.7465918605998503,15.64049671655024
2025-07-14 11:00:00,1.7076911216148483,19.29629655924876
2025-07-14 12:00:00,1.1465505876985245,20.037875083994475
2025-07-14 13:00:00,0.6973785014571838,22.99014460160756
2025-07-14 14:00:00,0.4122794527531266,14.259308412121555
2025-07-14 15:00:00,0.4937910333440426,21.564647252826585
2025-07-14 16:00:00,0.49763112016849764,16.015075691932676
2025-07-14 17:00:00,0.5903361957929513,24.716244869541693
2025-07-14 18:00:00,1.113425742371698,22.072882009443187
2025-07-14 19:00:00,1.4785002712390956,22.933787001392457
2025-07-14 20:00:00,1.8270193153918755,19.682194463749116
2025-07-14 21:00:00,1.9613475827153541,17.178720168238698
2025-07-14 22:00:00,1.9223653954473285,18.11680821927736
2025-07-14 23:00:00,1.6782143595292944,16.174758373330302
2025-07-15 00:00:00,1.2641386301327093,18.772405660852527
2025-07-15 01:00:00,0.9108846848153741,19.92998508794503
2025-07-15 02:00:00,0.6793136065791576,15.930074273050266
2025-07-15 03:00:00,0.5466937899405052,18.367635340357385
2025-07-15 04:00:00,0.37157621033722277,14.618158363406936
2025-07-15 05:00:00,0.390948069952993,24.059958531677935
2025-07-15 06:00:00,1.0877614047617712,27.199016370578523
2025-07-15 07:00:00,1.2481410169944642,21.54478772178228
2025-07-15 08:00:00,1.8344413226961727,17.328690458092883
2025-07-15 09:00:00,1.9184133167676725,22.846350431783296
2025-07-15 10:00:00,1.9417124236345065,17.265286902510297
2025-07-15 11:00:00,1.7888888488122159,20.9020446756671
2025-07-15 12:00:00,1.4372591613023733,15.46304243119514
2025-07-15 13:00:00,1.089470718205824,17.64281892726512
2025-07-15 14:00:00,0.8015033868821504,21.42658225606201
2025-07-15 15:00:00,0.3873693376347672,26.80150076356594
2025-07-15 16:00:00,0.2469047058373991,25.026572760339835
2025-07-15 17:00:00,0.561490685079877,18.374429821698953
2025-07-15 18:00:00,1.0117175588504115,11.473471903868584
2025-07-15 19:00:00,1.1636523427737768,21.72343395053626
2025-07-15 20:00:00,1.6668691779087865,19.935040583742012
2025-07-15 21:00:00,1.9949472282608158,22.606480508105545
2025-07-15 22:00:00,2.0386943424684216,18.75382801608766
2025-07-15 23:00:00,1.9479434967594613,16.543345550929978
2025-07-16 00:00:00,1.7212156832078136,31.001849797582608
2025-07-16 01:00:00,1.0970003772852854,16.032348098509658
2025-07-16 02:00:00,0.7007442044135826,25.04318661118214
2025-07-16 03:00:00,0.5281099020907771,22.644148236883684
2025-07-16 04:00:00,0.40119892670482515,20.99904687717218
2025-07-16 05:00:00,0.4119655689565338,21.350677693155582
2025-07-16 06:00:00,0.6154913903797536,20.030722026193203
2025-07-16 07:00:00,1.2159648958417926,15.937491493064147
2025-07-16 08:00:00,1.5001460948664254,22.586190559635085
2025-07-16 09:00:00,1.9035785994762284,15.92316037499948
2025-07-16 10:00:00,2.0471313983312327,24.60604933017108
2025-07-16 11:00:00,2.151718519346634,19.17611259246813
2025-07-16 12:00:00,1.5631054414545267,19.883890129456795
2025-07-16 13:00:00,1.471315201501128,17.115367869668503
2025-07-16 14:00:00,0.9981910461275082,14.787260802624589
2025-07-16 15:00:00,0.49195490777464684,19.944680354136068
2025-07-16 16:00:00,0.4646615010934825,21.257110008651612
2025-07-16 17:00:00,0.4264728757445787,16.132734284576888
2025-07-16 18:00:00,0.6719349567462775,16.776011273976355
2025-07-16 19:00:00,0.9502103441224224,28.64395343635804
2025-07-16 20:00:00,1.2400382266115428,29.293754325749404
2025-07-16 21:00:00,1.7512733694744298,17.151829255986613
2025-07-16 22:00:00,2.058039654865229,21.32046924653041
2025-07-16 23:00:00,1.9861654231158474,23.222416342837654
2025-07-17 00:00:00,1.5558354526384708,11.248389090747565
2025-07-17 01:00:00,1.5330945052911098,15.771340039080865
2025-07-17 02:00:00,1.343473684767034,12.76680298005742
2025-07-17 03:00:00,0.6182913373167925,22.609956964767363
2025-07-17 04:00:00,0.6489607112914483,23.852656307481976
2025-07-17 05:00:00,0.5389195060555334,8.608282483063974
2025-07-17 06:00:00,0.4241900619547254,27.54167961827283
2025-07-17 07:00:00,0.7171115969908022,19.498893688175546
2025-07-17 08:00:00,1.1105947667809417,31.868409533155614
2025-07-17 09:00:00,1.574698149173237,14.526866203955738
2025-07-17 10:00:00,1.8673071380278485,11.997657254060321
2025-07-17 11:00:00,1.963717114700678,19.873325330663008
2025-07-17 12:00:00,1.9333145108137475,19.21607824049412
2025-07-17 13:00:00,1.592571105239758,17.73675367670723
2025-07-17 14:00:00,1.2458432163858093,20.13677578173907
2025-07-17 15:00:00,0.8998952533701233,19.885208405796337
2025-07-17 16:00:00,0.4936595506189154,13.29008307951831
2025-07-17 17:00:00,0.44552754283156254,13.36488459358292
2025-07-17 18:00:00,0.3998304185358718,11.522042394839762
2025-07-17 19:00:00,0.5802170940619472,17.78120990800287
2025-07-17 20:00:00,0.9819644106719968,12.062233261733045
2025-07-17 21:00:00,1.588739223525413,15.737493219112704
2025-07-17 22:00:00,1.6595191164158454,22.383708707308884
2025-07-17 23:00:00,2.1058048685803947,20.417910680984882
2025-07-18 00:00:00,1.8792468987061384,17.734662950215977
2025-07-18 01:00:00,1.7033191711199605,13.498116343974933
2025-07-18 02:00:00,1.3819594964168815,14.821435999121306
2025-07-18 03:00:00,1.0429094893230308,21.76463724112039
2025-07-18 04:00:00,0.7220517913429274,19.77147728428903
2025-07-18 05:00:00,0.540205136541843,21.920796297006415
2025-07-18 06:00:00,0.4528497695581618,28.412521148583902
2025-07-18 07:00:00,0.690167289015579,17.503859783388066
2025-07-18 08:00:00,0.9449373262855195,22.971108448724728
2025-07-18 09:00:00,1.2311383146586423,25.571661793688826
2025-07-18 10:00:00,1.704201237673005,14.373350597230326
2025-07-18 11:00:00,2.0129503021733663,20.44399993661123
2025-07-18 12:00:00,3.5168596157276286,71.52733187465209
2025-07-18 13:00:00,1.8260812088874279,23.56120754320104
2025-07-18 14:00:00,1.5005675248438435,10.567396210936787
2025-07-18 15:00:00,1.12779164590728,29.572542559630804
2025-07-18 16:00:00,0.5967296320794999,23.464335668371703
2025-07-18 17:00:00,0.4273352496502411,11.1907832385949
2025-07-18 18:00:00,0.4991636389669031,13.110584070008258
2025-07-18 19:00:00,0.5657668391943926,24.53531019032188
2025-07-18 20:00:00,0.7490773459620605,15.125786481571346
2025-07-18 21:00:00,1.091412871726113,23.794765259279117
2025-07-18 22:00:00,1.5991212996564081,22.99191653546293
2025-07-18 23:00:00,1.7195947872039758,16.523666613481808
2025-07-19 00:00:00,1.9508358043523812,17.04849356360744
2025-07-19 01:00:00,1.9590526563300907,20.257279476699804
2025-07-19 02:00:00,1.811749886877197,20.48602291428462
2025-07-19 03:00:00,1.2640719880388624,21.076039665815284
2025-07-19 04:00:00,1.0281896164000748,23.441339836926726
2025-07-19 05:00:00,0.5951155343365516,32.52022943576992
2025-07-19 06:00:00,0.4174860006213044,11.27590483063122
2025-07-19 07:00:00,0.37418764147871414,20.469133939899322
2025-07-19 08:00:00,0.6065197473092755,17.20335254568681
2025-07-19 09:00:00,0.9534238942618897,17.725769788606637
2025-07-19 10:00:00,1.354944946646718,17.068769467916855
2025-07-19 11:00:00,1.7207917617514772,11.600734147852878
2025-07-19 12:00:00,1.792283353964931,33.13933849661723
2025-07-19 13:00:00,1.7932545236685145,20.462635684594645
2025-07-19 14:00:00,1.736928780873896,24.253659802216365
2025-07-19 15:00:00,1.5568099662279522,17.22542039793632
2025-07-19 16:00:00,1.1528981706739903,18.869660131566484
2025-07-19 17:00:00,0.7329552612313992,25.868130035756206
2025-07-19 18:00:00,0.44115043132860743,23.87376312406789
2025-07-19 19:00:00,0.4731514839189336,19.660165230481887
2025-07-19 20:00:00,0.43827561962813066,20.85942346415821
2025-07-19 21:00:00,0.7681422858573074,21.693972199852134
2025-07-19 22:00:00,1.019675067805363,29.591559282199007
2025-07-19 23:00:00,1.5605764366546868,22.296344434307926
2025-07-20 00:00:00,1.927161034863201,14.995884965794115
2025-07-20 01:00:00,2.090814898255697,16.30882896601686
2025-07-20 02:00:00,1.8872654009689662,20.510562936858996
2025-07-20 03:00:00,1.604611290782358,18.383579913994037
2025-07-20 04:00:00,1.3953336455937169,23.336988552976592
2025-07-20 05:00:00,1.1179182457580588,13.637588443669765
2025-07-20 06:00:00,0.712746846586558,16.169171845234928
2025-07-20 07:00:00,0.4244804949897106,31.622703987556456
2025-07-20 08:00:00,1.9871660551255708,80.9914219818266
2025-07-20 09:00:00,0.5412857350774096,17.611083143035344
2025-07-20 10:00:00,1.016638114246742,15.69099167123111
2025-07-20 11:00:00,2.8273834592255382,85.89883309476944
2025-07-20 12:00:00,1.9341037977942397,29.759624086237544
2025-07-20 13:00:00,1.8984776333748399,24.471595895388973
2025-07-20 14:00:00,2.011932444149966,17.929966037934868
2025-07-20 15:00:00,1.7585115843739219,20.43381197032209
2025-07-20 16:00:00,1.4384895156207786,30.48462232689726
2025-07-20 17:00:00,0.9192250606850806,21.014015062237757
2025-07-20 18:00:00,0.7316424505817263,13.881229397438654
2025-07-20 19:00:00,0.33092932756837506,22.364017818930293
2025-07-20 20:00:00,0.3425705819974082,22.995757137762737
2025-07-20 21:00:00,0.7791102394096872,20.99925742455434
2025-07-20 22:00:00,0.6550661726487383,17.8932350976315
2025-07-20 23:00:00,1.30033815720873,21.7292109086579
2025-07-21 00:00:00,1.609383060599031,13.245044319748693
2025-07-21 01:00:00,1.8997887721782774,15.423359730439886
2025-07-21 02:00:00,1.9913785624347153,14.461659463073232
2025-07-21 03:00:00,1.8140425137954792,17.02852695943335
2025-07-21 04:00:00,1.6217758018618784,18.338996976061544
2025-07-21 05:00:00,1.2707934471671245,20.77741989596942
2025-07-21 06:00:00,0.9017693355334355,21.077839139168034
2025-07-21 07:00:00,0.494760424096552,17.68557369832283
2025-07-21 08:00:00,0.3568244377124898,15.203750321911183
2025-07-21 09:00:00,0.5639817398201932,17.489143926078913
2025-07-21 10:00:00,0.8445043784354658,17.15580582465389
2025-07-21 11:00:00,1.2206340654134304,25.84295157939008
2025-07-21 12:00:00,1.5394160876928777,22.09817740955272
2025-07-21 13:00:00,1.9912726526303857,24.14931477801136
2025-07-21 14:00:00,1.9566974553273402,19.752209569726276
2025-07-21 15:00:00,1.7844121785890814,24.345734151195064
2025-07-21 16:00:00,1.7274867159097564,20.91710879570619
2025-07-21 17:00:00,1.181276103068467,16.576405423772027
2025-07-21 18:00:00,0.7913112072910116,25.066681914177575
2025-07-21 19:00:00,0.8051084648614214,21.96730400504294
2025-07-21 20:00:00,0.4641648920970265,23.10626499863631
2025-07-21 21:00:00,0.4656680427317147,17.50968968924594
2025-07-21 22:00:00,0.4334347542058973,17.576450750775436
2025-07-21 23:00:00,0.8922898936830269,25.04956890732238
2025-07-22 00:00:00,1.3300929192493476,23.2132689567131
2025-07-22 01:00:00,1.791234203562019,19.635605147968416
2025-07-22 02:00:00,1.9547513560444227,32.811717753413916
2025-07-22 03:00:00,1.8803150915571152,16.594767944547357
2025-07-22 04:00:00,1.8930694547059395,26.042192331582037
2025-07-22 05:00:00,1.5474141437326137,22.492436544278426
2025-07-22 06:00:00,1.2433324404925459,15.38186708435067
2025-07-22 07:00:00,0.6897217094319928,21.239716099068882
2025-07-22 08:00:00,0.44636769386776354,11.249507364911748
2025-07-22 09:00:00,0.3396382955176478,20.133043813031986
2025-07-22 10:00:00,0.3584691237835523,17.52861433400149
2025-07-22 11:00:00,0.7937361091977929,21.690173800768672
2025-07-22 12:00:00,1.2372257716282062,12.889417296967984
2025-07-22 13:00:00,1.638183594136092,19.237288175257003
2025-07-22 14:00:00,1.8569554121757192,18.509970148711986
2025-07-22 15:00:00,2.0274557679569964,14.92570531915132
2025-07-22 16:00:00,1.8746743981254408,27.541999654037575
2025-07-22 17:00:00,1.6097065313451122,14.313046058969444
2025-07-22 18:00:00,1.4705989411324631,21.787560732551274
2025-07-22 19:00:00,0.9651934269465827,11.623351323002545
2025-07-22 20:00:00,0.4844308778115978,19.997503217297098
2025-07-22 21:00:00,0.556515452719663,28.600579877907734
2025-07-22 22:00:00,0.4017723695466878,23.984485894555817
2025-07-22 23:00:00,0.7560730150595086,16.53202529463814
2025-07-23 00:00:00,1.0186115053400748,20.57361030957661
2025-07-23 01:00:00,1.3567153454111212,20.35192605811697
2025-07-23 02:00:00,1.7966468673848868,27.449012710274204
2025-07-23 03:00:00,1.9496132298469706,21.25647669977661
2025-07-23 04:00:00,1.8027775389147636,24.146424971397657
2025-07-23 05:00:00,1.6009565852590917,18.250015796129937
2025-07-23 06:00:00,1.3996442906391355,27.78800928675379
2025-07-23 07:00:00,1.228811034750494,23.0971157058234
2025-07-23 08:00:00,0.6462768182414693,19.550071636086898
2025-07-23 09:00:00,0.3924061209212579,23.93966866555594
2025-07-23 10:00:00,0.48241173303120005,17.76873231668801
2025-07-23 11:00:00,0.5079769367125313,15.038472460098124
2025-07-23 12:00:00,0.9188652720763564,8.232362202095466
2025-07-23 13:00:00,1.2145064339235787,22.334825721921582
2025-07-23 14:00:00,1.5821534611929824,23.087681306709285
2025-07-23 15:00:00,1.9330045705814156,15.734331178574251
2025-07-23 16:00:00,1.9450272299676092,8.213973916526582
2025-07-23 17:00:00,1.8641413103904276,25.758674888414227
2025-07-23 18:00:00,1.5580463044888144,21.79748323197507
2025-07-23 19:00:00,1.2261296208710943,14.118398852523017
2025-07-23 20:00:00,0.854742252751927,17.44920776335111
2025-07-23 21:00:00,0.6023653993699819,21.006471777421066
2025-07-23 22:00:00,0.29227297767379207,15.89494006551159
2025-07-23 23:00:00,2.0133554229580755,72.0902117617592
2025-07-24 00:00:00,0.8854479446375139,27.028773094688745
2025-07-24 01:00:00,1.108739767994526,16.53300740371141
2025-07-24 02:00:00,1.6473787096020363,18.551643935771242
2025-07-24 03:00:00,2.094619185292701,23.93309232783738
2025-07-24 04:00:00,2.0352288860473213,16.08107335862814
2025-07-24 05:00:00,1.9143482718029157,12.40074943692667
2025-07-24 06:00:00,1.8836077278715921,20.537306384901083
2025-07-24 07:00:00,1.3277137031888913,20.529330956044348
2025-07-24 08:00:00,1.1239527183048137,24.712660535995372
2025-07-24 09:00:00,0.7663355906813201,15.569300104573745
2025-07-24 10:00:00,0.45593843312266036,17.546292907469883
2025-07-24 11:00:00,0.41455512473875167,15.051847524016491
2025-07-24 12:00:00,0.8265637677874937,24.365741664507173
2025-07-24 13:00:00,1.1059904158678053,15.968018391069274
2025-07-24 14:00:00,1.1622121696419625,28.926961890589467
2025-07-24 15:00:00,1.7440133458256948,13.202908485712252
2025-07-24 16:00:00,2.1714424967730874,19.356940698790158
2025-07-24 17:00:00,2.0468863032776907,24.06962465526765
2025-07-24 18:00:00,1.798755356255995,25.957311069904105
2025-07-24 19:00:00,1.5195127854965937,19.791616632852268
2025-07-24 20:00:00,1.3789793232315906,22.43750687176315
2025-07-24 21:00:00,0.8361910901456088,15.217737951876963
2025-07-24 22:00:00,0.3671904593649512,15.42180434285818
2025-07-24 23:00:00,0.4252332165753074,19.44780625600695
2025-07-25 00:00:00,2.0293252657477177,71.08573761817942
2025-07-25 01:00:00,0.8370354474080732,26.29158869160773
2025-07-25 02:00:00,1.1743769592100972,20.77159626680082
2025-07-25 03:00:00,1.5853664463006019,17.86997039603888
2025-07-25 04:00:00,1.8928737257710002,19.034182115521055
2025-07-25 05:00:00,1.9689857896393208,14.885395643246984
2025-07-25 06:00:00,2.0735813159327465,14.088858362230901
2025-07-25 07:00:00,1.5925022266742979,20.368812350368653
2025-07-25 08:00:00,1.4773748939862987,19.959627255759216
2025-07-25 09:00:00,0.7513262068956807,21.345196447301745
2025-07-25 10:00:00,0.6035789148754362,7.353911438646897
2025-07-25 11:00:00,0.40336071872141993,18.911744005187636
2025-07-25 12:00:00,0.4860163690701356,21.414111989969165
2025-07-25 13:00:00,0.7731133754383848,21.7544944500861
2025-07-25 14:00:00,0.8172045406126675,18.064895477551314
2025-07-25 15:00:00,2.871016619336183,82.26731592339469
2025-07-25 16:00:00,1.9837949696281463,21.585245315919334
2025-07-25 17:00:00,1.9013221398964477,11.323288131681208
2025-07-25 18:00:00,1.9956447248032132,18.515007150625358
2025-07-25 19:00:00,1.7551264508107032,19.720371477341118
2025-07-25 20:00:00,1.3082279706383526,25.601882143191602
2025-07-25 21:00:00,1.129616883066861,19.666138013710786
2025-07-25 22:00:00,0.6932317996387042,18.73192838106149
2025-07-25 23:00:00,0.6019458018818918,6.874066144848754
2025-07-26 00:00:00,0.383699164870498,13.909587743450352
2025-07-26 01:00:00,0.47276866020252295,21.862925041811614
2025-07-26 02:00:00,0.9758873760320405,23.820358677262348
2025-07-26 03:00:00,1.3042410135428097,19.228252845849074
2025-07-26 04:00:00,1.6118439033285834,20.42277174794134
2025-07-26 05:00:00,1.9879219039122837,25.11714234691003
2025-07-26 06:00:00,1.8991943186993316,11.842628424674162
2025-07-26 07:00:00,1.7915056851752482,6.856084024586373
2025-07-26 08:00:00,1.710743533116015,20.211972383362678
2025-07-26 09:00:00,1.08420528212671,20.396374284957506
2025-07-26 10:00:00,0.8318532924922326,33.72963353902342
2025-07-26 11:00:00,0.4362605199136207,11.987284432701738
2025-07-26 12:00:00,0.1936427881540687,21.803133985507813
2025-07-26 13:00:00,0.40245026120923594,22.82578652118364
2025-07-26 14:00:00,0.504228391870397,19.8734386389278
2025-07-26 15:00:00,1.1109626904182583,17.571140549481484
2025-07-26 16:00:00,1.4994086210659365,19.361483959437663
2025-07-26 17:00:00,1.840014063366373,15.02478552814996
2025-07-26 18:00:00,1.8758898318392871,23.377285935171088
2025-07-26 19:00:00,1.9995509878944757,12.312037136742351
2025-07-26 20:00:00,1.7146829788926734,13.885383492060106
2025-07-26 21:00:00,1.3491579099041489,27.921349295955462
2025-07-26 22:00:00,0.9106021277952958,22.115097595649907
2025-07-26 23:00:00,0.5340868907916616,24.104913950453827
2025-07-27 00:00:00,0.49429341022428835,16.60209553481261
2025-07-27 01:00:00,0.39962623234961037,20.789337895757548
2025-07-27 02:00:00,0.501004525984732,15.994418055654243
2025-07-27 03:00:00,0.8801268880068355,28.713751943136685
2025-07-27 04:00:00,1.39577163315892,11.779125807539357
2025-07-27 05:00:00,1.7620550531463803,17.867050443138414
2025-07-27 06:00:00,1.9075133330120113,16.99519245307974
2025-07-27 07:00:00,2.0687938047247383,19.976330051590487
2025-07-27 08:00:00,1.8457553787175311,20.658197566342164
2025-07-27 09:00:00,1.3493197448290948,25.597545824495402
2025-07-27 10:00:00,0.9354903283273562,17.46178171316858
2025-07-27 11:00:00,0.8699648145822905,29.469915623623287
2025-07-27 12:00:00,0.4700983475897209,14.192511651830081
2025-07-27 13:00:00,0.22119853109369988,25.553404919992765
2025-07-27 14:00:00,0.5352014721247211,30.230732837788985
2025-07-27 15:00:00,0.8375639300581091,18.45080675896292
2025-07-27 16:00:00,1.2402186926861558,23.630415131094914
2025-07-27 17:00:00,1.5108688601825244,24.983072544651314
2025-07-27 18:00:00,1.8800804524148829,21.856007760137516
2025-07-27 19:00:00,1.9245176997604423,23.768546471864447
2025-07-27 20:00:00,1.9929582436630997,23.578754033250604
2025-07-27 21:00:00,1.789932739415876,16.38263285109357
2025-07-27 22:00:00,1.1639411811622313,16.295051868455857
2025-07-27 23:00:00,0.7261397099217664,30.32480257538033
2025-07-28 00:00:00,0.15571968372672695,13.530240803111072
2025-07-28 01:00:00,0.44778069964642775,29.2401618689344
2025-07-28 02:00:00,0.49236641495794986,22.63146408694054
2025-07-28 03:00:00,0.7014014772147921,11.12842607157555
2025-07-28 04:00:00,0.9562163474658991,12.789710763197514
2025-07-28 05:00:00,1.3962545891065,16.345183983898952
2025-07-28 06:00:00,1.6771615394912955,25.302297090767283
2025-07-28 07:00:00,1.9312312085559755,19.15151545847717
2025-07-28 08:00:00,1.9207504081627538,18.392525306115385
2025-07-28 09:00:00,1.8074995374031335,23.88836054105934
2025-07-28 10:00:00,1.446796698329281,22.47184614702054
2025-07-28 11:00:00,0.9138708595306129,15.673522007952492
2025-07-28 12:00:00,0.61396751153545,16.67463550046761
2025-07-28 13:00:00,0.35028020468675614,15.70353875078863
2025-07-28 14:00:00,0.5524212872076784,21.023594177276504
2025-07-28 15:00:00,0.5214624816193607,18.7740565613649
2025-07-28 16:00:00,1.1273536534057782,17.1206005000123
2025-07-28 17:00:00,1.1981359531969782,25.417327542008685
2025-07-28 18:00:00,1.836744957248456,7.389846145967308
2025-07-28 19:00:00,2.1423122166754,12.922451888924156
2025-07-28 20:00:00,1.873785139278016,30.343510567249208
2025-07-28 21:00:00,1.902038536899024,13.590400633920797
2025-07-28 22:00:00,1.5131315478537892,20.372870557383116
2025-07-28 23:00:00,1.1530764893756542,24.099701604996348
2025-07-29 00:00:00,0.7094293438534662,22.99859701298127
2025-07-29 01:00:00,0.5642008933003673,26.92760286606383
2025-07-29 02:00:00,0.4088206179060619,15.941494153437873
2025-07-29 03:00:00,0.5243414353538944,22.51791962848491
2025-07-29 04:00:00,0.8594031598892765,22.034013560820892
2025-07-29 05:00:00,1.1560159136651784,17.666025570272776
2025-07-29 06:00:00,1.4295069642915268,22.37305063381847
2025-07-29 07:00:00,1.7166552451650106,21.426420296751672
2025-07-29 08:00:00,1.996989062111712,22.46521683738399
2025-07-29 09:00:00,1.9576996743828698,18.41709618775517
2025-07-29 10:00:00,1.8759857339831343,20.110406333124157
2025-07-29 11:00:00,1.3498245425388093,24.81900561384583
2025-07-29 12:00:00,0.9330436774639497,20.66008052369929
2025-07-29 13:00:00,0.5792885109176558,18.86474545821942
2025-07-29 14:00:00,0.4746832434563304,19.450887064265807
2025-07-29 15:00:00,0.27654196918527574,14.97617370941039
2025-07-29 16:00:00,0.40815070064915204,11.375548225714311
2025-07-29 17:00:00,0.9197996129788877,24.717107743211077
2025-07-29 18:00:00,1.3137941316788293,16.383432685030606
2025-07-29 19:00:00,1.7228880492343592,15.430340494492167
2025-07-29 20:00:00,1.9367350831764987,15.170043466014018
2025-07-29 21:00:00,1.823346585496913,21.3647156724386
2025-07-29 22:00:00,1.8426957128300043,18.97013212736492
2025-07-29 23:00:00,1.522289926706534,28.8279298846903
2025-07-30 00:00:00,1.1188847459884212,21.64384020288516
2025-07-30 01:00:00,0.7909616207516244,18.388131150265842
2025-07-30 02:00:00,0.4396432055735366,21.72106573695813
2025-07-30 03:00:00,0.44868219506712426,8.864175403154313
2025-07-30 04:00:00,0.4441790189162542,15.819498018615509
2025-07-30 05:00:00,0.85522757596612,18.187761762229584
2025-07-30 06:00:00,1.1163875305754973,18.986557690942284
2025-07-30 07:00:00,1.6465309089692322,6.5800356645355045
2025-07-30 08:00:00,1.9364901045616938,28.88194087109229
2025-07-30 09:00:00,1.982456439852956,12.661328879636562
2025-07-30 10:00:00,2.012220479955749,9.964983220753359
2025-07-30 11:00:00,3.2020000912781366,76.80041525532502
2025-07-30 12:00:00,1.3394226032259355,15.687325768865872
2025-07-30 13:00:00,1.0105622131933591,22.21421625011396
2025-07-30 14:00:00,0.6371638360108742,17.58964682390129
2025-07-30 15:00:00,0.5563414255106827,21.889444672408345
2025-07-30 16:00:00,0.33728327484250453,24.681103682477893
2025-07-30 17:00:00,0.6942874629086637,21.389355508966744
2025-07-30 18:00:00,0.8861077391282999,12.894089567338558
2025-07-30 19:00:00,1.4858860199185062,16.9423456608786
2025-07-30 20:00:00,1.772638742840002,16.173870489074435
2025-07-30 21:00:00,1.8535127581889617,12.819167134052055
2025-07-30 22:00:00,1.9741071117895632,20.293349132532956
2025-07-30 23:00:00,1.787663909314462,12.009693301638732
2025-07-31 00:00:00,1.489157134783807,21.988459271875268
2025-07-31 01:00:00,1.0105911434853285,18.711341151346495
2025-07-31 02:00:00,0.6688438687329655,16.78852699782876
2025-07-31 03:00:00,0.45839029339744786,20.06822411317947
2025-07-31 04:00:00,0.2946079099388417,22.883321267280962
2025-07-31 05:00:00,0.6281371718621249,25.786046775174604
2025-07-31 06:00:00,0.7333434214684048,16.199486711680326
2025-07-31 07:00:00,1.2440972443224676,30.253070004372756
2025-07-31 08:00:00,1.6632019885814397,21.55114353794386
2025-07-31 09:00:00,1.8193292715819562,16.710749562280846
2025-07-31 10:00:00,2.074702885655848,11.766148359251105
2025-07-31 11:00:00,1.7961148005998666,23.339347058909656
2025-07-31 12:00:00,1.540147662144904,28.703580251193685
2025-07-31 13:00:00,1.2141626964842658,16.142995927679486
2025-07-31 14:00:00,0.8233361627385347,21.012269679877136
2025-07-31 15:00:00,0.4089605109534999,16.615038455613306
2025-07-31 16:00:00,0.46400799240578433,22.234677776204535
2025-07-31 17:00:00,0.524174025593188,11.391643229052214
2025-07-31 18:00:00,0.8097286711715191,27.649238483760367
2025-07-31 19:00:00,0.94066565451885,20.483454524716542
2025-07-31 20:00:00,1.4518928645286313,22.232723853057873
2025-07-31 21:00:00,1.7739684274472869,20.400443880087238
2025-07-31 22:00:00,3.5372126971697346,77.66145614639433
2025-07-31 23:00:00,2.0108505580915184,26.943394803351154
2025-08-01 00:00:00,1.7474254990628997,14.700145788590895
2025-08-01 01:00:00,1.5647527652256605,16.238380866913324
2025-08-01 02:00:00,0.9709402968236769,21.97937249753465
2025-08-01 03:00:00,0.6639638174290416,27.092886154393874
2025-08-01 04:00:00,0.3430134338034994,14.942150671817178
2025-08-01 05:00:00,0.43886709626122716,13.413338163091492
2025-08-01 06:00:00,0.75791191136338,16.504738163262903
2025-08-01 07:00:00,0.7384169174151298,21.715156374516777
2025-08-01 08:00:00,1.1928889969461816,24.069254939360707
2025-08-01 09:00:00,1.7207420137704796,23.87074018735762
2025-08-01 10:00:00,1.7644496691428444,19.244998844920772
2025-08-01 11:00:00,2.0455591539845646,19.80389052444009
2025-08-01 12:00:00,1.7305753287929884,23.114926707848614
2025-08-01 13:00:00,1.5163256004404568,20.30585049459352
2025-08-01 14:00:00,1.2271146429749715,23.64516096290041
2025-08-01 15:00:00,0.8485324707453636,22.106662910149108
2025-08-01 16:00:00,0.5217283954258363,18.400128971508458
2025-08-01 17:00:00,0.5371653624541317,15.487547358098432
2025-08-01 18:00:00,0.6345755269372566,15.973938476609053
2025-08-01 19:00:00,0.8403594005628973,28.6259051795332
2025-08-01 20:00:00,1.2366814326395612,14.596321442755967
2025-08-01 21:00:00,1.5868049045518333,25.02206306741995
2025-08-01 22:00:00,1.702089235733574,25.73483703644652
2025-08-01 23:00:00,3.524792468836278,78.14156015087153
2025-08-02 00:00:00,1.7163351507055757,25.593716499763573
2025-08-02 01:00:00,1.706446429616344,14.19718598595361
2025-08-02 02:00:00,1.2912732733836494,19.530104560409164
2025-08-02 03:00:00,0.8369917209760099,20.398449152127732
2025-08-02 04:00:00,0.7783810701480445,33.05342018055607
2025-08-02 05:00:00,0.335794075399573,14.963019451510863
2025-08-02 06:00:00,0.4635770040445406,15.716091782000854
2025-08-02 07:00:00,0.8167904007861291,26.06163809950048
2025-08-02 08:00:00,1.0538608397642812,18.88691101781395
2025-08-02 09:00:00,1.628123420799922,19.662598666266096
2025-08-02 10:00:00,1.833113651944746,14.101204884636074
2025-08-02 11:00:00,1.9305230151623352,16.538720395283807
2025-08-02 12:00:00,1.9462371848725726,18.285636159966977
2025-08-02 13:00:00,1.7571183255607494,19.79811392375523
2025-08-02 14:00:00,1.4617128605924703,26.813455001135
2025-08-02 15:00:00,0.9026097577162948,23.118238716774535
2025-08-02 16:00:00,0.6218817038676023,31.52689371265997
2025-08-02 17:00:00,0.40193398368277805,27.220179683331082
2025-08-02 18:00:00,0.41492824824479246,24.29462757962348
2025-08-02 19:00:00,0.45138365094957583,25.531519751241753
2025-08-02 20:00:00,1.079311525126501,27.88255281492703
2025-08-02 21:00:00,1.3640800911132085,21.600479318785602
2025-08-02 22:00:00,1.731099404444541,15.125802270829023
2025-08-02 23:00:00,2.0563835112863944,19.50175916963
2025-08-03 00:00:00,1.996043282998801,20.39567175106239
2025-08-03 01:00:00,1.928214168564793,12.92060056826666
2025-08-03 02:00:00,1.6047615829447277,25.264331846484737
2025-08-03 03:00:00,1.1369510000473402,14.477215132271903
2025-08-03 04:00:00,0.7541937643660552,22.746682632424168
2025-08-03 05:00:00,0.5289227549871335,21.936485208228895
2025-08-03 06:00:00,0.494412718439837,19.040419952016332
2025-08-03 07:00:00,0.5059474097320932,28.568787647848175
2025-08-03 08:00:00,0.7605092860967897,12.28735466417788
2025-08-03 09:00:00,1.1302682952894414,19.797744664454665
2025-08-03 10:00:00,1.6337216129534748,18.785401870229588
2025-08-03 11:00:00,1.9913283042544445,11.922670107999972
2025-08-03 12:00:00,1.8790069031786896,20.981183866035614
2025-08-03 13:00:00,2.09335678240363,20.82547301066171
2025-08-03 14:00:00,1.7770077707335916,10.926729780417734
2025-08-03 15:00:00,1.2160623844308245,20.071523786511033
2025-08-03 16:00:00,0.971576424688908,21.981913410573277
2025-08-03 17:00:00,0.6509098366498007,27.80206010115863
2025-08-03 18:00:00,0.2304461062084503,13.803189557428285
2025-08-03 19:00:00,0.4022808038069903,18.99519688922158
2025-08-03 20:00:00,0.5551869624704056,9.622769170459422
2025-08-03 21:00:00,1.020770185323682,19.04652656692585
2025-08-03 22:00:00,1.231689206272855,15.700909408276889
2025-08-03 23:00:00,1.6015010665271479,20.905506894541233
2025-08-04 00:00:00,1.8829214272357346,29.33342632342943
2025-08-04 01:00:00,2.0045561190048025,22.97760503068639
2025-08-04 02:00:00,1.661579702299683,20.854613390507655
2025-08-04 03:00:00,1.4611247142397639,24.043068314216747
2025-08-04 04:00:00,1.021525168063768,21.480532660209242
2025-08-04 05:00:00,0.7993672211891869,21.139914594417714
2025-08-04 06:00:00,0.46791241481854096,21.54993134910387
2025-08-04 07:00:00,0.3948323631537239,23.374731646823797
2025-08-04 08:00:00,2.0743307024021633,81.02589196999126
2025-08-04 09:00:00,0.9169362076125898,24.00566042059595
2025-08-04 10:00:00,1.181998388083632,25.880517734063076
2025-08-04 11:00:00,1.545963228367925,16.82360136248945
2025-08-04 12:00:00,1.9620646185512933,21.01356969025866
2025-08-04 13:00:00,1.9705428417586666,15.819530697568538
2025-08-04 14:00:00,1.9451572789222498,26.364183644393602
2025-08-04 15:00:00,1.4783147946055701,18.69123987516612
2025-08-04 16:00:00,1.1855004480169404,22.20377954457639
2025-08-04 17:00:00,0.9478291898423723,14.525195709180553
2025-08-04 18:00:00,0.43602693137611415,18.810152077399312
2025-08-04 19:00:00,0.45126410899450636,23.77349252929868
2025-08-04 20:00:00,0.5032338378590131,11.858331944402279
2025-08-04 21:00:00,2.2193744964395536,66.30472389107841
2025-08-04 22:00:00,1.074892546483216,19.69811403844509
2025-08-04 23:00:00,1.3219636645448622,19.87894221247155
2025-08-05 00:00:00,1.7940435569772628,16.8215243301514
2025-08-05 01:00:00,1.9962123983147746,21.745476955594373
2025-08-05 02:00:00,1.8308138667525296,15.374182012348124
2025-08-05 03:00:00,1.725773455563168,19.539126535189382
2025-08-05 04:00:00,1.4650602047764352,15.05872331766796
2025-08-05 05:00:00,1.2811968704788148,8.70969582526323
2025-08-05 06:00:00,0.7772949077323701,22.56876582648971
2025-08-05 07:00:00,0.43607349193721706,24.20145002711736
2025-08-05 08:00:00,0.40644557206495485,8.729942763829317
2025-08-05 09:00:00,0.7461840879704873,18.76365411528267
2025-08-05 10:00:00,0.7766025466622244,22.552337632324054
2025-08-05 11:00:00,1.2638171234935314,26.8608177996946
2025-08-05 12:00:00,1.7176636831813423,28.284187745263164
2025-08-05 13:00:00,2.0490989808758924,19.88106968386546
2025-08-05 14:00:00,1.919260466404977,19.665563991590393
2025-08-05 15:00:00,1.9316026572170095,18.798164482277333
2025-08-05 16:00:00,1.4154558104540564,23.952722362620623
2025-08-05 17:00:00,1.1395415727200788,26.042168219327944
2025-08-05 18:00:00,0.7841264478782815,18.249731494616054
2025-08-05 19:00:00,0.47313263948860385,16.80556221750865
2025-08-05 20:00:00,0.39753598809713997,14.473592595790072
2025-08-05 21:00:00,0.30889316160408314,23.67808720717995
2025-08-05 22:00:00,0.6931065299541036,22.878902245898928
2025-08-05 23:00:00,1.145393441872566,28.469095017734098
2025-08-06 00:00:00,1.5628674375782718,22.345468182707243
2025-08-06 01:00:00,1.8078849234117074,15.889413537419516
2025-08-06 02:00:00,2.1269475138096974,22.02238783065976
2025-08-06 03:00:00,1.8385644859532964,25.535228624104263
2025-08-06 04:00:00,1.6904817149001532,22.99804000488692
2025-08-06 05:00:00,1.2044807349823112,18.244242447069023
2025-08-06 06:00:00,1.1039462917495388,24.719338886414867
2025-08-06 07:00:00,0.7232825800979932,20.18163343387338
2025-08-06 08:00:00,0.451673528627933,9.941870335738654
2025-08-06 09:00:00,0.4511574979665286,25.95055046055192
2025-08-06 10:00:00,0.5777673537683534,25.300845765919387
2025-08-06 11:00:00,1.033414654715196,12.303388137903632
2025-08-06 12:00:00,1.3003136209121025,19.398630258576823
2025-08-06 13:00:00,1.6401005449124761,21.878071798148046
2025-08-06 14:00:00,1.9812393137307842,25.03512742803087
2025-08-06 15:00:00,1.9039600031983888,19.47269492133235
2025-08-06 16:00:00,1.5826174952605212,13.603010448262236
2025-08-06 17:00:00,1.4329798069036426,15.175290888644058
2025-08-06 18:00:00,1.1225192177114824,19.690177232179693
2025-08-06 19:00:00,0.6832830071119668,26.03309917901825
2025-08-06 20:00:00,0.4341123076590122,30.07471659600705
2025-08-06 21:00:00,0.30873601146226476,19.870103469236277
2025-08-06 22:00:00,0.43763889248098653,23.521443134369918
2025-08-06 23:00:00,0.8098229949837932,14.148331140695648
2025-08-07 00:00:00,1.370849383924699,17.4891270157902
2025-08-07 01:00:00,3.2818126405578774,77.12729570488894
2025-08-07 02:00:00,1.779941426293131,20.781246831298155
2025-08-07 03:00:00,2.1312396141065113,16.77476417920545
2025-08-07 04:00:00,1.805734507920092,19.922106304530473
2025-08-07 05:00:00,1.669123095219426,15.162935919947333
2025-08-07 06:00:00,1.307682482873552,23.542951910010224
2025-08-07 07:00:00,0.8155480657952331,13.761112339518501
2025-08-07 08:00:00,0.5706154193777343,30.102963791055885
2025-08-07 09:00:00,0.4893539424935545,16.868824475553417
2025-08-07 10:00:00,0.6438953300496184,20.72114728464865
2025-08-07 11:00:00,0.8023696771909987,16.468797216463425
2025-08-07 12:00:00,0.8966117285114332,21.484673199141092
2025-08-07 13:00:00,1.447499529630627,14.248158863566186
2025-08-07 14:00:00,1.8000457249298116,22.477392974491345
2025-08-07 15:00:00,1.9527583583061485,21.510330763099134
2025-08-07 16:00:00,1.905375344579953,20.25638197124755
2025-08-07 17:00:00,1.9154627014118588,18.30326366088246
2025-08-07 18:00:00,1.4173958895315213,30.67853469314111
2025-08-07 19:00:00,1.0196919852836528,26.278915630902468
2025-08-07 20:00:00,0.7354433021576757,25.29753381837102
2025-08-07 21:00:00,0.4858376694984017,24.228751114994417
2025-08-07 22:00:00,0.5219357504890394,12.357297987850657
2025-08-07 23:00:00,0.43403343827295615,21.510310212035396
2025-08-08 00:00:00,0.8693267091052096,17.32176634893633
2025-08-08 01:00:00,1.3759620144683207,19.137320635726393
2025-08-08 02:00:00,1.777716962129218,18.42126958278344
2025-08-08 03:00:00,1.858784009048464,10.157937381223071
2025-08-08 04:00:00,1.9773283912900819,11.99849134630568
2025-08-08 05:00:00,1.8932175654375447,22.588110408180633
2025-08-08 06:00:00,1.5470849564897367,17.874963307872076
2025-08-08 07:00:00,1.290595296616021,20.521815305480676
2025-08-08 08:00:00,0.813341754651669,23.737673638007116
2025-08-08 09:00:00,0.6239649257837759,15.44754518267354
2025-08-08 10:00:00,1.7296998593512214,77.26399725876365
2025-08-08 11:00:00,0.542267151661048,18.395905382927953
2025-08-08 12:00:00,0.8910408908472823,19.92200640200895
2025-08-08 13:00:00,1.1788818082410961,30.856816453491213
2025-08-08 14:00:00,1.4590008727198078,19.787762121237094
2025-08-08 15:00:00,1.7972993790799232,23.849704342860605
2025-08-08 16:00:00,2.0279111126178244,23.58028317701769
2025-08-08 17:00:00,2.0872321839228545,21.145180842018533
2025-08-08 18:00:00,1.6796792407101995,18.768481449883385
2025-08-08 19:00:00,1.3178717025344522,24.951070652733385
2025-08-08 20:00:00,0.9290625883577814,20.41643838471882
2025-08-08 21:00:00,0.623066018193867,25.332292378359238
2025-08-08 22:00:00,0.3359828188908504,23.011332749145136
2025-08-08 23:00:00,0.3835184667033333,13.633586425755828
2025-08-09 00:00:00,0.4818442228623744,26.929773802007126
2025-08-09 01:00:00,0.8633705228263041,21.63921444894867
2025-08-09 02:00:00,1.363563497670729,15.77041134196896
2025-08-09 03:00:00,1.6473876680397852,15.611986207450846
2025-08-09 04:00:00,1.8234874823687663,14.367325817007469
2025-08-09 05:00:00,2.113478572517056,12.573531715817722
2025-08-09 06:00:00,1.7486981240548485,20.514128161270154
2025-08-09 07:00:00,1.418249792893214,17.077157061534944
2025-08-09 08:00:00,1.1283430469570885,16.405007076526996
2025-08-09 09:00:00,0.9975586064001174,22.14824477020618
2025-08-09 10:00:00,0.5359407887832859,19.149806581231502
2025-08-09 11:00:00,0.4842201451779024,11.65755005467594
2025-08-09 12:00:00,0.6055918352367207,20.733797236659235
2025-08-09 13:00:00,0.799207965356165,21.51190135060851
2025-08-09 14:00:00,1.1615793280234188,14.51503399490599
2025-08-09 15:00:00,1.5520833860434218,17.832649083393182
2025-08-09 16:00:00,1.8185464670243365,23.907045177034796
2025-08-09 17:00:00,1.9310949994393851,13.009923929254143
2025-08-09 18:00:00,2.057441050004847,21.646220033397494
2025-08-09 19:00:00,1.817810768272203,21.634845899973016
2025-08-09 20:00:00,1.2848198276780423,17.729137958805335
2025-08-09 21:00:00,0.9748936432465434,17.385385025193838
2025-08-09 22:00:00,0.6572940706465409,25.062733378758303
2025-08-09 23:00:00,0.30046457599173215,25.431070579395126
2025-08-10 00:00:00,0.2561013287520908,27.405103053077205
2025-08-10 01:00:00,0.5736695485550994,16.164194623945008
2025-08-10 02:00:00,1.1616447338154112,12.902584140366189
2025-08-10 03:00:00,1.5092646430286745,27.281528319162824
2025-08-10 04:00:00,1.7128361589830028,27.47178383536818
2025-08-10 05:00:00,1.9829806639756424,25.246509794406855
2025-08-10 06:00:00,1.8232134180388408,24.25677753898167
2025-08-10 07:00:00,2.1826887939014186,20.35516322999565
2025-08-10 08:00:00,1.311877199323808,31.58418959391191
2025-08-10 09:00:00,1.0576518244751583,23.368055701867526
2025-08-10 10:00:00,0.6313621349499853,22.527387274532565
2025-08-10 11:00:00,0.5457115738607458,22.24981825020933
2025-08-10 12:00:00,0.19111047049103583,22.129589578900138
2025-08-10 13:00:00,0.5632959534695152,21.829370181672164
2025-08-10 14:00:00,0.9051770609110026,18.886942723836437
2025-08-10 15:00:00,1.2517459735554528,18.90231401006134
2025-08-10 16:00:00,1.700504892084621,22.88235193200934
2025-08-10 17:00:00,1.809319127291129,22.74985972046524
2025-08-10 18:00:00,1.9530335950467672,15.681963239774468
2025-08-10 19:00:00,1.7991377868011789,20.024473418838888
2025-08-10 20:00:00,1.645175292437797,23.03481095782627
2025-08-10 21:00:00,1.3006220953420973,15.554344174449188
2025-08-10 22:00:00,0.7626142043086431,29.400886788516743
2025-08-10 23:00:00,0.5002596328515458,17.08926681625811
2025-08-11 00:00:00,0.4410989999294233,19.65886448737834
2025-08-11 01:00:00,0.5569156061891897,21.32149846975255
2025-08-11 02:00:00,0.7160301570271175,25.639119267224242
2025-08-11 03:00:00,1.1081898924578664,19.020404306017856
2025-08-11 04:00:00,1.6009287350702073,21.430221810412267
2025-08-11 05:00:00,1.790306162785979,13.522727852940168
2025-08-11 06:00:00,1.8670332787861994,22.191814491593146
2025-08-11 07:00:00,1.9475247239047937,20.66878023206719
2025-08-11 08:00:00,1.6487510856275163,22.251971973962206
2025-08-11 09:00:00,1.494166024608298,19.965340486199235
2025-08-11 10:00:00,0.6776641779633208,18.10955718966526
2025-08-11 11:00:00,0.6948436835357215,21.36305824043846
2025-08-11 12:00:00,0.40947420354037134,18.8413801795664
2025-08-11 13:00:00,0.46819857891892364,29.344422708883872
2025-08-11 14:00:00,0.6438403213981763,19.14202300134586
2025-08-11 15:00:00,1.0991159228653815,13.531962353116805
2025-08-11 16:00:00,1.3427237798369371,10.692362337038325
2025-08-11 17:00:00,1.8700450612738422,15.217317803022302
2025-08-11 18:00:00,1.8887170791397303,24.187800875789616
2025-08-11 19:00:00,3.4232302082529817,78.38756081299303
2025-08-11 20:00:00,1.7458956424503556,21.29211252365381
2025-08-11 21:00:00,1.458458788374399,14.43845698868206
2025-08-11 22:00:00,2.4803774107893606,70.84547970527296
2025-08-11 23:00:00,0.5962077880960633,15.634336944859353
2025-08-12 00:00:00,0.37532500285357573,16.368067916757575
2025-08-12 01:00:00,0.4414932115399967,15.254726806269833
2025-08-12 02:00:00,0.6522181680379298,16.992971151202916
2025-08-12 03:00:00,0.8421077404464326,19.599432332547384
2025-08-12 04:00:00,1.2431378988786663,14.632048412095116
2025-08-12 05:00:00,1.5132494142061799,23.706881872685827
2025-08-12 06:00:00,2.0903058599042903,28.96988451486715
2025-08-12 07:00:00,1.9615742416629722,20.252811316529517
2025-08-12 08:00:00,1.946879887618614,16.299873883417806
2025-08-12 09:00:00,1.717931408077967,20.939395104655848
2025-08-12 10:00:00,1.1553239016489474,25.13700043722919
2025-08-12 11:00:00,0.8413195153055186,20.6479425814601
2025-08-12 12:00:00,0.5485502167412569,29.042124760694914
2025-08-12 13:00:00,0.4562586433134389,24.022708868788502
2025-08-12 14:00:00,0.41340471438093507,23.716558327489288
2025-08-12 15:00:00,0.7361446976488429,11.521342639448255
2025-08-12 16:00:00,1.062423666303916,22.31749605424556
2025-08-12 17:00:00,1.3460632963864056,13.834968617737918
2025-08-12 18:00:00,1.707878887489911,25.712219041929956
2025-08-12 19:00:00,1.8854251623535174,16.25427895732672
2025-08-12 20:00:00,2.0489306581962654,19.8733052385921
2025-08-12 21:00:00,1.6047265970733267,20.947785345384798
2025-08-12 22:00:00,1.5306517817815593,21.418553088225043
2025-08-12 23:00:00,1.1188090937368873,21.82675016241999
2025-08-13 00:00:00,0.8208612187527118,19.83793750117077
2025-08-13 01:00:00,0.5909527383567874,15.978816977227101
2025-08-13 02:00:00,0.5966738470445027,26.309164909011695
2025-08-13 03:00:00,0.6706854166769431,11.496204842215116
2025-08-13 04:00:00,1.0356606843405083,13.600162458751662
2025-08-13 05:00:00,1.4318492763732336,21.473754504685836
2025-08-13 06:00:00,1.902491887673985,26.23581566082229
2025-08-13 07:00:00,2.091901649577744,25.22820652666109
2025-08-13 08:00:00,1.9482321460804797,25.514126032872237
2025-08-13 09:00:00,3.4750439744624106,82.71379547008544
2025-08-13 10:00:00,1.5731167039519256,26.502254609036306
2025-08-13 11:00:00,1.0646698641486794,25.776688722731006
2025-08-13 12:00:00,0.8976452646369353,26.77910233067535
2025-08-13 13:00:00,0.3540140249277538,20.284405306319744
2025-08-13 14:00:00,0.3911844154289939,20.202207435596016
2025-08-13 15:00:00,0.6468126799029805,19.97022092307112
2025-08-13 16:00:00,0.6038566062511654,7.900681194997716
2025-08-13 17:00:00,0.9782455430952794,12.887801380383053
2025-08-13 18:00:00,1.5082540208603026,26.69622039120904
2025-08-13 19:00:00,1.797611344758335,21.421106542531675
2025-08-13 20:00:00,1.9036898817881946,28.017379897137843
2025-08-13 21:00:00,1.9439959679075713,25.167115115690976
2025-08-13 22:00:00,1.7017901268780646,18.269072576821767
2025-08-13 23:00:00,1.438651917939434,25.249407910871867
2025-08-14 00:00:00,0.9321594231191583,26.794774867695416
2025-08-14 01:00:00,0.623083115042574,23.446483698049917
2025-08-14 02:00:00,0.41968303824445924,13.657344770515433
2025-08-14 03:00:00,0.5181664044725878,29.349704531004924
2025-08-14 04:00:00,0.5442221288783954,34.418400543381594
2025-08-14 05:00:00,0.8774336375346857,12.889752938412787
2025-08-14 06:00:00,1.3744033014206196,15.975432510448918
2025-08-14 07:00:00,3.320451629487372,74.03804416001563
2025-08-14 08:00:00,1.8263750071085139,19.938495361462465
2025-08-14 09:00:00,1.868397505497595,24.98133160248642
2025-08-14 10:00:00,3.460649868275805,82.16020074546513
2025-08-14 11:00:00,1.4020942412300321,18.347453085945002
2025-08-14 12:00:00,1.1013828766437488,21.40570782105869
2025-08-14 13:00:00,0.9926035860293776,19.629040070463425
2025-08-14 14:00:00,0.5016745857974885,9.007182291986258
2025-08-14 15:00:00,0.4403591154592923,13.146901834779667
2025-08-14 16:00:00,0.46752427168796035,15.39925617076127
2025-08-14 17:00:00,1.0699173207903843,21.655561376107897
2025-08-14 18:00:00,1.2070096693051648,18.95518139772537
2025-08-14 19:00:00,1.6356931846796672,13.893688188776117
2025-08-14 20:00:00,1.7360024384229429,25.944028686381866
2025-08-14 21:00:00,2.0175291555865154,14.882242299515537
2025-08-14 22:00:00,1.9471109580938442,27.628052297985025
2025-08-14 23:00:00,1.557225523998477,19.65633367847345
2025-08-15 00:00:00,1.394820870570008,31.436148085239402
2025-08-15 01:00:00,0.7418353871462547,23.945489059505924
2025-08-15 02:00:00,0.7213157607837369,23.387854310664338
2025-08-15 03:00:00,0.5940281509835694,13.78815707114811
2025-08-15 04:00:00,0.3189195264228947,27.400702293241594
2025-08-15 05:00:00,0.6786352841028276,25.904368984432388
2025-08-15 06:00:00,1.050050859766619,11.150921646210088
2025-08-15 07:00:00,1.256072739084161,22.686891123201057
2025-08-15 08:00:00,1.8243009219117574,25.667334592045407
2025-08-15 09:00:00,2.0708655854764415,17.958641724758536
2025-08-15 10:00:00,1.8521652813628946,21.13871862804475
2025-08-15 11:00:00,1.789180629103632,15.195445466001466
2025-08-15 12:00:00,1.5329020357449004,10.432913066387904
2025-08-15 13:00:00,1.1780148423446613,13.00348468902641
2025-08-15 14:00:00,0.6751325371639941,15.3293427664712
2025-08-15 15:00:00,0.4434047757768888,17.02921719203584
2025-08-15 16:00:00,0.3846025648137985,16.264917176398622
2025-08-15 17:00:00,0.617194315654797,17.29060004194679
2025-08-15 18:00:00,2.302304178847449,75.54353832393713
2025-08-15 19:00:00,1.238343916316065,16.04488445521223
2025-08-15 20:00:00,1.7310174768649287,16.564084224212372
2025-08-15 21:00:00,1.9504589824917395,18.614921404770282
2025-08-15 22:00:00,1.8916655444305497,17.184281714439503
2025-08-15 23:00:00,1.9871022782613441,17.780604738796995
2025-08-16 00:00:00,1.766478108154363,15.073238333472482
2025-08-16 01:00:00,1.3454338919315685,21.76209819418447
2025-08-16 02:00:00,0.8414172495457484,21.880521853883042
2025-08-16 03:00:00,0.5589608467556801,18.348556698722426
2025-08-16 04:00:00,0.36235455028294034,12.627526160574302
2025-08-16 05:00:00,0.27119469930035545,19.394257527708387
2025-08-16 06:00:00,0.7377248898557904,34.2514048541605
2025-08-16 07:00:00,1.115345808945435,18.751120375138253
2025-08-16 08:00:00,1.4023139456498623,16.807576914086688
2025-08-16 09:00:00,1.786480410641448,18.90919787325814
2025-08-16 10:00:00,2.0654241991923676,23.851362550037216
2025-08-16 11:00:00,1.9427246808078247,10.725159177549232
2025-08-16 12:00:00,1.6853862835150568,28.418583678384714
2025-08-16 13:00:00,1.3921769048186727,21.173439532122757
2025-08-16 14:00:00,0.7893114726963464,15.031693055929395
2025-08-16 15:00:00,0.6082724256902666,29.585460941723774
2025-08-16 16:00:00,0.5342319239334782,19.73962002954651
2025-08-16 17:00:00,0.4757347555946365,17.67086873751585
2025-08-16 18:00:00,0.8227199894863199,16.794282873159847
2025-08-16 19:00:00,0.9437922651611477,26.379893506838123
2025-08-16 20:00:00,1.3598539506680754,18.27299966584474
2025-08-16 21:00:00,1.921230300301969,24.03390455982692
2025-08-16 22:00:00,1.9456410527727732,16.67480298705054
2025-08-16 23:00:00,3.5335876895923732,84.40353864832787
2025-08-17 00:00:00,1.9329993642967576,21.14597044401513
2025-08-17 01:00:00,1.4313937568584523,22.26701924637942
2025-08-17 02:00:00,1.1002818170948268,24.129138353582732
2025-08-17 03:00:00,0.4941055789535156,23.068352802378794
2025-08-17 04:00:00,0.37739167060641665,20.13271685241234
2025-08-17 05:00:00,0.4640535314602085,26.295544593541837
2025-08-17 06:00:00,0.6108333123522001,20.82758681525037
2025-08-17 07:00:00,0.7808424429790051,18.118705428737137
2025-08-17 08:00:00,1.2190801098608302,27.61706691971378
2025-08-17 09:00:00,1.8792238025883548,17.721822845982317
2025-08-17 10:00:00,1.8608355382636925,29.887528331295027
2025-08-17 11:00:00,1.9856935308651353,26.4202009083455
2025-08-17 12:00:00,1.9308511087631892,17.68369456274041
2025-08-17 13:00:00,1.6391057543556316,16.743474273341988
2025-08-17 14:00:00,1.2060692194561506,21.240403667639807
2025-08-17 15:00:00,0.7754378890306786,18.058486728655673
2025-08-17 16:00:00,0.6389746559821907,13.591356599497235
2025-08-17 17:00:00,0.4061927702936645,22.618831741956868
2025-08-17 18:00:00,0.3478797206336973,15.63804483349319
2025-08-17 19:00:00,0.5379938484952665,26.114783004240536
2025-08-17 20:00:00,1.0840998182253456,14.973417948300227
2025-08-17 21:00:00,1.4341520380999673,15.044547620561186
2025-08-17 22:00:00,1.7640239146269376,20.6566594068414
2025-08-17 23:00:00,1.7820866746969393,21.781950320715055
2025-08-18 00:00:00,1.9521980974922966,25.314277157311807
2025-08-18 01:00:00,1.963667749784849,17.59523412725717
2025-08-18 02:00:00,3.0197160693319596,87.94618933788604
2025-08-18 03:00:00,1.1039406359705817,13.824431178719239
2025-08-18 04:00:00,0.5302017751075399,15.653009368844177
2025-08-18 05:00:00,0.40919732429608585,30.59086855669965
2025-08-18 06:00:00,0.5250414837410546,16.492860412915384
2025-08-18 07:00:00,0.5725724236213567,21.02559398829873
2025-08-18 08:00:00,1.077019984007536,13.24551769921489
2025-08-18 09:00:00,1.232824048625213,15.494235331053808
2025-08-18 10:00:00,1.7683042008795986,23.504099202053123
2025-08-18 11:00:00,1.9031124506286783,13.559417415788612
2025-08-18 12:00:00,1.7929036489379537,14.74990613039557
2025-08-18 13:00:00,1.9589042599269706,16.431956080130092
2025-08-18 14:00:00,1.4238566823728078,13.795111562778704
2025-08-18 15:00:00,1.232644650516754,22.22291549400798
2025-08-18 16:00:00,0.7326760423003691,18.024023150587965
2025-08-18 17:00:00,0.44960379500158326,24.217512271156487
2025-08-18 18:00:00,0.381288115371636,16.171295000961514
2025-08-18 19:00:00,0.49974194167315616,23.130903526641056
2025-08-18 20:00:00,0.5498726107823159,13.240203979237343
2025-08-18 21:00:00,0.9931955952148855,15.991300444044729
2025-08-18 22:00:00,1.450883062033285,19.196181966632714
2025-08-18 23:00:00,1.8356367192891587,26.738070402215605
2025-08-19 00:00:00,2.023729009689212,15.063848238217176
2025-08-19 01:00:00,1.9395957826524903,10.735222685919535
2025-08-19 02:00:00,2.9598552935045728,76.01720493842775
2025-08-19 03:00:00,1.2638805591903621,20.898602250390397
2025-08-19 04:00:00,0.9598053933990339,19.66712974858813
2025-08-19 05:00:00,0.5773083930355775,19.16002864384457
2025-08-19 06:00:00,0.5680531805809481,16.60377838851779
2025-08-19 07:00:00,0.47852401425724045,15.187113754710719
2025-08-19 08:00:00,0.5016564252221258,25.673945870840598
2025-08-19 09:00:00,0.9118412240185441,14.46973187443249
2025-08-19 10:00:00,1.462898285571924,23.9663714850252
2025-08-19 11:00:00,1.6637108527335482,18.88138868845543
2025-08-19 12:00:00,2.0767146291119642,23.59621706238136
2025-08-19 13:00:00,1.768510589808646,16.878082067523202
2025-08-19 14:00:00,1.7689668071824536,17.182343296613624
2025-08-19 15:00:00,1.5457625666660177,15.420268442910384
2025-08-19 16:00:00,2.731388463698863,77.89175206464188
2025-08-19 17:00:00,0.7227054620878869,18.137180517076565
2025-08-19 18:00:00,0.38253960502627715,18.45076629619749
2025-08-19 19:00:00,0.20184726695513858,14.780181903743538
2025-08-19 20:00:00,0.44949628151880605,27.10923376779564
2025-08-19 21:00:00,0.7355681048062712,15.579987966938258
2025-08-19 22:00:00,1.1142310630740153,31.29526079740321
2025-08-19 23:00:00,1.3585984807976668,21.04191600464146
2025-08-20 00:00:00,1.956608054152731,28.842548895644498
2025-08-20 01:00:00,2.0736774931151616,16.44494925904521
2025-08-20 02:00:00,2.063439222014101,20.283919951820966
2025-08-20 03:00:00,1.85712139288156,26.301782372797746
2025-08-20 04:00:00,1.3205469382804726,21.43791153922725
2025-08-20 05:00:00,0.8115058619769302,25.834594037765886
2025-08-20 06:00:00,0.568636015464047,15.631561984472182
2025-08-20 07:00:00,0.45706244375796445,17.638934511357
2025-08-20 08:00:00,0.6173367661320651,19.091527387699795
2025-08-20 09:00:00,0.5693760129543344,20.624134679966005
2025-08-20 10:00:00,1.0226165238109899,15.375055109470063
2025-08-20 11:00:00,1.338113214306268,17.651790321300165
2025-08-20 12:00:00,2.005005864756033,14.902132179056412
2025-08-20 13:00:00,2.039087686191135,25.05923549232228
2025-08-20 14:00:00,2.0500835094107672,15.076899166696597
2025-08-20 15:00:00,1.6982235305092528,21.5259123442624
2025-08-20 16:00:00,1.3572885349716246,18.338005886512914
2025-08-20 17:00:00,0.9382500905449973,11.667252638354682
2025-08-20 18:00:00,0.63037469384116,15.83070892219558
2025-08-20 19:00:00,0.5167183186198383,9.054071612188315
2025-08-20 20:00:00,0.36545457664635894,17.65968916131844
2025-08-20 21:00:00,0.7625193742463963,29.017061726744338
2025-08-20 22:00:00,0.7980341546272265,14.68633354763355
2025-08-20 23:00:00,1.3073925243713242,11.670709889318198
2025-08-21 00:00:00,1.5234142364023249,25.224002912295152
2025-08-21 01:00:00,2.005306846936247,15.74098514616896
2025-08-21 02:00:00,1.978767282390993,11.65941900162625
2025-08-21 03:00:00,1.815982462673088,18.57317357603543
2025-08-21 04:00:00,1.6722868777773112,20.424462034240015
2025-08-21 05:00:00,1.3128164296246494,26.835134860665832
2025-08-21 06:00:00,0.8654137864684894,18.63494341084647
2025-08-21 07:00:00,2.101387993243891,88.71951257262987
2025-08-21 08:00:00,0.4275115236644614,17.455556149119705
2025-08-21 09:00:00,0.5152578986283753,18.8567732329465
2025-08-21 10:00:00,0.7560981326067371,23.936330431441412
2025-08-21 11:00:00,1.207362107851115,19.501856718785913
2025-08-21 12:00:00,1.538120083135117,24.557001714494938
2025-08-21 13:00:00,1.9807336485365712,18.288210347069924
2025-08-21 14:00:00,2.026075737899708,20.373210627915594
2025-08-21 15:00:00,2.135100567025808,15.821404405063515
2025-08-21 16:00:00,1.5849746880189888,16.695378872657653
2025-08-21 17:00:00,1.2131423278932307,16.642795979315554
2025-08-21 18:00:00,0.7643458771876365,20.268133231454716
2025-08-21 19:00:00,0.7955410865708927,17.834089290889626
2025-08-21 20:00:00,0.397756614619126,19.26501856734492
2025-08-21 21:00:00,0.5306552604469601,22.327698066180172
2025-08-21 22:00:00,0.8130013608506997,17.396021573794602
2025-08-21 23:00:00,1.092086837237891,12.545900134065308
2025-08-22 00:00:00,1.2319283859828436,15.685952152288454
2025-08-22 01:00:00,1.8473960138017953,28.822727010505343
2025-08-22 02:00:00,1.7956739479102501,19.705354462196976
2025-08-22 03:00:00,2.158730175922901,12.590267192530131
2025-08-22 04:00:00,3.30850671240514,82.8830171110324
2025-08-22 05:00:00,1.6138035808843438,24.49938717783449
2025-08-22 06:00:00,1.0551919591450634,25.452887553027406
2025-08-22 07:00:00,0.7596262173039158,26.00213201311127
2025-08-22 08:00:00,0.6105520179541137,17.42350930370703
2025-08-22 09:00:00,0.2725508402771841,30.038624956435495
2025-08-22 10:00:00,0.35016469785460574,19.110824672876863
2025-08-22 11:00:00,0.9216801748027551,20.805343247787288
2025-08-22 12:00:00,1.2457741641661877,18.60003144675678
2025-08-22 13:00:00,1.5583354309574908,31.69521187159095
2025-08-22 14:00:00,1.9436606534708714,17.617078866573692
2025-08-22 15:00:00,2.059609608214278,8.880559412693763
2025-08-22 16:00:00,1.9358374598662476,19.476928914354986
2025-08-22 17:00:00,1.7016702420920096,22.74624225794489
2025-08-22 18:00:00,1.2822416430766321,18.033056521998677
2025-08-22 19:00:00,0.7948856761324146,24.742390449602766
2025-08-22 20:00:00,0.45232529767150287,13.785170477643067
2025-08-22 21:00:00,0.5746372350921854,13.402127048865228
2025-08-22 22:00:00,0.5760091462155412,13.856200874332606
2025-08-22 23:00:00,0.45880001290038663,15.448778365783566
2025-08-23 00:00:00,0.9899187163005851,19.534803108451072
2025-08-23 01:00:00,1.4289059183795576,20.272504627470827
2025-08-23 02:00:00,1.8382720271296478,25.0369789808148
2025-08-23 03:00:00,2.0867827651928748,17.32788643867999
2025-08-23 04:00:00,1.846215057376307,10.901397195888823
2025-08-23 05:00:00,1.6219020848733048,23.105906135163476
2025-08-23 06:00:00,1.4038446705793985,7.500257798474729
2025-08-23 07:00:00,1.0729602292018312,20.560569407382115
2025-08-23 08:00:00,0.8084805221294099,17.022298262937802
2025-08-23 09:00:00,0.37212315289527054,20.228466351562698
2025-08-23 10:00:00,0.3706866774664609,16.904683638445995
2025-08-23 11:00:00,0.5557208847648051,39.5308753278854
2025-08-23 12:00:00,0.8805797201579076,23.85451634348634
2025-08-23 13:00:00,1.506773766521551,25.570979863717376
2025-08-23 14:00:00,1.6504473236589137,22.056260059644465
2025-08-23 15:00:00,1.9463311271788943,18.577096735025794
2025-08-23 16:00:00,2.1840532690709926,15.8618659889095
2025-08-23 17:00:00,1.8178662194203463,26.10970870120781
2025-08-23 18:00:00,1.4416675587295964,20.992894978365715
2025-08-23 19:00:00,1.2890960265926785,24.2728484450041
2025-08-23 20:00:00,0.7218199101355648,25.02224094554489
2025-08-23 21:00:00,0.4732518518163672,27.070177880833825
2025-08-23 22:00:00,0.32053145361604496,27.84470632606982
2025-08-23 23:00:00,0.6244087763762032,22.780293460561843
2025-08-24 00:00:00,0.8767050153401567,12.419906115713985
2025-08-24 01:00:00,2.616097316607353,88.64535197566721
2025-08-24 02:00:00,1.610271031862514,13.327352244787075
2025-08-24 03:00:00,3.3426646528021804,86.23024543181259
2025-08-24 04:00:00,1.9236129350756206,23.844633565228634
2025-08-24 05:00:00,1.8577494014936766,24.64482584404188
2025-08-24 06:00:00,1.591993575191831,20.012483075022267
2025-08-24 07:00:00,1.5091288280617363,20.15239796824741
2025-08-24 08:00:00,1.0217070479254,21.67552921446115
2025-08-24 09:00:00,0.5247977076552107,9.040101743279083
2025-08-24 10:00:00,0.39464101077934916,20.092535661077054
2025-08-24 11:00:00,0.35421890453455274,16.41758251691331
2025-08-24 12:00:00,0.5449670571755019,13.735214218935878
2025-08-24 13:00:00,0.9873210433154507,21.26254665623433
2025-08-24 14:00:00,1.3453613369312465,21.048829304167814
2025-08-24 15:00:00,1.8423258114722543,20.68849525925718
2025-08-24 16:00:00,2.1204903946129656,20.135293030512067
2025-08-24 17:00:00,2.0760090485072857,18.033213962987475
2025-08-24 18:00:00,1.7896980930550068,20.275007021628873
2025-08-24 19:00:00,1.4488985258539178,13.907260547771914
2025-08-24 20:00:00,1.1145292076371716,27.38535208243975
2025-08-24 21:00:00,0.7228178699361281,25.641028500293913
2025-08-24 22:00:00,0.5084044612664561,17.995787528186284
2025-08-24 23:00:00,0.377362731046119,20.99731120991807
2025-08-25 00:00:00,0.6224518728844625,14.809802944037004
2025-08-25 01:00:00,0.8415953120008802,9.930080611024167
2025-08-25 02:00:00,1.0065996472752283,25.677798398873414
2025-08-25 03:00:00,1.589387192390146,27.550971636120536
2025-08-25 04:00:00,1.7332001360032723,26.2286544882332
2025-08-25 05:00:00,1.9467913456564727,25.729849786091556
2025-08-25 06:00:00,1.8903847302113,14.885932285164156
2025-08-25 07:00:00,1.6438488530874962,12.36345276858408
2025-08-25 08:00:00,1.2711180199894754,11.980131269354093
2025-08-25 09:00:00,0.7275156055369123,17.281281601295753
2025-08-25 10:00:00,0.6423777288162122,22.824458375122717
2025-08-25 11:00:00,0.3517120917565506,18.512319941888983
2025-08-25 12:00:00,0.38278588484696796,18.879225574481044
2025-08-25 13:00:00,0.8202800161602545,18.626269384479876
2025-08-25 14:00:00,0.9691809624315767,19.340335556733706
2025-08-25 15:00:00,1.2938167030400767,18.723309584526035
2025-08-25 16:00:00,1.6167338636861504,22.184303967483945
2025-08-25 17:00:00,1.8422244766256977,23.69358061189328
2025-08-25 18:00:00,1.9780472964761902,23.65598889683666
2025-08-25 19:00:00,1.7429914977056784,17.09782482747935
2025-08-25 20:00:00,1.4320639532335415,20.650775675536654
2025-08-25 21:00:00,0.9444591986297382,23.772826991094032
2025-08-25 22:00:00,0.7223898243018843,20.49263801432911
2025-08-25 23:00:00,0.5133244002078372,15.032791182417233
2025-08-26 00:00:00,0.3973373637137608,13.481045260960602
2025-08-26 01:00:00,0.5187757208803558,24.290462148416115
2025-08-26 02:00:00,0.8619514788489486,21.5112090225491
2025-08-26 03:00:00,1.1777945838883956,24.794909317000826
2025-08-26 04:00:00,1.6730931032901644,21.865767748467192
2025-08-26 05:00:00,2.061631926883358,15.764362315511665
2025-08-26 06:00:00,2.1835640140067074,20.754462339739593
2025-08-26 07:00:00,1.7775328485279194,19.50385450548947
2025-08-26 08:00:00,1.7502882360587846,22.736083381967024
2025-08-26 09:00:00,1.229587998044569,21.588343664137106
2025-08-26 10:00:00,0.8807690669906697,21.120157539871435
2025-08-26 11:00:00,0.5414714217502453,18.233278927025232
2025-08-26 12:00:00,0.42111159435397094,15.152230161669765
2025-08-26 13:00:00,0.4895798887657634,27.488502336071562
2025-08-26 14:00:00,0.7550698720074915,23.872133751619337
2025-08-26 15:00:00,1.0228786847851488,29.236471574067412
2025-08-26 16:00:00,1.619215738768547,18.271860428436145
2025-08-26 17:00:00,1.9472393739445921,14.738160048856077
2025-08-26 18:00:00,2.016008615261348,22.781532236883482
2025-08-26 19:00:00,2.032531396502123,21.131145769443545
2025-08-26 20:00:00,1.7543052846425262,17.946490619244987
2025-08-26 21:00:00,1.3514588052744676,20.125748658818132
2025-08-26 22:00:00,1.0121931699530597,25.327347951609944
2025-08-26 23:00:00,0.838651405405078,17.405103374451446
2025-08-27 00:00:00,0.2723971537541933,22.5658576800079
2025-08-27 01:00:00,0.39597525852372795,15.037024763954678
2025-08-27 02:00:00,0.6385524568253723,19.814819142840676
2025-08-27 03:00:00,1.045319288466109,23.109288632268214
2025-08-27 04:00:00,1.2195740123990635,15.499112062749521
2025-08-27 05:00:00,1.7574572477781525,19.360461133188338
2025-08-27 06:00:00,2.031238504986648,24.03120694691875
2025-08-27 07:00:00,1.9709749539271122,16.1441603498381
2025-08-27 08:00:00,2.1294841542014558,13.865004727688255
2025-08-27 09:00:00,1.2908506519221368,19.659851633976395
2025-08-27 10:00:00,1.0218074268908646,19.35622935716849
2025-08-27 11:00:00,0.7676204828024122,15.136564354128137
2025-08-27 12:00:00,0.6362946187026568,24.22800526030721
2025-08-27 13:00:00,0.6107984117572869,17.657020100120683
2025-08-27 14:00:00,0.522624797622321,18.49868135027661
2025-08-27 15:00:00,0.803659656833233,28.386926211808955
2025-08-27 16:00:00,1.0640124398262816,21.30879169509572
2025-08-27 17:00:00,1.6940583585506106,25.49481381484435
2025-08-27 18:00:00,1.9418104488773205,20.350881800355307
2025-08-27 19:00:00,1.9588175225660185,11.916230119819147
2025-08-27 20:00:00,1.7971389337963215,16.298328285559485
2025-08-27 21:00:00,1.6872854845803698,21.408239202880704
2025-08-27 22:00:00,1.1780277805574941,21.374698367801003
2025-08-27 23:00:00,1.0411444997927313,21.921488924025617
2025-08-28 00:00:00,0.41072751217945946,16.905218685835646
2025-08-28 01:00:00,0.5487920780607076,26.156500892059395
2025-08-28 02:00:00,0.30966522972348554,30.411687898153012
2025-08-28 03:00:00,0.7638393592903409,19.170735375264037
2025-08-28 04:00:00,1.0173220164819,14.609108084528444
2025-08-28 05:00:00,1.4148905487109666,11.363585955584126
2025-08-28 06:00:00,1.787428337000333,35.02745081806802
2025-08-28 07:00:00,2.0723060432138505,22.087322261470213
2025-08-28 08:00:00,2.180863001285122,23.054187198931256
2025-08-28 09:00:00,1.729136722342569,19.24678403859269
2025-08-28 10:00:00,1.4793340366382361,21.125995349934897
2025-08-28 11:00:00,1.020679302182487,13.213894575690924
2025-08-28 12:00:00,0.5931485872103988,21.49054888481318
2025-08-28 13:00:00,0.38549283576204757,18.46931832668888
2025-08-28 14:00:00,0.39662389115433305,25.205209216111513
2025-08-28 15:00:00,0.5394954091574572,17.88258953066863
2025-08-28 16:00:00,0.8176743088278007,26.69021511297862
2025-08-28 17:00:00,1.1752112713953404,16.0762850844636
2025-08-28 18:00:00,1.6739362121037697,17.833442508014272
2025-08-28 19:00:00,1.910912673368636,24.733509998836492
2025-08-28 20:00:00,1.7529384851037861,19.360002812102884
2025-08-28 21:00:00,1.6573032536142194,16.532702728740034
2025-08-28 22:00:00,1.613063221510082,22.3276092790204
2025-08-28 23:00:00,1.1002480175002531,18.494180882412202
2025-08-29 00:00:00,0.783620507056334,27.09272217884175
2025-08-29 01:00:00,2.085879129616368,81.18113540275999
2025-08-29 02:00:00,0.46383097817283747,18.304912553340625
2025-08-29 03:00:00,0.5627544864777587,19.110410040815427
2025-08-29 04:00:00,2.4035414237835053,78.86570319589653
2025-08-29 05:00:00,1.1378013914449363,15.843309300244345
2025-08-29 06:00:00,1.5239383501185424,16.9559527183033
2025-08-29 07:00:00,1.8394824900189208,18.885458056968634
2025-08-29 08:00:00,1.842214883316881,17.304282868807725
2025-08-29 09:00:00,2.029775649750224,24.298945320031493
2025-08-29 10:00:00,1.937312529808078,22.430447482889527
2025-08-29 11:00:00,1.4123043768813826,18.979296682221044
2025-08-29 12:00:00,0.72475969010313,22.055291899951417
2025-08-29 13:00:00,0.618027161868727,20.75999205840325
2025-08-29 14:00:00,0.25248605524748235,18.681531225119823
2025-08-29 15:00:00,0.5665071479963343,21.5716215943462
2025-08-29 16:00:00,0.6010666264384766,27.681083987530492
2025-08-29 17:00:00,0.9995624544295653,17.939021623759817
2025-08-29 18:00:00,1.1352457815064907,23.909904207441805
2025-08-29 19:00:00,1.4822396017241717,19.87573924517972
2025-08-29 20:00:00,1.9647907584549553,19.905006974835576
2025-08-29 21:00:00,1.9533141797268132,24.246440021118463
2025-08-29 22:00:00,1.8760254945819341,20.65537392464464
2025-08-29 23:00:00,1.4747657594081314,24.85584871882793
2025-08-30 00:00:00,1.192279529712629,15.38742945368268
2025-08-30 01:00:00,0.6338991540700409,17.749552486666357
2025-08-30 02:00:00,0.6461791713926281,22.00103255871944
2025-08-30 03:00:00,0.22121517740095403,15.690152788447806
2025-08-30 04:00:00,0.5400354389400245,21.60106419427356
2025-08-30 05:00:00,0.6978853288683124,13.670788780585603
2025-08-30 06:00:00,1.1292179512144445,16.796634439813282
2025-08-30 07:00:00,1.418094498462455,25.475563189405754
2025-08-30 08:00:00,1.76815695406844,24.548541427818392
2025-08-30 09:00:00,2.0430013320594096,21.28753783406529
2025-08-30 10:00:00,1.9187111371831245,26.24085085824402
2025-08-30 11:00:00,1.7032231371570599,22.68956853635306
2025-08-30 12:00:00,1.3916882682827985,19.473207178700054
2025-08-30 13:00:00,0.9177112081206047,20.6302526516234
2025-08-30 14:00:00,0.6503926979255007,21.36702673903421
2025-08-30 15:00:00,0.3792636592725899,28.26219389317165
2025-08-30 16:00:00,0.43844345937032014,10.975295602012983
2025-08-30 17:00:00,0.7206702326718022,21.377811616462644
2025-08-30 18:00:00,0.9797118313580644,22.52911260001896
2025-08-30 19:00:00,1.4486181394965305,23.724614447088996
2025-08-30 20:00:00,1.805485836513732,23.802038877273475
2025-08-30 21:00:00,1.9813613505253138,22.278049948028055
2025-08-30 22:00:00,2.0117761931784703,17.77448940377383
2025-08-30 23:00:00,1.682645168847775,21.063247042026315
2025-08-31 00:00:00,1.5298707584638402,21.844677187084038
2025-08-31 01:00:00,0.9925887403671569,22.127342916534133
2025-08-31 02:00:00,0.710376165675573,16.688364386576804
2025-08-31 03:00:00,1.99661619990197,83.55253363984771
2025-08-31 04:00:00,0.5231482947074587,18.772334427576038
2025-08-31 05:00:00,0.5321050080364391,19.38623227671523
2025-08-31 06:00:00,0.8957994891957309,18.870236995981628
2025-08-31 07:00:00,1.359428500978359,19.542236180487347
2025-08-31 08:00:00,1.7467796634042463,21.409803931316986
2025-08-31 09:00:00,1.788993821269755,20.565210060308818
2025-08-31 10:00:00,1.9839256004663257,21.031984817858138
2025-08-31 11:00:00,2.0071851347720067,29.653808840996284
2025-08-31 12:00:00,1.7816970037326103,20.087546904833566
2025-08-31 13:00:00,1.3715157668286384,11.623820668701667
2025-08-31 14:00:00,0.6730377786794317,21.77635703240852
2025-08-31 15:00:00,0.3333547186346678,27.43061219666964
2025-08-31 16:00:00,0.35869928003363094,16.575490784062506
2025-08-31 17:00:00,0.4576252292522696,30.62283564758458
2025-08-31 18:00:00,0.7983087416467535,18.28257228984416
2025-08-31 19:00:00,1.1237956234446687,15.117644638898797
2025-08-31 20:00:00,1.5237421502742878,23.57080144408307
2025-08-31 21:00:00,1.7170805489009335,24.269533545277103
2025-08-31 22:00:00,1.9277808702306627,17.113725696316365
2025-08-31 23:00:00,1.8946928253269895,22.575537933756962
2025-09-01 00:00:00,1.6443662959379701,19.852658862513742
2025-09-01 01:00:00,1.2893219851087578,13.485977706518904
2025-09-01 02:00:00,0.8076253003784618,26.54695911990293
2025-09-01 03:00:00,0.47380806546537707,20.332023393230926
2025-09-01 04:00:00,0.24359637719418337,19.694932192606554
2025-09-01 05:00:00,0.5177762633861127,14.920164942003566
2025-09-01 06:00:00,0.7365139589506748,26.926722950938508
2025-09-01 07:00:00,0.8455651853849959,26.232970310291574
2025-09-01 08:00:00,1.5011796565212128,16.467960020766412
2025-09-01 09:00:00,1.7412212915897214,18.734016678274138
2025-09-01 10:00:00,1.8604768617597764,19.24920667710261
2025-09-01 11:00:00,1.957471810844079,18.921025164821405
2025-09-01 12:00:00,1.7250547476043776,22.736150903233366
2025-09-01 13:00:00,1.7524149900412462,9.852805312496127
2025-09-01 14:00:00,1.0539723985099607,21.913835137874436
2025-09-01 15:00:00,0.7928470532755664,18.166919972102
2025-09-01 16:00:00,0.414428148827971,22.221047215957526
2025-09-01 17:00:00,0.556259372768778,12.763920077430777
2025-09-01 18:00:00,0.4927115075539674,23.639617623790166
2025-09-01 19:00:00,0.6881605270017599,25.173621262942056
2025-09-01 20:00:00,1.4003161631482017,17.977786005248717
2025-09-01 21:00:00,1.518993223783485,17.857291056621058
2025-09-01 22:00:00,1.8908088379744732,14.555700901155639
2025-09-01 23:00:00,2.1181784780813375,20.214681085867124
2025-09-02 00:00:00,1.7607659383134149,14.886524397580827
2025-09-02 01:00:00,1.4893807887449604,19.507862568594813
2025-09-02 02:00:00,1.3052607753252914,21.16691978611001
2025-09-02 03:00:00,0.9472966154472726,21.673182624230662
2025-09-02 04:00:00,0.6811853784718873,22.619759758137665
2025-09-02 05:00:00,0.5320062921953227,16.284352651258647
2025-09-02 06:00:00,0.5990231631839398,19.50655095900985
2025-09-02 07:00:00,0.5499840857752945,15.773150972532662
2025-09-02 08:00:00,0.9367244389920493,14.644793804153739
2025-09-02 09:00:00,1.4817543994858138,29.53362671451569
2025-09-02 10:00:00,1.7462628578394868,24.620859024146853
2025-09-02 11:00:00,2.023108092677548,17.477360237520102
2025-09-02 12:00:00,1.9656878060132883,22.028154945674242
2025-09-02 13:00:00,1.7063022187181962,15.0221113654686
2025-09-02 14:00:00,1.3689150640218806,15.760924333436686
2025-09-02 15:00:00,1.1630800265149592,21.346799178233248
2025-09-02 16:00:00,0.5371539310916383,14.714175265027832
2025-09-02 17:00:00,0.40480639391528955,27.458639369959027
2025-09-02 18:00:00,0.4537139908242287,20.07037398977372
2025-09-02 19:00:00,0.564204069125387,25.272489599422286
2025-09-02 20:00:00,0.8293611824121592,21.826225274705727
2025-09-02 21:00:00,1.287077220682983,21.128102926123212
2025-09-02 22:00:00,1.644518937755427,16.62474405268653
2025-09-02 23:00:00,1.850954677807727,19.531609632462036
2025-09-03 00:00:00,2.057333555603988,30.79389333203525
2025-09-03 01:00:00,2.0629235608550034,26.18968183009451
2025-09-03 02:00:00,1.7446810459858286,24.71578900324969
2025-09-03 03:00:00,1.065659793238987,24.92749584480502
2025-09-03 04:00:00,0.900865448365857,11.854753722741822
2025-09-03 05:00:00,0.48977387584362014,13.570711169509416
2025-09-03 06:00:00,0.35554563559126745,28.976687024828166
2025-09-03 07:00:00,0.4431726762179006,19.332946521285795
2025-09-03 08:00:00,0.7584639943492607,15.270850684211812
2025-09-03 09:00:00,1.3264953032594922,12.72884387638603
2025-09-03 10:00:00,1.322209039985217,21.429437471394014
2025-09-03 11:00:00,1.7959239862626233,25.69536712659726
2025-09-03 12:00:00,2.086337608090526,23.32963662823978
2025-09-03 13:00:00,1.809326957504353,30.48513977627384
2025-09-03 14:00:00,1.753886043952541,17.994632873269744
2025-09-03 15:00:00,1.3096800744405528,16.956261731845387
2025-09-03 16:00:00,1.0449440129157135,19.966263382060863
2025-09-03 17:00:00,0.6865452279068771,16.11982047462887
2025-09-03 18:00:00,0.261524716588143,14.42445480673188
2025-09-03 19:00:00,0.559278652360992,18.217626413288954
2025-09-03 20:00:00,0.6449871510266859,23.730239081111325
2025-09-03 21:00:00,0.8141299326051805,14.338952960000295
2025-09-03 22:00:00,1.317011748874489,23.74864563926884
2025-09-03 23:00:00,1.703103537422028,17.879291174742868
2025-09-04 00:00:00,1.921443365439461,20.78092656997816
2025-09-04 01:00:00,1.9319049463758071,20.110860104797794
2025-09-04 02:00:00,1.8783569906378357,20.7535694922885
2025-09-04 03:00:00,1.6314654925187073,29.546905754637933
2025-09-04 04:00:00,1.1892948094838514,21.157499726801987
2025-09-04 05:00:00,0.760647695781502,14.461531789349667
2025-09-04 06:00:00,0.6679389493354644,14.396205518248184
2025-09-04 07:00:00,0.2901565780618074,19.097640856272594
2025-09-04 08:00:00,0.4193378308702499,15.179354090766726
2025-09-04 09:00:00,0.8512109459243679,13.731670274175428
2025-09-04 10:00:00,1.0525565346010415,20.805645880458204
2025-09-04 11:00:00,1.679950038241873,15.850980624799394
2025-09-04 12:00:00,1.9348502026217944,24.064042416111228
2025-09-04 13:00:00,1.924078056936937,9.821931801352488
2025-09-04 14:00:00,1.863501153242434,15.81541447165285
2025-09-04 15:00:00,1.5888857724727052,20.78790241435548
2025-09-04 16:00:00,2.8246204887861004,81.81820263345482
2025-09-04 17:00:00,0.9369127014461773,21.219112981351504
2025-09-04 18:00:00,0.6423137754900525,30.172623697632755
2025-09-04 19:00:00,0.34337404438297225,24.99460862063431
2025-09-04 20:00:00,0.5191984572955248,14.826948775460483
2025-09-04 21:00:00,0.7396580039285662,16.274517371173047
2025-09-04 22:00:00,1.0783856048813598,17.603577558229702
2025-09-04 23:00:00,1.4277718055148239,12.170473271145946
2025-09-05 00:00:00,1.854711278118835,19.48946181461397
2025-09-05 01:00:00,1.9637023130946396,16.14823867669543
2025-09-05 02:00:00,1.9693094883277513,22.98488832998633
2025-09-05 03:00:00,1.8836702218646912,24.913223430382445
2025-09-05 04:00:00,1.4896924940837093,17.80080105451202
2025-09-05 05:00:00,0.9560896018887568,20.33705023483991
2025-09-05 06:00:00,0.4336011022497335,19.285258889657968
2025-09-05 07:00:00,0.4319487057315094,23.614447945449644
2025-09-05 08:00:00,0.602293732177773,20.524513605727556
2025-09-05 09:00:00,0.6588753747392795,20.122271218449264
2025-09-05 10:00:00,0.7575685508425485,23.680027133127123
2025-09-05 11:00:00,1.3146130599429418,23.622862023914248
2025-09-05 12:00:00,3.07856311420714,76.07167772051346
2025-09-05 13:00:00,1.980439198624887,16.70886722403995
2025-09-05 14:00:00,1.9955936403809025,20.83367844944137
2025-09-05 15:00:00,1.7278304404631761,22.829570088186316
2025-09-05 16:00:00,1.48763227180045,25.655228882048185
2025-09-05 17:00:00,1.1391970289870503,22.150261731752778
2025-09-05 18:00:00,0.8350702481275213,22.210553154817905
2025-09-05 19:00:00,0.4869819074064089,28.785638243973363
2025-09-05 20:00:00,0.4839824570528202,9.511462182897048
2025-09-05 21:00:00,0.5316947519974435,22.19167662473791
2025-09-05 22:00:00,0.734421788629131,22.967670080274797
2025-09-05 23:00:00,1.1375036825861065,21.285314602725297
2025-09-06 00:00:00,1.5415783285482143,20.253148461089545
2025-09-06 01:00:00,1.7940541123873361,23.205067189678925
2025-09-06 02:00:00,1.849522934477134,22.717542418197507
2025-09-06 03:00:00,1.9541961870737246,15.134965921169428
2025-09-06 04:00:00,1.622325661758722,26.932426625144878
2025-09-06 05:00:00,1.2889930960315472,21.86277444486582
2025-09-06 06:00:00,0.8568302541452768,28.03788678484387
2025-09-06 07:00:00,0.5634390574277705,20.589190524708265
2025-09-06 08:00:00,0.3299023753146927,22.671671706665762
2025-09-06 09:00:00,0.6030033713413403,21.165807116335916
2025-09-06 10:00:00,0.5932741760201247,21.74384881111627
2025-09-06 11:00:00,0.9800498265093817,17.911015118527704
2025-09-06 12:00:00,1.2681716846124103,24.25547462990502
2025-09-06 13:00:00,1.6581787204507583,16.693546001924744
2025-09-06 14:00:00,1.8086155557610162,25.033821360645057
2025-09-06 15:00:00,2.063350193605092,18.142183221734804
2025-09-06 16:00:00,1.7754245065167267,15.076498251299988
2025-09-06 17:00:00,1.5935494201864187,21.939450537508197
2025-09-06 18:00:00,0.939769770584477,17.082338997472
2025-09-06 19:00:00,0.5651331471946279,19.214047852173717
2025-09-06 20:00:00,0.3583447045669136,21.770082066826774
2025-09-06 21:00:00,0.28721430246617846,26.47907558553595
2025-09-06 22:00:00,0.6697269420408398,18.403431845799556
2025-09-06 23:00:00,0.7855397506137182,13.08769388049468
2025-09-07 00:00:00,1.4485172871533176,13.792153284166405
2025-09-07 01:00:00,1.44685603281157,18.036295880624635
2025-09-07 02:00:00,1.8454483494759433,16.539893514242866
2025-09-07 03:00:00,2.1113411964766167,16.35629978951523
2025-09-07 04:00:00,1.754951513295355,25.26940846791991
2025-09-07 05:00:00,1.7765015735587086,18.316739867480205
2025-09-07 06:00:00,1.227183024026504,20.569723967536834
2025-09-07 07:00:00,0.829482289636788,24.45885301138702
2025-09-07 08:00:00,0.4392306374624585,23.286356877166824
2025-09-07 09:00:00,2.0126846712027247,83.30681836530526
2025-09-07 10:00:00,0.5389396414549863,20.541829536626967
2025-09-07 11:00:00,0.7442479485268283,19.36712177919719
2025-09-07 12:00:00,1.0875987280146895,17.146029544922076
2025-09-07 13:00:00,2.9140659323953657,79.77705929583419
2025-09-07 14:00:00,1.8366026360301497,20.594550732500416
2025-09-07 15:00:00,1.9656769039941135,21.82243466473593
2025-09-07 16:00:00,3.520251573393044,83.5581500268623
2025-09-07 17:00:00,1.8633934606103169,24.104115344402985
2025-09-07 18:00:00,1.4703735089612817,16.837309898556448
2025-09-07 19:00:00,1.1540415267622344,20.983099654369735
2025-09-07 20:00:00,0.5592961616634637,21.18195809969509
2025-09-07 21:00:00,0.5774283218961226,24.05065260783945
2025-09-07 22:00:00,0.3812083542612655,18.975141499323662
2025-09-07 23:00:00,0.5729868573862809,18.33774829516931
2025-09-08 00:00:00,0.5836764542484697,22.862917220714632
2025-09-08 01:00:00,1.3092193109900503,23.757322593909052
2025-09-08 02:00:00,1.781955133620548,23.998814855012352
2025-09-08 03:00:00,1.8590778431758015,26.461126336310137
2025-09-08 04:00:00,1.8801124769409636,22.97914370418715
2025-09-08 05:00:00,2.0104902300330783,19.90765490450762
2025-09-08 06:00:00,1.58120666177752,18.27963286544155
2025-09-08 07:00:00,1.1381807245476232,17.25685502806646
2025-09-08 08:00:00,0.657792782189546,19.32890396949315
2025-09-08 09:00:00,0.569701023894461,17.376107135410518
2025-09-08 10:00:00,0.569224323072286,17.93289380851231
2025-09-08 11:00:00,0.5445348364041686,14.878940137088161
2025-09-08 12:00:00,0.7081972251832074,17.024182614029282
2025-09-08 13:00:00,1.0270972914706267,6.825248691642665
2025-09-08 14:00:00,1.501026718747034,20.15032983258948
2025-09-08 15:00:00,2.01299434879124,18.299383841546096
2025-09-08 16:00:00,2.189885763866213,25.06198985606367
2025-09-08 17:00:00,1.8827368444085861,24.31659762511684
2025-09-08 18:00:00,1.8110676713585525,15.71557149925626
2025-09-08 19:00:00,1.4189280981661894,28.98679764396188
2025-09-08 20:00:00,0.8179845720613281,20.174748288492015
2025-09-08 21:00:00,0.5015166377439948,24.240132001126483
2025-09-08 22:00:00,0.3911587264457169,22.61172332951359
2025-09-08 23:00:00,0.41638790396463093,13.434973784483127
2025-09-09 00:00:00,0.5565197380596371,21.985960946366255
2025-09-09 01:00:00,0.98818612077607,8.48566435024112
2025-09-09 02:00:00,1.3970008933452067,11.119950901177706
2025-09-09 03:00:00,1.4375620449997761,21.774395814369925
2025-09-09 04:00:00,1.9430496253610114,19.281012409009218
2025-09-09 05:00:00,1.9592754826575902,15.140455619389936
2025-09-09 06:00:00,1.7205090376962937,20.54954702983489
2025-09-09 07:00:00,1.4891389346842148,25.07480242683204
2025-09-09 08:00:00,1.1472563986922808,27.182247211827203
2025-09-09 09:00:00,0.7706620374819233,26.375518532764843
2025-09-09 10:00:00,0.4537934383851528,24.24637848328259
2025-09-09 11:00:00,0.36772825298568373,24.157432514493202
2025-09-09 12:00:00,0.45553999135779,20.193299837457975
2025-09-09 13:00:00,0.7632565974772486,29.05077086503817
2025-09-09 14:00:00,1.2554988250532633,17.859270951890554
2025-09-09 15:00:00,1.551006209351229,20.712688265823047
2025-09-09 16:00:00,1.8251723786148486,21.52134612159254
2025-09-09 17:00:00,1.8696708324226483,20.708313527774358
2025-09-09 18:00:00,2.008821420596557,15.910583221731674
2025-09-09 19:00:00,1.692003846158352,10.9647775674874
2025-09-09 20:00:00,1.2784952827596707,22.390969762661193
2025-09-09 21:00:00,0.8431757247139992,18.40412956426132
2025-09-09 22:00:00,0.6441226527640822,30.663343201087372
2025-09-09 23:00:00,0.5374631915897469,25.612070234728996
2025-09-10 00:00:00,0.4302460699132133,24.74066033751258
2025-09-10 01:00:00,0.6743884810255149,17.931155322910143
2025-09-10 02:00:00,1.011039154804873,24.472877349609703
2025-09-10 03:00:00,1.2057840763436918,30.747685756067025
2025-09-10 04:00:00,1.7508848131882904,13.35320638317141
2025-09-10 05:00:00,1.9072588453599388,20.52321379538379
2025-09-10 06:00:00,3.3845524763698926,78.51825740733258
2025-09-10 07:00:00,1.792954842416682,15.057313180765316
2025-09-10 08:00:00,1.6146414866595553,18.450355980841028
2025-09-10 09:00:00,1.0740651246974438,23.13962545526439
2025-09-10 10:00:00,0.5274863775151325,21.270955771690737
2025-09-10 11:00:00,0.49727879929635466,14.61859777323459
2025-09-10 12:00:00,0.367991530780431,5.887966049156425
2025-09-10 13:00:00,0.4808463440805371,20.77307312671784
2025-09-10 14:00:00,0.9348192109666783,12.991831406519903
2025-09-10 15:00:00,1.2915375561978004,24.720149582465574
2025-09-10 16:00:00,1.7407895226097958,16.719695952767616
2025-09-10 17:00:00,1.816957188613496,15.668404329266316
2025-09-10 18:00:00,2.066919911942477,29.026393427146424
2025-09-10 19:00:00,1.682830366915367,24.399929261279997
2025-09-10 20:00:00,1.595011438709435,17.215270758507316
2025-09-10 21:00:00,1.0022934386885507,18.25278980842893
2025-09-10 22:00:00,0.7805065519201156,24.292901467269548
2025-09-10 23:00:00,0.7566653817673363,15.27989530007049
2025-09-11 00:00:00,0.4036848654259885,23.280575470202574
2025-09-11 01:00:00,0.40250138628067744,21.246487512055165
2025-09-11 02:00:00,0.808288259971141,24.414606593014824
2025-09-11 03:00:00,1.0957943938873387,26.40140606075999
2025-09-11 04:00:00,1.6068143315275458,17.708621810408868
2025-09-11 05:00:00,1.9337059976288367,18.83680958104527
2025-09-11 06:00:00,1.8158373469715374,17.40146834570168
2025-09-11 07:00:00,1.9992325056825373,26.03868448650044
2025-09-11 08:00:00,1.8733376350902136,13.925552448510187
2025-09-11 09:00:00,1.310445918204194,26.66865594088348
2025-09-11 10:00:00,0.9270641037347633,28.86525867603578
2025-09-11 11:00:00,0.5805219880496328,22.270089156434032
2025-09-11 12:00:00,0.4601274632229495,13.671260523228309
2025-09-11 13:00:00,0.4530994299730449,19.793290844093157
2025-09-11 14:00:00,0.7328273668035568,11.055283315907037
2025-09-11 15:00:00,1.008291048688886,20.634193186347428
2025-09-11 16:00:00,1.2280554393088594,13.196195788843475
2025-09-11 17:00:00,1.7601895845342845,32.03070946270938
2025-09-11 18:00:00,2.042360466285271,21.089884103866485
2025-09-11 19:00:00,1.9126224059259644,17.292547725060285
2025-09-11 20:00:00,1.9063408659446437,20.55149937498205
2025-09-11 21:00:00,1.3293385418432806,12.135895489390675
2025-09-11 22:00:00,1.2583854150509723,17.39052341821119
2025-09-11 23:00:00,0.7965112609357564,21.386277227444655
2025-09-12 00:00:00,0.554922920719787,12.128745404094508
2025-09-12 01:00:00,0.6641502541254556,20.303896466576408
2025-09-12 02:00:00,0.4492450184673856,23.590459941880543
2025-09-12 03:00:00,0.795623702262432,17.259132265351372
2025-09-12 04:00:00,1.3188573266517032,21.276265110028692
2025-09-12 05:00:00,1.4516245084358645,23.92839583665145
2025-09-12 06:00:00,3.494052802599982,82.78145050357571
2025-09-12 07:00:00,1.96865318088673,22.73698315647097
2025-09-12 08:00:00,1.864586983897405,28.739025305885455
2025-09-12 09:00:00,1.5698176965227106,20.22128741487332
2025-09-12 10:00:00,1.4204729090835388,23.67550332181378
2025-09-12 11:00:00,0.8253845750176183,29.24082120166427
2025-09-12 12:00:00,0.60068230266325,19.32586813581228
2025-09-12 13:00:00,0.48021587742361793,23.367295750476746
2025-09-12 14:00:00,0.3960001239932096,24.407475643391315
2025-09-12 15:00:00,0.7276459841502637,13.68839729529151
2025-09-12 16:00:00,1.0457520711627881,15.88008476799584
2025-09-12 17:00:00,1.2937341800926516,22.89506591983576
2025-09-12 18:00:00,1.6998730602692107,20.661285297584797
2025-09-12 19:00:00,1.9981833389962407,22.297749706110658
2025-09-12 20:00:00,1.9858598155502665,15.860018398531263
2025-09-12 21:00:00,1.7896678255388039,16.52262397980826
2025-09-12 22:00:00,1.4064198451133902,31.5070627596359
2025-09-12 23:00:00,0.9346598026228092,22.857296609397956
2025-09-13 00:00:00,0.5933291709358204,19.225455158642994
2025-09-13 01:00:00,0.5349238486938774,10.020842989893076
2025-09-13 02:00:00,0.38745364105506064,25.200116355020782
2025-09-13 03:00:00,0.6232593727329563,13.183017924020604
2025-09-13 04:00:00,1.0518991285310029,20.29643651463348
2025-09-13 05:00:00,1.3863883782736808,15.35385955884891
2025-09-13 06:00:00,1.6446204597176097,11.432664633390052
2025-09-13 07:00:00,1.8704961708997758,17.844636963600657
2025-09-13 08:00:00,2.078984261179213,19.24793326481656
2025-09-13 09:00:00,1.7680650911412155,10.125731825724175
2025-09-13 10:00:00,1.5241568711044577,22.423025489687802
2025-09-13 11:00:00,1.3491556025243272,16.357079461669912
2025-09-13 12:00:00,0.8488753209243904,25.967820443788902
2025-09-13 13:00:00,0.57468213974346,24.55457930955982
2025-09-13 14:00:00,0.4046939885454526,13.642152087605762
2025-09-13 15:00:00,0.39531801909049497,25.635219750200953
2025-09-13 16:00:00,0.6554131950793718,22.041185691874098
2025-09-13 17:00:00,1.152127917563362,13.26841872147574
2025-09-13 18:00:00,1.5607294790982138,21.278789273802943
2025-09-13 19:00:00,1.6515625211790457,25.779901946875096
2025-09-13 20:00:00,1.9071488838346067,25.325271344351396
2025-09-13 21:00:00,1.9373337330193834,16.737580002204353
2025-09-13 22:00:00,1.6912040482517592,27.12024408094339
2025-09-13 23:00:00,1.393898128646386,30.0583890214695
2025-09-14 00:00:00,0.9788468541018647,21.972521148831913
2025-09-14 01:00:00,0.5168553703774427,11.58556566492377
2025-09-14 02:00:00,1.9103165909093909,81.30679221447332
2025-09-14 03:00:00,0.42934935618363557,27.010987387489745
2025-09-14 04:00:00,0.5437624118306278,14.099610950977407
2025-09-14 05:00:00,1.0205660488792574,11.421748915552872
2025-09-14 06:00:00,1.176762758473003,10.60909867806068
2025-09-14 07:00:00,1.8147789965122567,19.301297025082302
2025-09-14 08:00:00,1.8799992270120494,27.616268991112996
2025-09-14 09:00:00,1.8389492596775296,15.201253303661435
2025-09-14 10:00:00,2.095651499481812,19.0282758033052
2025-09-14 11:00:00,1.7795831907652637,26.58581370036866
2025-09-14 12:00:00,1.1918159252972966,21.837498508223486
2025-09-14 13:00:00,0.7503807621311478,18.95323690505579
2025-09-14 14:00:00,0.33177355250162344,18.09295658486424
2025-09-14 15:00:00,0.3186783812123748,18.725564667283063
2025-09-14 16:00:00,0.542221895149068,14.638127461669843
2025-09-14 17:00:00,0.6368240649490715,23.408503179792547
2025-09-14 18:00:00,1.1731276344406,29.274812149482592
2025-09-14 19:00:00,1.5187043219101046,17.00117081223009
2025-09-14 20:00:00,1.8590062124789137,14.980534489934987
2025-09-14 21:00:00,3.5326755607508527,77.08465441669394
2025-09-14 22:00:00,3.390572028426924,83.69426145610839
2025-09-14 23:00:00,1.5651084036937684,17.85128573286879
2025-09-15 00:00:00,1.318366495520743,24.252499524838587
2025-09-15 01:00:00,0.8429941586982267,22.305850881170894
2025-09-15 02:00:00,0.688047770202448,25.95289236376922
2025-09-15 03:00:00,0.3756951817807582,13.759150276486945
2025-09-15 04:00:00,0.5501973078396035,24.723562562992548
2025-09-15 05:00:00,0.4702523393346403,18.483162367813495
2025-09-15 06:00:00,1.0632032918777696,11.730108975954678
2025-09-15 07:00:00,1.4314051954342866,22.678457370777515
2025-09-15 08:00:00,1.8579822810263396,19.231455075894964
2025-09-15 09:00:00,3.699180775035289,86.2361619032937
2025-09-15 10:00:00,1.9703048002143522,12.49383011758252
2025-09-15 11:00:00,1.9067105397120814,21.775139670553248
2025-09-15 12:00:00,1.4483540006371027,14.621035423506502
2025-09-15 13:00:00,1.0628008534151583,17.938812659794834
2025-09-15 14:00:00,0.6075742336232677,10.01054555002231
2025-09-15 15:00:00,0.44702677494138127,16.919011627762742
2025-09-15 16:00:00,0.37020720777349453,17.69044148576335
2025-09-15 17:00:00,0.41862118379608865,21.472302008392635
2025-09-15 18:00:00,0.7922120416767344,24.9218491188345
2025-09-15 19:00:00,1.4996081348500971,22.13235360840127
2025-09-15 20:00:00,1.6697575943313594,18.167910024825716
2025-09-15 21:00:00,1.9095503079935774,28.336245769229492
2025-09-15 22:00:00,1.9489635592765135,17.12296653881292
2025-09-15 23:00:00,1.7319305219138745,21.251324672686213
2025-09-16 00:00:00,1.5579364385321164,23.767605332991174
2025-09-16 01:00:00,1.1577483886497275,24.591518509588205
2025-09-16 02:00:00,0.7893525975496141,17.334152511952148
2025-09-16 03:00:00,0.5561000391055622,23.592212603091248
2025-09-16 04:00:00,0.5100151362966836,14.087241811653044
2025-09-16 05:00:00,0.6156655319131552,25.911616038484986
2025-09-16 06:00:00,0.7818968527578838,21.93682107981721
2025-09-16 07:00:00,1.2196303241158146,19.921325250503745
2025-09-16 08:00:00,1.6050001654954407,30.048257200518727
2025-09-16 09:00:00,1.9397738193594654,20.8772840347459
2025-09-16 10:00:00,2.028651651371855,21.82234188485879
2025-09-16 11:00:00,1.9917228111534786,20.17879378740506
2025-09-16 12:00:00,1.7973990825629114,17.84445299305664
2025-09-16 13:00:00,2.8075878874592415,73.33842718561931
2025-09-16 14:00:00,0.7623627709581708,21.181733523713643
2025-09-16 15:00:00,0.5426127756948469,20.911354398514476
2025-09-16 16:00:00,0.46245987854291287,26.528551529012553
2025-09-16 17:00:00,0.4452705204215164,22.20158204867257
2025-09-16 18:00:00,0.5334683066721679,17.887333569589416
2025-09-16 19:00:00,0.8764350234334279,25.612178189713923
2025-09-16 20:00:00,1.4416122359242727,16.935230763478682
2025-09-16 21:00:00,1.644169860152723,5.950003997842073
2025-09-16 22:00:00,2.009323599903498,11.567591907501846
2025-09-16 23:00:00,2.0329839441605255,15.264433672004703
2025-09-17 00:00:00,1.9652486790643182,23.77001571783307
2025-09-17 01:00:00,1.6283801197353942,2.791477783358932
2025-09-17 02:00:00,1.1257184791295678,15.140479110430551
2025-09-17 03:00:00,0.909796029373822,15.605050807998909
2025-09-17 04:00:00,0.5307209614804492,27.36990481779631
2025-09-17 05:00:00,0.33133781611738206,12.326957524096226
2025-09-17 06:00:00,0.5068355527572443,20.14783641283787
2025-09-17 07:00:00,0.7667565534719496,25.127106512008794
2025-09-17 08:00:00,1.1532647768043578,22.761790018176004
2025-09-17 09:00:00,1.575999552439542,20.38848661269242
2025-09-17 10:00:00,1.842503472627039,19.045147238891815
2025-09-17 11:00:00,1.884241054696825,22.44341502593709
2025-09-17 12:00:00,1.8027498447116368,20.486105653343223
2025-09-17 13:00:00,1.806419233245473,25.85619019043429
2025-09-17 14:00:00,1.4793226781823245,27.67558999517271
2025-09-17 15:00:00,0.7732826807052369,15.074199204673768
2025-09-17 16:00:00,0.36657409374771704,12.716357624758038
2025-09-17 17:00:00,0.41847681108633167,17.303904344785423
2025-09-17 18:00:00,1.8860238124197548,74.55966213105243
2025-09-17 19:00:00,0.6221448554890073,14.566427192815805
2025-09-17 20:00:00,1.0279646939472238,18.559133216674137
2025-09-17 21:00:00,1.4053050057976106,11.049979887240953
2025-09-17 22:00:00,1.6311071886175688,12.10514455074967
2025-09-17 23:00:00,2.192141963712281,21.412989519187356
2025-09-18 00:00:00,2.0513220837230755,20.874417325365
2025-09-18 01:00:00,1.7639564353500938,18.085392566505625
2025-09-18 02:00:00,1.426910361463623,30.30741512357302
2025-09-18 03:00:00,1.1421461849612125,31.903692177271452
2025-09-18 04:00:00,0.5309836230005934,17.752370493561557
2025-09-18 05:00:00,0.35686729855346866,23.925408827688027
2025-09-18 06:00:00,0.37349518561778744,12.594865853886144
2025-09-18 07:00:00,0.5976934615702459,15.437034058121494
2025-09-18 08:00:00,0.879081082497737,23.43993581439433
2025-09-18 09:00:00,1.411923439398811,22.103176854860823
2025-09-18 10:00:00,1.696033258580451,24.423505249671933
2025-09-18 11:00:00,1.8793966243675766,25.653259529285663
2025-09-18 12:00:00,2.064506554350334,24.902582960977387
2025-09-18 13:00:00,1.8413214002236002,21.823077391006574
2025-09-18 14:00:00,1.4172995700841504,14.697040432431361
2025-09-18 15:00:00,1.3038434260484861,16.161017724159414
2025-09-18 16:00:00,0.8055180720513384,16.589784404910013
2025-09-18 17:00:00,0.5175861099485963,21.62542108375776
2025-09-18 18:00:00,0.2194873490182807,30.547252859397727
2025-09-18 19:00:00,0.5616135521744603,24.57866540544201
2025-09-18 20:00:00,0.8904575129250786,14.233910562093167
2025-09-18 21:00:00,1.1784544221676592,8.543502896484217
2025-09-18 22:00:00,1.4483821989445043,23.027079952867183
2025-09-18 23:00:00,1.861287751444924,19.23808105978206
2025-09-19 00:00:00,2.1314461714021236,23.445879400439097
2025-09-19 01:00:00,1.8686532193218404,22.371705164773214
2025-09-19 02:00:00,1.929883350779407,15.759586395380627
2025-09-19 03:00:00,1.3011348757843664,19.56110857070055
2025-09-19 04:00:00,0.902915506607489,18.994571565543183
2025-09-19 05:00:00,0.6865353727923373,17.237810113655485
2025-09-19 06:00:00,0.5295520361517575,23.871357891956
2025-09-19 07:00:00,0.3332319919028495,14.599586414117582
2025-09-19 08:00:00,0.7162913742671547,22.011948444942746
2025-09-19 09:00:00,0.925136673910543,15.467348958163292
2025-09-19 10:00:00,1.4556110634277573,19.645463594591497
2025-09-19 11:00:00,2.013221980775417,21.098914450210867
2025-09-19 12:00:00,1.9740547970485278,12.612340757083857
2025-09-19 13:00:00,2.015464568094432,9.914846207551012
2025-09-19 14:00:00,1.8083205340518864,20.55657618463706
2025-09-19 15:00:00,1.5383628459454162,20.85098771152029
2025-09-19 16:00:00,1.1604936837672577,12.269105492370322
2025-09-19 17:00:00,0.6956834481848029,26.653104164845203
2025-09-19 18:00:00,0.5342323208597056,26.738262217400013
2025-09-19 19:00:00,0.4643067917253914,15.275369408979376
2025-09-19 20:00:00,0.49688627813565384,21.858248130924963
2025-09-19 21:00:00,0.8224302671528225,21.477398887990425
2025-09-19 22:00:00,1.1186131701513913,22.3440499609698
2025-09-19 23:00:00,1.3584157087839916,19.05343828460994
2025-09-20 00:00:00,1.927954368426164,17.887808297711253
2025-09-20 01:00:00,1.8913707029236397,21.75183254308493
2025-09-20 02:00:00,1.8837805199816953,17.54691986693706
2025-09-20 03:00:00,1.5421533350164918,21.02877421576275
2025-09-20 04:00:00,1.143418815367866,26.033196006024227
2025-09-20 05:00:00,0.9692227692915143,17.48747411985355
2025-09-20 06:00:00,0.68827587103441,25.547225965872908
2025-09-20 07:00:00,0.37069234999178474,20.104184571010116
2025-09-20 08:00:00,0.38731999288192687,17.58232785710328
2025-09-20 09:00:00,0.6914602387259892,15.80710673480091
2025-09-20 10:00:00,0.9846090265684851,15.654253646627112
2025-09-20 11:00:00,1.478789084122593,21.92212510582213
2025-09-20 12:00:00,1.6843634741923572,24.36064360534842
2025-09-20 13:00:00,2.014201716838264,14.63253470900953
2025-09-20 14:00:00,2.0926287770696956,14.73607284390144
2025-09-20 15:00:00,1.9079943490924773,18.463359291001705
2025-09-20 16:00:00,1.4687597494507993,16.098305436899274
2025-09-20 17:00:00,1.1059062980734018,17.803774672225458
2025-09-20 18:00:00,0.7810900770159015,16.9832162708287
2025-09-20 19:00:00,0.48492638884190226,17.881089468665888
2025-09-20 20:00:00,0.2680684550708141,19.177655106634035
2025-09-20 21:00:00,0.6846542030968729,22.05501628048055
2025-09-20 22:00:00,0.9171888050458692,26.106282992858148
2025-09-20 23:00:00,1.2485576657137327,17.011913686996895
2025-09-21 00:00:00,1.7897912116269454,17.605467241959715
2025-09-21 01:00:00,1.8382429613428848,11.894084203091422
2025-09-21 02:00:00,2.1430573909486528,28.524388048085484
2025-09-21 03:00:00,1.8049503499327069,21.712277108018547
2025-09-21 04:00:00,1.6582314088577883,17.472592165723242
2025-09-21 05:00:00,1.1597862327503372,23.236118975782624
2025-09-21 06:00:00,0.8483947122790572,24.767728230043645
2025-09-21 07:00:00,0.5955636244246113,15.098401146704388
2025-09-21 08:00:00,0.28356179376480317,23.35306616296333
2025-09-21 09:00:00,0.3203163765698336,22.093096808768582
2025-09-21 10:00:00,0.5967281588999818,22.535936628976415
2025-09-21 11:00:00,1.2025549713164658,22.147253776679715
2025-09-21 12:00:00,1.5931329976319921,27.740795160788622
2025-09-21 13:00:00,1.927819802147413,17.819397566362646
2025-09-21 14:00:00,1.8298253842379482,19.22829770648628
2025-09-21 15:00:00,1.9723732069329756,13.973771584940113
2025-09-21 16:00:00,1.7383758193432792,22.564225591447155
2025-09-21 17:00:00,1.5619259559132428,20.17434467994953
2025-09-21 18:00:00,0.9386703578048271,19.340118330633594
2025-09-21 19:00:00,0.5823276466226848,16.70705481229387
2025-09-21 20:00:00,0.5460991473339514,8.37193873574627
2025-09-21 21:00:00,0.4895631344179149,28.921998070697036
2025-09-21 22:00:00,0.6333706804079979,19.284179351496906
2025-09-21 23:00:00,0.8956398535824315,15.466224544818242
2025-09-22 00:00:00,1.3522348354650986,22.160431742546436
2025-09-22 01:00:00,1.7445741564340314,24.692726464036898
2025-09-22 02:00:00,1.9005934966824993,15.267592844420385
2025-09-22 03:00:00,2.04661596586271,17.40235466657587
2025-09-22 04:00:00,1.8282908763152295,19.744617531416367
2025-09-22 05:00:00,1.477033923206809,18.23961086220115
2025-09-22 06:00:00,1.0899889300054975,18.930205843499994
2025-09-22 07:00:00,2.2029733610756965,84.72304231158087
2025-09-22 08:00:00,0.4177010684997519,22.05757446256224
2025-09-22 09:00:00,0.5181692865842498,18.256274543008946
2025-09-22 10:00:00,0.5248621273370636,15.120722089324117
2025-09-22 11:00:00,0.816494368239493,24.859421185803917
2025-09-22 12:00:00,1.1708205604169262,13.621959092440305
2025-09-22 13:00:00,1.7196187485310315,22.042660762115613
2025-09-22 14:00:00,1.7668439418516177,12.780128418184784
2025-09-22 15:00:00,2.0615830501754218,32.531469212958854
2025-09-22 16:00:00,1.9114691020636345,20.339209634162625
2025-09-22 17:00:00,1.5868539363720449,12.850446709702172
2025-09-22 18:00:00,1.4197040601256512,17.506122495085613
2025-09-22 19:00:00,0.8169035096891736,17.323854040935622
2025-09-22 20:00:00,0.38302098247502114,18.237738555386528
2025-09-22 21:00:00,0.3590140574387455,24.007853666719356
2025-09-22 22:00:00,0.3276308938048388,27.331757023740302
2025-09-22 23:00:00,0.6620667099141716,21.745211403035245
2025-09-23 00:00:00,0.7398304853011531,22.564281232736292
2025-09-23 01:00:00,1.4288444732444356,22.91804972668869
2025-09-23 02:00:00,1.848887329037542,13.615209156543195
2025-09-23 03:00:00,1.892457538514992,23.968509765099665
2025-09-23 04:00:00,1.9113581406134355,20.545604564633443
2025-09-23 05:00:00,1.8854880869772561,15.988537994912472
2025-09-23 06:00:00,1.4891008807575474,18.367696602531225
2025-09-23 07:00:00,1.0503927938471254,15.304035458763796
2025-09-23 08:00:00,0.48813200247653243,18.87657005234847
2025-09-23 09:00:00,1.8997744588105427,81.16849884008347
2025-09-23 10:00:00,0.30243212247402934,17.10474223983172
2025-09-23 11:00:00,0.6083905482722924,26.497560178734943
2025-09-23 12:00:00,0.8814088220675163,14.474100185299191
2025-09-23 13:00:00,1.2035241266921086,23.977522095664344
2025-09-23 14:00:00,1.6171003056486901,24.27117435002038
2025-09-23 15:00:00,1.9896821759305314,22.388674151557495
2025-09-23 16:00:00,2.0303197211152955,21.692081610452124
2025-09-23 17:00:00,1.8186515265092276,16.22377113305624
2025-09-23 18:00:00,1.642810609593911,14.064691611566023
2025-09-23 19:00:00,1.1231770155314416,19.734788675830924
2025-09-23 20:00:00,0.6963701317145468,24.58299160824616
2025-09-23 21:00:00,0.4835533187951324,30.56323235899786
2025-09-23 22:00:00,0.41028562994383916,25.922595174311667
2025-09-23 23:00:00,0.6372289810190964,23.661247659249007
2025-09-24 00:00:00,0.6461849343125782,20.307281140991396
2025-09-24 01:00:00,1.2359467959813502,27.87811442898481
2025-09-24 02:00:00,1.46212044963718,17.419433541562817
2025-09-24 03:00:00,1.7246680944595913,28.795852353083056
2025-09-24 04:00:00,2.0372656068036274,12.1386056727069
2025-09-24 05:00:00,1.9904291430863124,23.805199217740533
2025-09-24 06:00:00,1.7696532928427782,14.386348845731236
2025-09-24 07:00:00,1.4128555873206246,23.771141528416397
2025-09-24 08:00:00,1.104761642470741,19.951205554369977
2025-09-24 09:00:00,0.7641929458000369,19.605003763659845
2025-09-24 10:00:00,0.6365886100454454,32.39591489153456
2025-09-24 11:00:00,0.4639725451052923,22.09258764766849
2025-09-24 12:00:00,0.3408940696015255,21.546401070913458
2025-09-24 13:00:00,0.8906269434986489,23.36791950377852
2025-09-24 14:00:00,1.3709695879144035,18.515967240327516
2025-09-24 15:00:00,1.932987911890197,20.407954409410475
2025-09-24 16:00:00,1.9583777803766562,22.682399100840826
2025-09-24 17:00:00,1.9730634859340401,18.247710909781503
2025-09-24 18:00:00,1.7590759405242427,23.27277200790719
2025-09-24 19:00:00,1.4136491193742804,19.129909633578507
2025-09-24 20:00:00,1.0796311005246317,19.847535817872487
2025-09-24 21:00:00,0.7679003101605407,14.114566302120224
2025-09-24 22:00:00,1.9871806074739728,78.87868869239345
2025-09-24 23:00:00,0.4084205670648057,16.198835244889313
2025-09-25 00:00:00,0.4581342614226611,18.53310448098706
2025-09-25 01:00:00,0.7324142408775601,18.362676352007597
2025-09-25 02:00:00,1.1911234770408858,15.206821049611154
2025-09-25 03:00:00,1.656618954465926,14.497439525956509
2025-09-25 04:00:00,1.9147594370848844,17.549408814867903
2025-09-25 05:00:00,2.2847391257836858,27.42385038028651
2025-09-25 06:00:00,1.8450026662581624,22.493148592906515
2025-09-25 07:00:00,1.8465621149045153,23.60122513048732
2025-09-25 08:00:00,1.3219773470957377,15.729718793028395
2025-09-25 09:00:00,0.8717388609074862,23.895200655548983
2025-09-25 10:00:00,0.47080780062732436,17.691020887200803
2025-09-25 11:00:00,0.3822329760827554,19.24109211805016
2025-09-25 12:00:00,0.5058641594955404,23.65354168718099
2025-09-25 13:00:00,0.5914323859571657,18.28359394836231
2025-09-25 14:00:00,1.0056972013321288,24.396647313443346
2025-09-25 15:00:00,1.409158554310137,20.016040101839575
2025-09-25 16:00:00,1.7086158332576393,26.82710127627159
2025-09-25 17:00:00,2.1823525568428543,17.133021414770404
2025-09-25 18:00:00,1.8813903227849103,16.467722192587622
2025-09-25 19:00:00,1.730030792096061,16.974149845011986
2025-09-25 20:00:00,1.6013098249657716,13.97035983982375
2025-09-25 21:00:00,0.966245970418845,13.107276610493471
2025-09-25 22:00:00,0.8133567515509311,14.375738334192075
2025-09-25 23:00:00,0.5080553427043448,11.324171065496166
2025-09-26 00:00:00,0.33873103455716647,23.852518374998645
2025-09-26 01:00:00,0.6839333838000434,17.590677526598558
2025-09-26 02:00:00,0.8738995918680174,23.192953917202324
2025-09-26 03:00:00,1.2563498836915576,20.19243842958733
2025-09-26 04:00:00,1.7971396560397557,21.735989215665498
2025-09-26 05:00:00,3.299872735592103,71.14568566861732
2025-09-26 06:00:00,1.9850350327449633,18.637638575211703
2025-09-26 07:00:00,2.046199229879592,9.472973433969267
2025-09-26 08:00:00,1.922975050195749,31.72211168663937
2025-09-26 09:00:00,1.0949905033339988,19.030925033410977
2025-09-26 10:00:00,0.7021347585202374,5.104251672091415
2025-09-26 11:00:00,0.43689227678640247,10.620919523553333
2025-09-26 12:00:00,0.3491757754762398,13.088959312332346
2025-09-26 13:00:00,0.4225728618430694,27.322847038502186
2025-09-26 14:00:00,0.7342095008012799,23.25567590818413
2025-09-26 15:00:00,1.0308707439599676,20.66295321152497
2025-09-26 16:00:00,1.3417299624470578,18.061988706480687
2025-09-26 17:00:00,2.057146495929806,25.39677405552402
2025-09-26 18:00:00,1.9253356447151284,15.929260617388106
2025-09-26 19:00:00,1.9596886553135324,34.96566636682336
2025-09-26 20:00:00,1.5455538085643066,18.420761471988342
2025-09-26 21:00:00,1.3394293358128684,16.67033698288883
2025-09-26 22:00:00,1.0482638127416775,11.79993637810367
2025-09-26 23:00:00,0.6184376484544025,19.175706510353372
2025-09-27 00:00:00,0.5118708959195383,25.835925387588528
2025-09-27 01:00:00,0.36084467103390094,15.979339169101635
2025-09-27 02:00:00,2.2521409490009647,84.49616661996947
2025-09-27 03:00:00,0.8265959886256,11.925725124011244
2025-09-27 04:00:00,1.3821458455132176,15.990645529925018
2025-09-27 05:00:00,1.7735126884648964,23.85022625089411
2025-09-27 06:00:00,2.1441491721250148,13.474654775321678
2025-09-27 07:00:00,1.9219032402787222,19.969754200424003
2025-09-27 08:00:00,1.9625412258590897,21.306282077496547
2025-09-27 09:00:00,1.5624825287600186,27.06371881142786
2025-09-27 10:00:00,1.3652753794150476,21.472630509750225
2025-09-27 11:00:00,0.8477777146152332,23.36873128592092
2025-09-27 12:00:00,0.5286715868353085,16.051939435712413
2025-09-27 13:00:00,0.4833128567695373,17.321871231745245
2025-09-27 14:00:00,0.2533783924841067,17.965086391886565
2025-09-27 15:00:00,0.7053408745347993,19.870925284946953
2025-09-27 16:00:00,1.3214175432700168,12.58113972437742
2025-09-27 17:00:00,1.4806171244134938,15.102863497968858
2025-09-27 18:00:00,1.7239274629593035,12.813720338918415
2025-09-27 19:00:00,1.9660593512080036,22.23239401777398
2025-09-27 20:00:00,1.891136266715844,24.285912631071945
2025-09-27 21:00:00,1.5599204314685047,14.613369448993772
2025-09-27 22:00:00,1.2253590509257677,21.00082639536352
2025-09-27 23:00:00,0.9290931669245123,15.634494924604601
2025-09-28 00:00:00,0.5295409169533111,15.927111850207002
2025-09-28 01:00:00,0.2596597696238979,24.183993920491556
2025-09-28 02:00:00,0.5874063765675167,22.895229895809788
2025-09-28 03:00:00,0.7823167481031232,12.562433013264462
2025-09-28 04:00:00,0.9536049721201472,15.519785564882
2025-09-28 05:00:00,1.4888056027287693,15.90218989305585
2025-09-28 06:00:00,1.7847213873559604,20.637212603810227
2025-09-28 07:00:00,1.9987050918937626,22.059046018956113
2025-09-28 08:00:00,1.8432673718990569,12.018698563000394
2025-09-28 09:00:00,1.8631655379749377,23.66821787314254
2025-09-28 10:00:00,1.4293696598475156,18.964241222161252
2025-09-28 11:00:00,0.9789106976887846,10.758858601449198
2025-09-28 12:00:00,0.5839576057086195,27.272427323708513
2025-09-28 13:00:00,0.4454288458752599,12.517310895437397
2025-09-28 14:00:00,0.2636053082457871,19.108307041159904
2025-09-28 15:00:00,0.5731575098038741,15.999059047162916
2025-09-28 16:00:00,0.7642017708796682,21.964634962262394
2025-09-28 17:00:00,1.0975686792951933,20.454546585025664
2025-09-28 18:00:00,1.6873929320072993,20.91259377531939
2025-09-28 19:00:00,1.9063434609402174,19.945641771952452
2025-09-28 20:00:00,2.076662047494747,18.051430067036584
2025-09-28 21:00:00,1.7413449180104281,22.9480227411038
2025-09-28 22:00:00,1.6943124348299223,30.92835979254658
2025-09-28 23:00:00,1.23661223855417,26.192265270555435
2025-09-29 00:00:00,0.7673237625414162,25.52867692939421
2025-09-29 01:00:00,0.5053421230697914,31.479946668538663
2025-09-29 02:00:00,0.4033042984550626,16.919189797197305
2025-09-29 03:00:00,1.9923554288095269,79.91789697836886
2025-09-29 04:00:00,0.7118761489001979,17.948923031076184
2025-09-29 05:00:00,1.048323074832986,17.848081238965587
2025-09-29 06:00:00,1.5105067401501597,23.606429132083175
2025-09-29 07:00:00,1.75164195876131,15.57158907309611
2025-09-29 08:00:00,2.1025954288498876,14.651217948704193
2025-09-29 09:00:00,1.9578487744508928,25.78968941648995
2025-09-29 10:00:00,1.4553667950579612,17.753079445965618
2025-09-29 11:00:00,1.3544953364190173,21.663655750569202
2025-09-29 12:00:00,0.8666353595479883,15.33350274045172
2025-09-29 13:00:00,0.48327997226352987,19.726738688927817
2025-09-29 14:00:00,1.8709176795758158,83.19470169453464
2025-09-29 15:00:00,0.5306589870921675,24.823950234815005
2025-09-29 16:00:00,0.6857878778062902,22.700761679063273
2025-09-29 17:00:00,0.8280259216896592,8.863666756142944
2025-09-29 18:00:00,1.452029076385823,28.26233790286397
2025-09-29 19:00:00,1.757006400892232,18.955076769379076
2025-09-29 20:00:00,1.9825704357385476,12.947713461595185
2025-09-29 21:00:00,1.8457155219953265,22.74531860774078
2025-09-29 22:00:00,1.8588365086055767,15.329123799271265
2025-09-29 23:00:00,1.3682577646088587,15.153613964460742
2025-09-30 00:00:00,1.0986431825483318,17.160187075278714
2025-09-30 01:00:00,0.7303309318846503,5.1405304869663215
2025-09-30 02:00:00,0.6286715735821047,22.931172128190518
2025-09-30 03:00:00,0.45839247717932047,16.985496668997296
2025-09-30 04:00:00,0.5166606121529304,22.548755913723358
2025-09-30 05:00:00,1.1059002272685199,25.52410654069754
2025-09-30 06:00:00,1.087310518219604,21.56691427276622
2025-09-30 07:00:00,1.6978593840314948,20.466650231488508
2025-09-30 08:00:00,1.7936343227883433,10.47949396654528
2025-09-30 09:00:00,1.9619352264322667,25.161916563894998
2025-09-30 10:00:00,1.9094282597372787,20.331551818711542
2025-09-30 11:00:00,1.6150362229881572,25.34798929924864
2025-09-30 12:00:00,1.216483914896946,24.047930113255084
2025-09-30 13:00:00,0.8760587696429022,18.059829753822445
2025-09-30 14:00:00,0.6129939416765986,23.912143299960245
2025-09-30 15:00:00,0.46388214731540345,19.266671362473296
2025-09-30 16:00:00,0.48170471770429485,25.389323262661797
2025-09-30 17:00:00,0.6204499797916974,18.136303990946086
2025-09-30 18:00:00,1.1749963098808998,18.716157313546933
2025-09-30 19:00:00,1.2362249736498416,18.692596808758893
2025-09-30 20:00:00,1.7386862213757655,22.03763255685613
2025-09-30 21:00:00,2.073649820245413,18.92883246825744
2025-09-30 22:00:00,2.0114501236654303,14.465690993273801
2025-09-30 23:00:00,1.721205374614919,23.080457382320102
2025-10-01 00:00:00,1.4606926851065416,25.656534106880024
2025-10-01 01:00:00,1.0048004379755628,26.422161031174127
2025-10-01 02:00:00,0.8435392313561235,10.998672225847356
2025-10-01 03:00:00,0.3722355146124711,22.805683013454363
2025-10-01 04:00:00,0.6059920677930494,26.19126428502235
2025-10-01 05:00:00,0.6505481271451251,12.8231811934727
2025-10-01 06:00:00,0.8232205236061064,29.62390824196632
2025-10-01 07:00:00,1.1103200607080597,21.52867709365798
2025-10-01 08:00:00,1.638449515203803,23.73938816684545
2025-10-01 09:00:00,1.8058561087729978,25.391648188231983
2025-10-01 10:00:00,2.1016908256552638,12.492490047486601
2025-10-01 11:00:00,1.752925529442912,19.416689933099732
2025-10-01 12:00:00,1.7113095511818284,14.212871708614816
2025-10-01 13:00:00,1.1677622556070406,14.950334970656508
2025-10-01 14:00:00,0.8371306226267523,15.897073998081444
2025-10-01 15:00:00,0.5573625431529016,22.4801130946701
2025-10-01 16:00:00,1.9600155682494065,77.8354167978252
2025-10-01 17:00:00,0.46273435487314574,23.049266202165384
2025-10-01 18:00:00,0.6049846217452297,20.548097422929267
2025-10-01 19:00:00,1.0863275477300973,22.63142382906219
2025-10-01 20:00:00,1.6216005475477975,17.787446595479807
2025-10-01 21:00:00,1.7457718753537015,26.827612485745163
2025-10-01 22:00:00,1.9705317012386192,20.66431944041396
2025-10-01 23:00:00,1.8143136838141722,21.069736821326497
2025-10-02 00:00:00,1.7787695687254026,22.949353220770547
2025-10-02 01:00:00,1.3029156160257938,12.306943417045625
2025-10-02 02:00:00,1.1342661198409103,26.337083082896413
2025-10-02 03:00:00,0.6123693893675913,23.3749881606451
2025-10-02 04:00:00,0.5533024598776104,17.261755746356773
2025-10-02 05:00:00,0.4561313846718236,18.334573757538525
2025-10-02 06:00:00,0.5396394336138617,20.865227233668474
2025-10-02 07:00:00,0.9501501748198198,14.801621394527126
2025-10-02 08:00:00,1.3854248226267973,15.399890924722214
2025-10-02 09:00:00,1.8404001430471724,17.21559361581433
2025-10-02 10:00:00,2.0602983242571864,15.1171408587679
2025-10-02 11:00:00,2.057556448618014,16.52438540198321
2025-10-02 12:00:00,1.9235641824388026,29.494559549129605
2025-10-02 13:00:00,1.7688380124175955,17.16396751465777
2025-10-02 14:00:00,1.1288701774697576,17.439055230857967
2025-10-02 15:00:00,0.8856230301266709,19.132995414724817
2025-10-02 16:00:00,0.3901563325586339,13.811310949983742
2025-10-02 17:00:00,0.47197759455513993,19.820417472752663
2025-10-02 18:00:00,2.0544418843563435,80.33964196859718
2025-10-02 19:00:00,0.9029179658893499,19.416395996441555
2025-10-02 20:00:00,1.3042765783181884,18.005810262660034
2025-10-02 21:00:00,1.6240870053492855,25.0227180278046
2025-10-02 22:00:00,1.8065623015538466,20.800691232156474
2025-10-02 23:00:00,1.9472440923450751,18.258169597142867
2025-10-03 00:00:00,1.8919737221110486,19.17578928009536
2025-10-03 01:00:00,1.636967701597094,24.22810898994755
2025-10-03 02:00:00,1.2853105589688227,15.417459905008773
2025-10-03 03:00:00,1.0655398019332911,25.029661807502755
2025-10-03 04:00:00,0.36924384158139195,12.618647779782641
2025-10-03 05:00:00,0.2477188708420415,19.51648329900649
2025-10-03 06:00:00,0.46572282468487813,15.070087519568972
2025-10-03 07:00:00,0.6307343739355284,17.692499951938053
2025-10-03 08:00:00,0.9724696121808608,26.84146784126756
2025-10-03 09:00:00,1.4033673569218608,24.958149189434195
2025-10-03 10:00:00,1.7027316709541016,16.017368812918868
2025-10-03 11:00:00,1.9623804507018907,22.70270589294553
2025-10-03 12:00:00,1.9889179121881337,14.317503533789658
2025-10-03 13:00:00,1.9374828840931138,19.357920493546246
2025-10-03 14:00:00,1.4800530335100153,22.342844651598043
2025-10-03 15:00:00,1.0711079501520815,19.269202609291668
2025-10-03 16:00:00,0.70717202800642,20.2875204926914
2025-10-03 17:00:00,0.4576266789479411,28.384722918089125
2025-10-03 18:00:00,0.4473846843652318,21.797752452031283
2025-10-03 19:00:00,0.6896530974230438,19.685856906016912
2025-10-03 20:00:00,0.9948196574912643,17.47897873674539
2025-10-03 21:00:00,1.2687322009577982,26.208514889517662
2025-10-03 22:00:00,1.5503828584141701,13.391268526707671
2025-10-03 23:00:00,2.1125905467657415,22.4986043834462
2025-10-04 00:00:00,2.0482650249715855,19.557960869348573
2025-10-04 01:00:00,1.9885113323928787,22.179889453995127
2025-10-04 02:00:00,1.7674220765648676,23.264803026894157
2025-10-04 03:00:00,1.142929641041767,14.489582990526575
2025-10-04 04:00:00,0.7743905683921576,14.001361823224947
2025-10-04 05:00:00,0.5236120767886285,21.101451898217448
2025-10-04 06:00:00,0.36102555135755354,18.194767737197434
2025-10-04 07:00:00,0.5744773759578918,16.825822366044527
2025-10-04 08:00:00,0.7495095792079918,16.892128860793935
2025-10-04 09:00:00,1.1217778371747718,26.503706858149634
2025-10-04 10:00:00,1.4478872746688682,26.542019030374462
2025-10-04 11:00:00,1.8223785937280146,18.982789834702977
2025-10-04 12:00:00,1.8731242731010451,15.741131272528953
2025-10-04 13:00:00,1.8472786651211788,13.009983735596343
2025-10-04 14:00:00,1.769279627636429,27.78664849299688
2025-10-04 15:00:00,1.3943906709778564,18.23157898364721
2025-10-04 16:00:00,1.002011073960887,22.318218850952945
2025-10-04 17:00:00,0.5925212163893286,11.173818532561096
2025-10-04 18:00:00,0.31063157528444263,15.098556410643775
2025-10-04 19:00:00,0.4478941713148514,18.388392874494254
2025-10-04 20:00:00,0.5916851864987602,20.89759998911866
2025-10-04 21:00:00,0.9654204233895333,15.823304994782696
2025-10-04 22:00:00,1.4438609481124425,19.856369214692776
2025-10-04 23:00:00,1.6493213294534967,20.708608581179668
2025-10-05 00:00:00,1.8435167882679235,28.58537140484358
2025-10-05 01:00:00,1.9803380250188933,21.321143750540262
2025-10-05 02:00:00,1.825779624303344,22.64250677804276
2025-10-05 03:00:00,1.6433130059532701,19.39642085982669
2025-10-05 04:00:00,1.1279270767571177,19.890591973512546
2025-10-05 05:00:00,0.6667409555892122,20.729403381877905
2025-10-05 06:00:00,0.4684034509283555,19.27823072341473
2025-10-05 07:00:00,0.3648371937754565,24.399731382958336
2025-10-05 08:00:00,0.5288302252263439,14.818110754539624
2025-10-05 09:00:00,0.7240416882277596,26.848071437064668
2025-10-05 10:00:00,1.2965502402574536,17.699627166271757
2025-10-05 11:00:00,1.5329843837632897,17.709894127372444
2025-10-05 12:00:00,1.970367682532197,17.04787572376925
2025-10-05 13:00:00,2.0707402932092713,24.344535865434622
2025-10-05 14:00:00,2.059434654104221,12.994327647204322
2025-10-05 15:00:00,1.7765799375136997,17.95483299494036
2025-10-05 16:00:00,1.456409489297407,28.871975370041916
2025-10-05 17:00:00,0.9068034497322807,18.406967085528947
2025-10-05 18:00:00,0.3332631615005326,19.21070336548986
2025-10-05 19:00:00,0.31981909046531876,16.056018571288377
2025-10-05 20:00:00,0.410263529868957,15.90530377101749
2025-10-05 21:00:00,0.6435993139761514,21.89022482090621
2025-10-05 22:00:00,1.022810185649472,12.663082013977458
2025-10-05 23:00:00,1.4896957746450097,11.842436018802916
2025-10-06 00:00:00,1.9482836265636783,19.461649042774656
2025-10-06 01:00:00,2.1855972511390984,4.074120785953504
2025-10-06 02:00:00,2.0205942154427694,27.797675289622664
2025-10-06 03:00:00,1.7692242551512203,13.112339004365351
2025-10-06 04:00:00,1.2968722336044523,18.511285417406206
2025-10-06 05:00:00,1.0248384071473684,20.73016778371182
2025-10-06 06:00:00,0.6494932322228093,12.931959742248935
2025-10-06 07:00:00,0.478350061146068,23.09442845443934
2025-10-06 08:00:00,0.35877479800097234,22.908807032115902
2025-10-06 09:00:00,0.5573899159497722,8.956602397965213
2025-10-06 10:00:00,1.0282813789832634,28.579988226193013
2025-10-06 11:00:00,1.3406687968483764,22.29260965893286
2025-10-06 12:00:00,1.762509315649349,15.805517871673883
2025-10-06 13:00:00,3.3466920920406786,84.09503039875239
2025-10-06 14:00:00,1.90716191018222,18.62882668798832
2025-10-06 15:00:00,1.9626771605253202,27.94266625565912
2025-10-06 16:00:00,1.5755472500058965,20.969756117198838
2025-10-06 17:00:00,1.1369545741687233,17.099579955861195
2025-10-06 18:00:00,0.8589193084733061,18.683217455549787
2025-10-06 19:00:00,0.46777699327186273,21.690739299355407
2025-10-06 20:00:00,0.4713145984687832,19.126510328420615
2025-10-06 21:00:00,0.5177029449634545,22.9950361339643
2025-10-06 22:00:00,0.7572528421842075,14.884780670086105
2025-10-06 23:00:00,1.2395117731541716,23.270857905586837
2025-10-07 00:00:00,1.4570611769703639,29.542344808280323
2025-10-07 01:00:00,1.7439164896376995,23.461079930776336
2025-10-07 02:00:00,1.9472557663403316,16.758344992415815
2025-10-07 03:00:00,2.022187906098986,27.330667715635236
2025-10-07 04:00:00,1.8346625678782702,22.013211261623592
2025-10-07 05:00:00,1.1926746827479147,21.85095909265341
2025-10-07 06:00:00,0.857153514518695,19.869097326308484
2025-10-07 07:00:00,0.5738771748007341,26.5983201684802
2025-10-07 08:00:00,0.48124924291016363,21.884255587118492
2025-10-07 09:00:00,0.42412763331260556,26.31824641781428
2025-10-07 10:00:00,0.6612934845650027,19.52531912093884
2025-10-07 11:00:00,0.7484268239169158,22.530578386516318
2025-10-07 12:00:00,1.4662915232908882,21.66972646988649
2025-10-07 13:00:00,1.758705250165878,21.96946147122822
2025-10-07 14:00:00,2.1623457385342517,11.736048901122668
2025-10-07 15:00:00,1.9372206753064585,12.306772419470127
2025-10-07 16:00:00,1.9048289262711298,15.263605303035298
2025-10-07 17:00:00,1.5729155182029522,20.51544551721791
2025-10-07 18:00:00,0.9879251374620903,20.753088164889974
2025-10-07 19:00:00,0.5858672232613197,13.461023369107021
2025-10-07 20:00:00,0.5989511587711195,26.4523222626045
2025-10-07 21:00:00,0.3712388957655306,8.715011880568683
2025-10-07 22:00:00,0.6748889151520083,12.127510938515298
2025-10-07 23:00:00,0.8365532718827241,22.265858233802792
2025-10-08 00:00:00,1.0623499138762034,24.13876365489735
2025-10-08 01:00:00,1.5013447261122712,20.76713563396037
2025-10-08 02:00:00,1.6570418332467878,32.853568346223206
2025-10-08 03:00:00,2.028595428682154,19.460363670759314
2025-10-08 04:00:00,1.8873951981361539,26.159799244443576
2025-10-08 05:00:00,1.6170013765261966,23.514970289223736
2025-10-08 06:00:00,1.251043225084481,19.438520280892124
2025-10-08 07:00:00,0.8780933482047448,23.599099750390277
2025-10-08 08:00:00,0.6032169591944772,25.35710595446966
2025-10-08 09:00:00,0.5504699243372948,20.4977807388018
2025-10-08 10:00:00,0.46284193504801835,16.04077924049553
2025-10-08 11:00:00,0.6659958277570914,22.64505252229725
2025-10-08 12:00:00,1.0188860469199632,19.51334246558871
2025-10-08 13:00:00,1.2843426321118483,13.079461668689145
2025-10-08 14:00:00,1.7638264020082273,16.139182454367635
2025-10-08 15:00:00,2.0710184368814675,24.309582617815423
2025-10-08 16:00:00,2.0246200221730732,17.18902081482561
2025-10-08 17:00:00,1.806924259056281,16.57976835298419
2025-10-08 18:00:00,1.6512188004661585,16.209955643836402
2025-10-08 19:00:00,0.9234318199825818,13.241800550587044
2025-10-08 20:00:00,0.6605858505315562,26.22041089884511
2025-10-08 21:00:00,0.5795287751505442,20.62471392661952
2025-10-08 22:00:00,0.5714951784646607,17.52085102262619
2025-10-08 23:00:00,0.3880363124755226,7.261066731532605
2025-10-09 00:00:00,0.941205661783568,18.95617756438891
2025-10-09 01:00:00,1.312716779667946,19.719431469192507
2025-10-09 02:00:00,1.6041102494351676,24.746838052575384
2025-10-09 03:00:00,1.626034452007778,14.310478420782221
2025-10-09 04:00:00,1.9668043821669756,26.962323155784784
2025-10-09 05:00:00,1.9276143412314581,25.116311693083436
2025-10-09 06:00:00,1.6404991728729357,18.532435273636903
2025-10-09 07:00:00,1.0405445376843083,15.704227825956583
2025-10-09 08:00:00,0.8326259913104191,24.335802099139364
2025-10-09 09:00:00,0.5332152817675939,19.496019753123758
2025-10-09 10:00:00,0.40144734143309607,23.829838159716633
2025-10-09 11:00:00,0.506965441979381,21.42025718239148
2025-10-09 12:00:00,0.7162678642308945,32.884371505969234
2025-10-09 13:00:00,1.0945966727219005,24.062790315142117
2025-10-09 14:00:00,1.5207505597041855,20.138003675738812
2025-10-09 15:00:00,1.8824527092685952,16.810041339942007
2025-10-09 16:00:00,1.9328963198232434,31.45305926105543
2025-10-09 17:00:00,1.9455971527115035,11.266500868416523
2025-10-09 18:00:00,1.7615237771106702,24.92308911286532
2025-10-09 19:00:00,1.3857336388721855,25.11053975365592
2025-10-09 20:00:00,0.9047792077071188,12.782662176794222
2025-10-09 21:00:00,0.5035274748863339,29.889402853747463
2025-10-09 22:00:00,0.28851731214217946,17.3867123097867
2025-10-09 23:00:00,0.5530346244919322,12.687858715211476
2025-10-10 00:00:00,0.5972964379873779,15.000724252087334
2025-10-10 01:00:00,1.1638298992048455,18.68272578651881
2025-10-10 02:00:00,1.2922644072953282,23.135342040779047
2025-10-10 03:00:00,3.032427935555867,86.551629080069
2025-10-10 04:00:00,3.460600088137843,80.61416771471801
2025-10-10 05:00:00,2.0630648604948125,27.039319143667484
2025-10-10 06:00:00,1.7297555456619784,17.31210743119755
2025-10-10 07:00:00,1.7863982250495591,21.341297723327877
2025-10-10 08:00:00,2.7769526831526883,79.92260685370174
2025-10-10 09:00:00,0.5791980674467,22.365206003765923
2025-10-10 10:00:00,0.5467416585856107,17.227267632755332
2025-10-10 11:00:00,0.2927840114592662,25.818905641402335
2025-10-10 12:00:00,0.6519592135720527,20.799723208388585
2025-10-10 13:00:00,0.953212831941308,24.266494859220842
2025-10-10 14:00:00,1.2405568805823244,24.507443123520762
2025-10-10 15:00:00,1.5016276555057473,17.425267405848878
2025-10-10 16:00:00,1.8428366085806895,19.23858034215803
2025-10-10 17:00:00,1.8691524012243674,24.371002100714236
2025-10-10 18:00:00,1.9372696617629568,25.670127101742573
2025-10-10 19:00:00,1.7926776824627109,20.10474290674213
2025-10-10 20:00:00,1.1555723055720235,21.611397076216836
2025-10-10 21:00:00,0.8289991044315402,23.398361382093068
2025-10-10 22:00:00,0.5467708367674123,16.411640471031685
2025-10-10 23:00:00,0.5097099179333584,19.38688165148714
2025-10-11 00:00:00,0.6762575793451636,22.09187818348429
2025-10-11 01:00:00,0.5595668439675661,22.322799478938606
2025-10-11 02:00:00,1.0473244823007115,26.53997984374736
2025-10-11 03:00:00,1.469321651842644,21.84001046661523
2025-10-11 04:00:00,1.6857091795617625,18.727326516702984
2025-10-11 05:00:00,2.1395424336518194,16.476463702222716
2025-10-11 06:00:00,1.8099970570697081,26.430258343285033
2025-10-11 07:00:00,1.7881270745228002,20.742115842452705
2025-10-11 08:00:00,1.4267652567005593,13.452083919307903
2025-10-11 09:00:00,1.193981896257923,16.774303468549
2025-10-11 10:00:00,0.6373936738424058,15.88133244480929
2025-10-11 11:00:00,0.4613125249965917,10.813855945125471
2025-10-11 12:00:00,0.44836899038388633,23.11663954934742
2025-10-11 13:00:00,0.5572327370650796,22.72754618347876
2025-10-11 14:00:00,0.8459610062865265,20.752253452180625
2025-10-11 15:00:00,1.466596190163403,25.053270926307665
2025-10-11 16:00:00,1.627284422564132,10.081359546899645
2025-10-11 17:00:00,1.9502771502571437,19.976683159468266
2025-10-11 18:00:00,2.0504410450917137,19.672261032753255
2025-10-11 19:00:00,1.7678320438769195,26.81135223712984
2025-10-11 20:00:00,1.4576325086037192,26.213116424673814
2025-10-11 21:00:00,2.631639899384416,76.58784348883457
2025-10-11 22:00:00,0.7783653333354857,16.73918119411931
2025-10-11 23:00:00,0.4787408234869496,14.806845554800173
2025-10-12 00:00:00,0.38041871176168973,23.8509385631828
2025-10-12 01:00:00,0.5419953886032245,26.495570050622838
2025-10-12 02:00:00,0.6811597297938613,17.544155945997872
2025-10-12 03:00:00,1.069982686002606,29.657120390475512
2025-10-12 04:00:00,1.64934264094395,15.815041537467714
2025-10-12 05:00:00,1.7339468689037063,23.49451925816141
2025-10-12 06:00:00,2.034904215114574,16.80501424542418
2025-10-12 07:00:00,2.1193769050578126,20.828041594807477
2025-10-12 08:00:00,1.6020736882046582,21.93308521862201
2025-10-12 09:00:00,1.2618153127239222,24.73568325672434
2025-10-12 10:00:00,0.9239229750901479,23.900215247224853
2025-10-12 11:00:00,0.6542613112523347,19.308240958802028
2025-10-12 12:00:00,0.4612607825735696,24.118829887274046
2025-10-12 13:00:00,0.5878335658674612,13.030810850153056
2025-10-12 14:00:00,0.6796367657592757,22.73191427418316
2025-10-12 15:00:00,0.9263879299052139,14.819774518053933
2025-10-12 16:00:00,1.511579908346742,21.758119852551218
2025-10-12 17:00:00,1.6237861093336075,25.11820660649342
2025-10-12 18:00:00,1.915544632823591,9.920461547294027
2025-10-12 19:00:00,2.0471931120630487,26.85690164638773
2025-10-12 20:00:00,1.7453178609263198,6.283960112070755
2025-10-12 21:00:00,1.6291111996219296,9.994713861317573
2025-10-12 22:00:00,1.0845582208109135,14.186356775021517
2025-10-12 23:00:00,0.6538715747819515,19.319366185142187
2025-10-13 00:00:00,0.6393560922544834,16.77836719738693
2025-10-13 01:00:00,0.45247076922898927,23.8053663272262
2025-10-13 02:00:00,0.6092464059704689,27.440024258388682
2025-10-13 03:00:00,0.6910589707642698,25.10643673219238
2025-10-13 04:00:00,1.0721423315574077,13.224452752532889
2025-10-13 05:00:00,1.445383740914496,25.441703137469396
2025-10-13 06:00:00,1.867956928143897,14.094374413726223
2025-10-13 07:00:00,1.8852555281519516,18.057462534522035
2025-10-13 08:00:00,1.761643682424731,15.878023639961361
2025-10-13 09:00:00,1.5271075735106867,13.790626628007841
2025-10-13 10:00:00,1.387248946455525,20.857207368262255
2025-10-13 11:00:00,0.873845465453116,27.620041071658136
2025-10-13 12:00:00,0.6354676413905253,12.453354974778943
2025-10-13 13:00:00,0.4937023673181216,15.491833403968533
2025-10-13 14:00:00,0.5173781342101709,24.265599946932117
2025-10-13 15:00:00,0.5555263278278953,22.82506823389559
2025-10-13 16:00:00,0.9515963118055242,22.6878722452647
2025-10-13 17:00:00,1.4526307843647888,23.286868196210406
2025-10-13 18:00:00,1.749793086366665,18.722038989046627
2025-10-13 19:00:00,1.9246822046502414,24.825708392598287
2025-10-13 20:00:00,1.8641938590565974,20.601836906932093
2025-10-13 21:00:00,1.6797976518341369,22.356620692374598
2025-10-13 22:00:00,1.3329009474583153,23.379949381514088
2025-10-13 23:00:00,0.9995595782264066,21.259251983385106
2025-10-14 00:00:00,0.6787902218276852,25.96001242006099
2025-10-14 01:00:00,0.3595865312798685,12.784701440504254
2025-10-14 02:00:00,0.4263205273474298,18.411494814844353
2025-10-14 03:00:00,0.584225653926399,21.891207181621578
2025-10-14 04:00:00,0.9587019061046825,20.87445357986518
2025-10-14 05:00:00,1.3283459523756083,19.563057336290957
2025-10-14 06:00:00,1.7476854610215935,23.47424229854899
2025-10-14 07:00:00,1.9556835064666396,18.963889124659346
2025-10-14 08:00:00,1.980340999274127,18.558472548826884
2025-10-14 09:00:00,1.8437026778091994,16.509468044875597
2025-10-14 10:00:00,1.468339005601572,19.497089174196198
2025-10-14 11:00:00,1.2184369410012252,27.05289155398006
2025-10-14 12:00:00,0.911259340129309,12.235663209685988
2025-10-14 13:00:00,0.5428451744788283,22.281794328106326
2025-10-14 14:00:00,0.46675189446107507,25.054496502242337
2025-10-14 15:00:00,0.49511690038792794,24.128231444009
2025-10-14 16:00:00,0.6152109450728909,21.33310007737195
2025-10-14 17:00:00,1.1736664711568339,20.11072520558315
2025-10-14 18:00:00,1.5832113364144482,23.619709841438368
2025-10-14 19:00:00,1.8641821869969377,18.197762673291894
2025-10-14 20:00:00,1.959195308392222,25.816324420418468
2025-10-14 21:00:00,1.9645064727536883,26.961574554768923
2025-10-14 22:00:00,1.5950884553483093,13.611158477349614
2025-10-14 23:00:00,1.3719114814773368,19.836101138711037
2025-10-15 00:00:00,0.9382346950606836,16.42252023737596
2025-10-15 01:00:00,0.5124709086332009,14.177362513424288
2025-10-15 02:00:00,0.31359725807770916,23.889013530587608
2025-10-15 03:00:00,0.33555586705690393,18.466172374790865
2025-10-15 04:00:00,0.4946558666072821,21.416214910085575
2025-10-15 05:00:00,0.9555140792440588,14.639354255615832
2025-10-15 06:00:00,1.2223190955820127,22.711879422201722
2025-10-15 07:00:00,1.6597562638860337,13.586551190576373
2025-10-15 08:00:00,1.9562615170806104,19.35507069818014
2025-10-15 09:00:00,1.979175684878362,15.672216423088585
2025-10-15 10:00:00,2.0181611687784753,16.030643965339245
2025-10-15 11:00:00,1.5668760608758643,17.26990758350923
2025-10-15 12:00:00,1.079546457390582,24.617304966394208
2025-10-15 13:00:00,0.9729815319582085,28.57255943864172
2025-10-15 14:00:00,0.3858169552475443,18.98178570959841
2025-10-15 15:00:00,0.5043965533597751,20.800159850845784
2025-10-15 16:00:00,0.5125098057853844,29.42985228896036
2025-10-15 17:00:00,0.9014007695774842,25.160408134996892
2025-10-15 18:00:00,1.3588482717553174,18.25417794305971
2025-10-15 19:00:00,1.4632605116484996,29.7768207302109
2025-10-15 20:00:00,1.9564605766557568,22.186249174291344
2025-10-15 21:00:00,2.2014624058819052,15.90378228718468
2025-10-15 22:00:00,1.8501628982496698,24.587869795715903
2025-10-15 23:00:00,1.8024243139622713,24.45038838148021
2025-10-16 00:00:00,1.2032476318258334,30.31791410276784
2025-10-16 01:00:00,0.7203688106438535,30.276254878267356
2025-10-16 02:00:00,0.4671846146902303,2.56518681634628
2025-10-16 03:00:00,0.5208029321565276,22.797819092315965
2025-10-16 04:00:00,0.41002979503194426,7.601742987938945
2025-10-16 05:00:00,0.5298646124689194,14.054480894519811
2025-10-16 06:00:00,1.0977194882072854,24.056241165019994
2025-10-16 07:00:00,1.5183692994830174,27.382408067121204
2025-10-16 08:00:00,1.9675897941655922,18.756486263824804
2025-10-16 09:00:00,2.0609845913036784,15.845975640967339
2025-10-16 10:00:00,1.9546232510635748,21.850613688358102
2025-10-16 11:00:00,1.8437221693902983,15.18843966627789
2025-10-16 12:00:00,1.4065417292266842,18.260358739923056
2025-10-16 13:00:00,1.0163112688537206,15.488692613023016
2025-10-16 14:00:00,0.6953983140055372,18.58229659108606
2025-10-16 15:00:00,0.5308004694709682,22.15769762557761
2025-10-16 16:00:00,0.4103628361392347,28.020650242802894
2025-10-16 17:00:00,0.5993795488424902,29.29262614511427
2025-10-16 18:00:00,0.8200695371931405,21.675304713312666
2025-10-16 19:00:00,1.1639081891094707,22.970103201956345
2025-10-16 20:00:00,1.550013284724677,21.536778747812612
2025-10-16 21:00:00,1.859264368104204,12.901754425237181
2025-10-16 22:00:00,1.9560630929613887,14.78265063126622
2025-10-16 23:00:00,1.9382115729414588,16.42127979522054
2025-10-17 00:00:00,1.588873941639844,21.058367609184558
2025-10-17 01:00:00,0.9720737382046523,6.822581280661817
2025-10-17 02:00:00,0.8355637317516361,11.081451405980626
2025-10-17 03:00:00,0.6261942029566321,22.649548986678923
2025-10-17 04:00:00,0.3423172685299293,19.624376844337615
2025-10-17 05:00:00,0.5274695700486096,18.64197253140834
2025-10-17 06:00:00,0.6647463215678948,20.27286421513528
2025-10-17 07:00:00,0.9771727224274237,12.13414120000506
2025-10-17 08:00:00,1.5655765722823045,15.886607734473571
2025-10-17 09:00:00,1.5845040263619188,22.98977125742351
2025-10-17 10:00:00,2.0621897613634337,26.18832024665923
2025-10-17 11:00:00,1.9389794799067535,16.621957739397054
2025-10-17 12:00:00,1.7429674653631906,20.491335978691257
2025-10-17 13:00:00,1.3958607582954699,16.441355557185293
2025-10-17 14:00:00,0.972200923577615,25.784364815732253
2025-10-17 15:00:00,0.6270071846973312,29.902281591587226
2025-10-17 16:00:00,0.37299463614625794,15.10652418187463
2025-10-17 17:00:00,1.8598976624345414,82.05641546071803
2025-10-17 18:00:00,0.7223497771927136,10.541829479515233
2025-10-17 19:00:00,0.9678732507506843,17.710892487213613
2025-10-17 20:00:00,1.2373310553946677,16.56343020242659
2025-10-17 21:00:00,1.8355178519480495,16.75834640392495
2025-10-17 22:00:00,1.9591681199280282,18.84041896658557
2025-10-17 23:00:00,2.011114918757007,26.12102821698686
2025-10-18 00:00:00,1.85227579274355,24.44897566227368
2025-10-18 01:00:00,1.678510465891937,20.74303430519822
2025-10-18 02:00:00,0.9585715411501632,29.226017415177807
2025-10-18 03:00:00,0.766709340526647,20.6613394584597
2025-10-18 04:00:00,0.6592007185084036,23.18320061057147
2025-10-18 05:00:00,0.21903331399283912,15.544232178333992
2025-10-18 06:00:00,0.6633620932394407,16.256400769549625
2025-10-18 07:00:00,0.6593096915852517,21.419069039607752
2025-10-18 08:00:00,1.142570123767589,25.149853514950085
2025-10-18 09:00:00,1.4761576709856297,20.685275582387913
2025-10-18 10:00:00,1.8705158498179333,22.10209814615581
2025-10-18 11:00:00,2.0244385294806007,22.303745230970772
2025-10-18 12:00:00,1.9176284172079023,13.212810348231617
2025-10-18 13:00:00,1.6917311116283,19.441090613308067
2025-10-18 14:00:00,1.362350979338287,18.51953878163912
2025-10-18 15:00:00,0.9535771193987056,17.25116914298685
2025-10-18 16:00:00,0.6106235194399618,13.510672245261766
2025-10-18 17:00:00,0.3721427720391766,13.197609570248975
2025-10-18 18:00:00,0.4723592704600887,21.408310973559544
2025-10-18 19:00:00,0.6843545845938933,15.989350259295268
2025-10-18 20:00:00,1.0986782831884747,28.784393395427237
2025-10-18 21:00:00,1.3786738197864368,14.826083455948147
2025-10-18 22:00:00,1.9861659668414957,20.545737046344065
2025-10-18 23:00:00,1.912022483183758,14.161704947591167
2025-10-19 00:00:00,1.9449608462384438,13.237860552415786
2025-10-19 01:00:00,1.934192919427884,19.523875047790565
2025-10-19 02:00:00,1.4869998236187776,15.916704305156692
2025-10-19 03:00:00,1.041554033729662,19.939528448753272
2025-10-19 04:00:00,0.6582250518664154,23.938232938418285
2025-10-19 05:00:00,0.45084217588740516,4.792023674543437
2025-10-19 06:00:00,0.5003681014987704,10.987101788124212
2025-10-19 07:00:00,0.5681852583102742,20.559765726640542
2025-10-19 08:00:00,0.9626785036634566,20.030632746253204
2025-10-19 09:00:00,1.3378614975843481,11.210974112409042
2025-10-19 10:00:00,1.613656135873124,16.428235333520426
2025-10-19 11:00:00,1.813213769630804,24.955687929769795
2025-10-19 12:00:00,2.046767625866589,20.625113165236172
2025-10-19 13:00:00,1.8112708140140767,12.192212214542746
2025-10-19 14:00:00,1.640493705789456,16.215454757438298
2025-10-19 15:00:00,1.1760418353424413,20.278335612094907
2025-10-19 16:00:00,0.7868688834093913,26.864544242118274
2025-10-19 17:00:00,0.6487707298033204,5.051634864352421
2025-10-19 18:00:00,0.5237407354587733,19.803678987178863
2025-10-19 19:00:00,0.5470925529540346,21.280842990445773
2025-10-19 20:00:00,0.6154037583090958,19.463900912595403
2025-10-19 21:00:00,1.2172263894805657,17.23764448905486
2025-10-19 22:00:00,1.4050887328790926,8.123510615612217
2025-10-19 23:00:00,2.046582469433058,23.246025619485202
2025-10-20 00:00:00,1.8210968171231423,11.118275939660267
2025-10-20 01:00:00,1.857098053563513,19.527590488898657
2025-10-20 02:00:00,1.825532129271534,13.01889769746189
2025-10-20 03:00:00,1.3683803399756944,18.241819977525797
2025-10-20 04:00:00,0.8782459359205733,20.698617445280085
2025-10-20 05:00:00,0.6913493577790711,16.808513500733422
2025-10-20 06:00:00,2.005909033004526,81.18132404933738
2025-10-20 07:00:00,0.606381796679161,23.60863306088435
2025-10-20 08:00:00,0.545147978622512,18.099215520418586
2025-10-20 09:00:00,0.780510957447551,20.694178604263247
2025-10-20 10:00:00,1.2510832452810114,31.053621195312424
2025-10-20 11:00:00,1.8311793250141752,15.656071276753087
2025-10-20 12:00:00,2.0192457185840427,12.95018237352227
2025-10-20 13:00:00,2.0678412429665722,15.902240508658778
2025-10-20 14:00:00,1.9773414019180084,24.37979615585272
2025-10-20 15:00:00,1.503485951569611,20.830963074677687
2025-10-20 16:00:00,1.1691767846160805,14.790080139991666
2025-10-20 17:00:00,0.6522978111363303,26.610766399957217
2025-10-20 18:00:00,0.6234466345420386,16.411348355140653
2025-10-20 19:00:00,0.5646811773649176,20.00093853314297
2025-10-20 20:00:00,0.47292495529848644,21.90397935295692
2025-10-20 21:00:00,0.7899021911483919,16.810345919108073
2025-10-20 22:00:00,1.1851990068527511,29.302618662066042
2025-10-20 23:00:00,1.6828553914115125,17.56411520005366
2025-10-21 00:00:00,1.870802756743312,17.69061745545356
2025-10-21 01:00:00,1.9919866791279919,32.92211973579883
2025-10-21 02:00:00,1.9149652928616883,24.890810970174368
2025-10-21 03:00:00,1.617840682936357,24.542412784650175
2025-10-21 04:00:00,1.4000388590146011,25.67434078610592
2025-10-21 05:00:00,0.6659602088841129,23.14193787747356
2025-10-21 06:00:00,0.4455237873689034,12.089682826093332
2025-10-21 07:00:00,0.4659097853937336,11.012986273152942
2025-10-21 08:00:00,0.49011800918568155,22.782689787344943
2025-10-21 09:00:00,0.7479978310678012,22.963139774702043
2025-10-21 10:00:00,2.58061796976771,95.5273909304193
2025-10-21 11:00:00,1.3750871238297684,26.151974127853794
2025-10-21 12:00:00,1.756948340401151,18.368007318154216
2025-10-21 13:00:00,1.7481295848415188,12.240779933123676
2025-10-21 14:00:00,1.8819321595025236,22.664311945972102
2025-10-21 15:00:00,1.7691063373842377,23.809524277048006
2025-10-21 16:00:00,1.5060296344986546,25.925374041808144
2025-10-21 17:00:00,0.8792277585034818,22.585374192654974
2025-10-21 18:00:00,0.764692802537204,26.744152688730324
2025-10-21 19:00:00,0.4370599375103855,17.67245434475675
2025-10-21 20:00:00,0.31929580815548647,14.891205935912357
2025-10-21 21:00:00,0.6798280197932502,15.863043921699713
2025-10-21 22:00:00,0.8910360723621913,24.859848310797673
2025-10-21 23:00:00,1.2544860385669447,27.954984598437076
2025-10-22 00:00:00,1.7382727058322238,24.539298965897782
2025-10-22 01:00:00,1.905816797082813,12.937971414290992
2025-10-22 02:00:00,3.475628108601819,82.486803526822
2025-10-22 03:00:00,1.8588767353386912,21.935686956062547
2025-10-22 04:00:00,1.663331791599507,24.32458959720798
2025-10-22 05:00:00,1.2369320763658513,14.267963915444419
2025-10-22 06:00:00,0.8353925833996866,14.258861542045516
2025-10-22 07:00:00,0.6134429972505676,13.860194861061146
2025-10-22 08:00:00,0.45809748132768335,18.75158210779313
2025-10-22 09:00:00,0.5672582159806493,8.070037181552262
2025-10-22 10:00:00,0.6455215550610472,27.58541545629517
2025-10-22 11:00:00,0.9991421991959383,11.038201389666984
2025-10-22 12:00:00,1.5590950852406364,29.186469363464347
2025-10-22 13:00:00,1.891297629522107,29.20577300268431
2025-10-22 14:00:00,2.163193262577932,16.83309138060192
2025-10-22 15:00:00,1.887057559449856,23.99494471991136
2025-10-22 16:00:00,1.7551592552576427,16.162338803508778
2025-10-22 17:00:00,1.1755657228717022,20.997026026872277
2025-10-22 18:00:00,1.0130365179593868,17.114475854286567
2025-10-22 19:00:00,0.5859954249840373,17.076751800062574
2025-10-22 20:00:00,0.5342898695140226,18.438032059868437
2025-10-22 21:00:00,0.22437190291867143,23.844634395604338
2025-10-22 22:00:00,0.7454985340669409,22.80004621595286
2025-10-22 23:00:00,0.9198459324687773,11.9985747004302
2025-10-23 00:00:00,1.6739562463827058,22.834530779306892
2025-10-23 01:00:00,1.8923225653293692,24.291419913806283
2025-10-23 02:00:00,1.8380011232090223,18.386946417243415
2025-10-23 03:00:00,1.9733938978408756,23.385349897642083
2025-10-23 04:00:00,1.9359958345404795,16.043407746305363
2025-10-23 05:00:00,1.5065441410068656,28.381062024053165
2025-10-23 06:00:00,1.1491434656484545,21.47394455899721
2025-10-23 07:00:00,0.7441951468906166,12.192364061582998
2025-10-23 08:00:00,0.508665563763792,18.131165698754398
2025-10-23 09:00:00,0.3966053184788659,18.022820827840498
2025-10-23 10:00:00,0.5828948376303855,15.240098552806579
2025-10-23 11:00:00,0.8999651903247387,19.077909569321637
2025-10-23 12:00:00,1.2645041624464002,18.439628129553146
2025-10-23 13:00:00,1.5341066456234593,22.156437817608417
2025-10-23 14:00:00,1.9413535195815539,20.781165385555184
2025-10-23 15:00:00,1.9461514899861199,10.326420167253687
2025-10-23 16:00:00,2.022777859373354,19.760856848056257
2025-10-23 17:00:00,1.580561801539619,23.869862531748446
2025-10-23 18:00:00,1.2034195603937905,23.828459789784922
2025-10-23 19:00:00,0.7387780072921287,21.517453945175113
2025-10-23 20:00:00,0.5658771231026548,13.43540128226876
2025-10-23 21:00:00,0.390374911210433,22.38512098664192
2025-10-23 22:00:00,0.4105948536016547,19.04281975003878
2025-10-23 23:00:00,0.7293128422764862,21.931218941677773
2025-10-24 00:00:00,1.190560331546636,22.69592414818819
2025-10-24 01:00:00,1.487059883574858,17.613784652503682
2025-10-24 02:00:00,1.6283983400715099,20.211402876814837
2025-10-24 03:00:00,2.0737235996655237,29.85758152267404
2025-10-24 04:00:00,2.133677249966728,19.83030860675515
2025-10-24 05:00:00,1.9521371269482142,17.34586659419421
2025-10-24 06:00:00,1.6056149676322131,6.7801721784012265
2025-10-24 07:00:00,0.869690880003443,21.206165189501508
2025-10-24 08:00:00,0.6668538113135346,21.782392960972274
2025-10-24 09:00:00,0.39447368845182085,19.442950414118773
2025-10-24 10:00:00,2.1857157042798026,75.34981489932358
2025-10-24 11:00:00,0.5483131707377236,13.44407523834781
2025-10-24 12:00:00,0.81896280353941,30.04403496244561
2025-10-24 13:00:00,1.2941218046382181,22.06538273206409
2025-10-24 14:00:00,1.6147991875179548,22.52611123173688
2025-10-24 15:00:00,2.0876142929192545,20.599645943951842
2025-10-24 16:00:00,2.0229598040677494,18.846348751474814
2025-10-24 17:00:00,1.9160969141485347,8.656363368973265
2025-10-24 18:00:00,1.757867603465284,19.749609523163876
2025-10-24 19:00:00,1.3317594791049763,23.584176179439943
2025-10-24 20:00:00,0.7671973066309448,18.90962230175517
2025-10-24 21:00:00,0.5392284993340946,21.930430344790807
2025-10-24 22:00:00,0.23068403088404746,13.547700357834245
2025-10-24 23:00:00,0.412470384584969,21.980074724068135
2025-10-25 00:00:00,0.7872740579613171,22.338276710532565
2025-10-25 01:00:00,1.0953189545967952,17.957923161180204
2025-10-25 02:00:00,1.5869343491129586,12.055998540547211
2025-10-25 03:00:00,1.754391909254416,18.888484592541236
2025-10-25 04:00:00,2.09175204745163,20.013942958929466
2025-10-25 05:00:00,1.938582954198939,18.93827237670323
2025-10-25 06:00:00,1.8413436711393418,22.441740516836205
2025-10-25 07:00:00,1.2656812948456602,14.955366653259823
2025-10-25 08:00:00,0.9384062641906292,14.275377437277186
2025-10-25 09:00:00,0.5505419494928315,17.462723539901525
2025-10-25 10:00:00,0.6900004031895384,20.05667540773575
2025-10-25 11:00:00,0.41707444009853595,19.73852361839032
2025-10-25 12:00:00,0.68775739909938,24.00988389502441
2025-10-25 13:00:00,1.003336780453106,13.957229088458298
2025-10-25 14:00:00,1.389630894638126,17.040124612149125
2025-10-25 15:00:00,1.5686254390551104,16.289917915403098
2025-10-25 16:00:00,1.977375456740156,17.41246055325287
2025-10-25 17:00:00,2.0220066532061027,18.132653418688058
2025-10-25 18:00:00,1.8198059898425174,18.480645854088525
2025-10-25 19:00:00,1.526970780388228,19.491838934497835
2025-10-25 20:00:00,1.078173515719262,19.177543791593347
2025-10-25 21:00:00,0.6839091609179943,17.8666637480103
2025-10-25 22:00:00,0.4271709266810121,19.41363671945289
2025-10-25 23:00:00,0.4330117849429465,18.936956020857163
2025-10-26 00:00:00,0.5786366353564837,23.997773413045383
2025-10-26 01:00:00,0.7139461316877304,24.384923526531377
2025-10-26 02:00:00,1.3617918372167785,23.38789647841591
2025-10-26 03:00:00,1.5026763307691753,25.60752098799232
2025-10-26 04:00:00,1.99197983325738,22.276920494107337
2025-10-26 05:00:00,2.1476889477411745,29.34567936846546
2025-10-26 06:00:00,1.9224923870386101,13.243221828466957
2025-10-26 07:00:00,1.5776532938743246,15.499026891955635
2025-10-26 08:00:00,1.2704875097184058,18.06299723206596
2025-10-26 09:00:00,0.7979189711101093,14.606368319041701
2025-10-26 10:00:00,0.5511567232653471,18.571416199801412
2025-10-26 11:00:00,0.4332800975638512,22.350311206002154
2025-10-26 12:00:00,0.3485553291614602,14.626258523953908
2025-10-26 13:00:00,0.6950494131451486,23.803042548162587
2025-10-26 14:00:00,1.1479305470982366,20.69114806682815
2025-10-26 15:00:00,1.2911459921874537,25.943814162906403
2025-10-26 16:00:00,3.232261684933021,76.59918416463411
2025-10-26 17:00:00,2.0259940354819364,24.998843244844217
2025-10-26 18:00:00,1.873279797707429,19.98106447791622
2025-10-26 19:00:00,1.6321825349165797,17.97183327850725
2025-10-26 20:00:00,1.5338977881685454,11.675581985080598
2025-10-26 21:00:00,0.9510307884165492,18.781129480181644
2025-10-26 22:00:00,0.7220382140937649,25.864483869049735
2025-10-26 23:00:00,0.43413584420224466,15.508514773595945
2025-10-27 00:00:00,0.3794720122681813,23.365404049518908
2025-10-27 01:00:00,0.7027213533644301,26.172839009109254
2025-10-27 02:00:00,0.9960652867033932,6.502289856271126
2025-10-27 03:00:00,1.1280310292302895,18.4787320584514
2025-10-27 04:00:00,1.480849767382641,17.525264629788758
2025-10-27 05:00:00,1.8196922480374629,17.670793857828503
2025-10-27 06:00:00,2.0912338315821835,22.555021108229706
2025-10-27 07:00:00,1.6868690960782209,20.705341291046285
2025-10-27 08:00:00,1.617508588653421,16.737192808544947
2025-10-27 09:00:00,1.22147669761701,17.546950202598538
2025-10-27 10:00:00,0.7514132574214377,19.306907803666114
2025-10-27 11:00:00,0.5352613926046506,15.09706431752828
2025-10-27 12:00:00,0.4061913911712459,12.208443269838556
2025-10-27 13:00:00,0.3169085207093173,23.268136863928305
2025-10-27 14:00:00,0.8353603660815636,25.74432721321749
2025-10-27 15:00:00,1.2421936592600766,13.800044454269166
2025-10-27 16:00:00,1.6380461143615415,19.27447656049705
2025-10-27 17:00:00,1.7260070012706372,19.794149757866865
2025-10-27 18:00:00,2.1824052665974065,30.1500454056255
2025-10-27 19:00:00,2.0580167006769488,22.534808639805014
2025-10-27 20:00:00,1.5705235693937252,16.027695275964742
2025-10-27 21:00:00,1.1465351448520347,21.555550581347745
2025-10-27 22:00:00,1.0560940577480127,12.338177926198455
2025-10-27 23:00:00,0.5431645166118169,14.572800955131804
2025-10-28 00:00:00,0.30082826083704783,24.756871749871152
2025-10-28 01:00:00,0.5669193311404852,23.93694765916583
2025-10-28 02:00:00,0.5437138214404571,28.56859842722985
2025-10-28 03:00:00,0.8801522670300315,21.790259093789487
2025-10-28 04:00:00,1.477557647122926,12.117362259723304
2025-10-28 05:00:00,1.7888169764670543,16.708943839302798
2025-10-28 06:00:00,2.078350651813829,11.710214972994219
2025-10-28 07:00:00,2.0287387538565316,23.886325697144745
2025-10-28 08:00:00,2.0451903050924165,22.272704104708495
2025-10-28 09:00:00,1.5152316414594862,16.942960796258507
2025-10-28 10:00:00,1.138697503004686,20.72717362229469
2025-10-28 11:00:00,0.8231092024900378,18.873353738848355
2025-10-28 12:00:00,0.40508105770163677,17.818039187654236
2025-10-28 13:00:00,0.4854478028469839,28.802174181606183
2025-10-28 14:00:00,0.4013065822422095,14.792161642631834
2025-10-28 15:00:00,0.6628112157736971,25.55470867682402
2025-10-28 16:00:00,1.1082162349481866,23.35783300812961
2025-10-28 17:00:00,1.681367913672855,30.46176470910265
2025-10-28 18:00:00,1.9494162302738187,31.121653799783594
2025-10-28 19:00:00,1.8997576041759054,29.77628891219433
2025-10-28 20:00:00,1.8208840022002162,27.16276885871369
2025-10-28 21:00:00,1.7594125226112483,20.28125995653093
2025-10-28 22:00:00,1.3350076256506858,26.89028655961489
2025-10-28 23:00:00,1.1181035931730678,15.608702816483301
2025-10-29 00:00:00,0.44043049933452083,23.354578497431696
2025-10-29 01:00:00,0.3525752672331544,14.96325615953291
2025-10-29 02:00:00,0.4308749111067518,14.141711809751776
2025-10-29 03:00:00,0.41215332109374986,13.77246748191314
2025-10-29 04:00:00,1.2106297862016293,17.73256545173213
2025-10-29 05:00:00,1.536035667446064,25.233322093337254
2025-10-29 06:00:00,1.7924828645706283,25.34604007238656
2025-10-29 07:00:00,3.6073218998574217,72.09762197799887
2025-10-29 08:00:00,1.8897750418185322,15.370066294535793
2025-10-29 09:00:00,1.7015365444655686,26.603854637950153
2025-10-29 10:00:00,1.547105870491669,16.780058803187828
2025-10-29 11:00:00,1.0715755812940067,19.967939350363594
2025-10-29 12:00:00,0.6069674211194822,24.190767124702056
2025-10-29 13:00:00,0.47029217107094545,26.887600664747033
2025-10-29 14:00:00,0.4871077149929735,15.222000675672454
2025-10-29 15:00:00,0.643975591019234,20.31351106888768
2025-10-29 16:00:00,0.688698730362573,25.99193172664983
2025-10-29 17:00:00,1.329352925245416,28.390847210679063
2025-10-29 18:00:00,1.8669421583961832,19.36597292656447
2025-10-29 19:00:00,1.8494361043634249,22.961259707596366
2025-10-29 20:00:00,1.917655277929707,23.00286055397143
2025-10-29 21:00:00,1.914302102112201,16.316309771574485
2025-10-29 22:00:00,1.6880616702687354,25.27570103209021
2025-10-29 23:00:00,1.362308371412645,14.869459051468425
2025-10-30 00:00:00,0.764787937440536,25.67227543936412
2025-10-30 01:00:00,0.44962785239681546,13.47553779840619
2025-10-30 02:00:00,0.34689961426640525,24.91670470323442
2025-10-30 03:00:00,0.315912753521171,10.014253410778988
2025-10-30 04:00:00,0.8161380664157653,25.232490908119114
2025-10-30 05:00:00,1.2295158989749817,21.42191277283017
2025-10-30 06:00:00,1.474126985383956,20.099374310458213
2025-10-30 07:00:00,1.7249811754511413,16.7200117231014
2025-10-30 08:00:00,2.140987318418372,20.81850623185
2025-10-30 09:00:00,2.0256257793634966,19.566667910294232
2025-10-30 10:00:00,1.727054185216892,18.30059464230832
2025-10-30 11:00:00,1.3282049603860713,24.270169557876756
2025-10-30 12:00:00,1.2164881473667233,16.49199310147957
2025-10-30 13:00:00,0.46245484799335856,21.456794511027297
2025-10-30 14:00:00,0.31172562923782815,22.69653037989945
2025-10-30 15:00:00,0.24892374996760724,23.67684409947103
2025-10-30 16:00:00,0.5888119635845314,18.595278323350698
2025-10-30 17:00:00,0.9903675410720385,17.889907686739
2025-10-30 18:00:00,1.3875390669903964,13.464567606910677
2025-10-30 19:00:00,1.7030553933758634,17.67057643238329
2025-10-30 20:00:00,1.9122361242926256,25.926022860989967
2025-10-30 21:00:00,2.06787937497426,16.251764628346308
2025-10-30 22:00:00,1.6389790808663438,28.369245060445067
2025-10-30 23:00:00,3.0140940872449224,81.30917505644355
2025-10-31 00:00:00,1.1408192897298668,18.355835754385385
2025-10-31 01:00:00,0.6569284582300782,21.20743940126138
2025-10-31 02:00:00,0.433061805456181,34.47798063395957
2025-10-31 03:00:00,0.4937704826240101,25.744047110306617
2025-10-31 04:00:00,0.503381639145207,10.612696221704818
2025-10-31 05:00:00,0.6403623552224118,24.96286188215828
2025-10-31 06:00:00,1.1214994114887082,20.18113547494181
2025-10-31 07:00:00,1.5342118556742377,28.14643581479364
2025-10-31 08:00:00,1.8757139614585265,17.714278221128914
2025-10-31 09:00:00,2.0634399186439385,22.88338525820184
2025-10-31 10:00:00,1.791737803520136,20.735191903965763
2025-10-31 11:00:00,1.3565154269012998,30.212081860438197
2025-10-31 12:00:00,1.418677214504537,19.410768824530983
2025-10-31 13:00:00,0.9701964983955041,21.919259412057798
2025-10-31 14:00:00,0.5670600646092888,12.214811912197952
2025-10-31 15:00:00,0.5070191678625455,15.134195692950195
2025-10-31 16:00:00,0.6163018775749515,12.243112416555084
2025-10-31 17:00:00,0.6460258452441435,28.731917423483186
2025-10-31 18:00:00,1.0020779764218473,22.410896069051972
2025-10-31 19:00:00,1.3683008879672358,19.919326768759202
2025-10-31 20:00:00,1.6443246293714733,22.086274486621974
2025-10-31 21:00:00,2.0278554140068903,21.988406035962683
2025-10-31 22:00:00,2.078740106323823,23.929332515206823
2025-10-31 23:00:00,1.831681102124826,23.61238355475368
2025-11-01 00:00:00,1.4067879750173438,22.089624537623322
2025-11-01 01:00:00,0.9420259374073888,10.095475275003473
2025-11-01 02:00:00,0.584252393224576,14.791758928816012
2025-11-01 03:00:00,0.5839250353917806,26.773403105125784
2025-11-01 04:00:00,0.48993409103970814,26.261367298934175
2025-11-01 05:00:00,0.728053735590782,16.923671007166927
2025-11-01 06:00:00,0.999277923891346,12.411922091663747
2025-11-01 07:00:00,1.5378023787299446,25.133989917773015
2025-11-01 08:00:00,3.170156202697968,74.73996334454685
2025-11-01 09:00:00,1.9195694536258203,23.71756970164913
2025-11-01 10:00:00,2.0741933912313404,25.373275117547976
2025-11-01 11:00:00,1.9756437672119525,19.282232942863516
2025-11-01 12:00:00,1.5566349173040008,19.690243780718504
2025-11-01 13:00:00,1.1907098127115243,18.70921435745622
2025-11-01 14:00:00,0.8007735091729868,20.063821546936055
2025-11-01 15:00:00,0.5387343846332434,21.193338562238477
2025-11-01 16:00:00,0.3521711798182596,21.91914405084671
2025-11-01 17:00:00,0.4973136377682495,21.17823820150312
2025-11-01 18:00:00,0.7854940767248323,16.800111833657414
2025-11-01 19:00:00,1.1479316500631256,20.218845315912972
2025-11-01 20:00:00,1.6155679836940466,20.60496949758471
2025-11-01 21:00:00,1.7518990368636695,25.810330873832662
2025-11-01 22:00:00,1.9538437073238653,21.720571848275704
2025-11-01 23:00:00,1.9331048207481123,25.20725062318019
2025-11-02 00:00:00,1.8214611944044294,16.260066866997704
2025-11-02 01:00:00,1.127015737106,30.326036557652603
2025-11-02 02:00:00,0.9965589029138933,21.678040968707673
2025-11-02 03:00:00,0.7451965057185452,20.59974955925578
2025-11-02 04:00:00,0.4394823228160546,20.810905730096938
2025-11-02 05:00:00,0.30371507444323614,17.28298850899987
2025-11-02 06:00:00,0.5115135707557898,22.351401767453925
2025-11-02 07:00:00,0.9870068726405549,21.980459781509378
2025-11-02 08:00:00,1.1266136550617136,15.664221144984499
2025-11-02 09:00:00,1.739837585818535,16.705946135167583
2025-11-02 10:00:00,1.8363049968302947,21.029274538580587
2025-11-02 11:00:00,1.967793748932409,15.44476344968565
2025-11-02 12:00:00,2.0296460663314755,21.978468557084618
2025-11-02 13:00:00,1.629818169000371,16.0884135095256
2025-11-02 14:00:00,1.1089238667391064,16.131493942095823
2025-11-02 15:00:00,0.5955517182735651,15.160865524122752
2025-11-02 16:00:00,0.4347082457215954,21.68628652194499
2025-11-02 17:00:00,0.28346896289356527,18.392019889031566
2025-11-02 18:00:00,0.5264650313018309,24.684631433457696
2025-11-02 19:00:00,0.9013212695081265,18.98135457455096
2025-11-02 20:00:00,1.232393245540048,13.705695065976634
2025-11-02 21:00:00,3.0697370367322425,86.80291765657303
2025-11-02 22:00:00,2.011579467595188,24.131660143627265
2025-11-02 23:00:00,1.916560217508029,18.961866942938872
2025-11-03 00:00:00,1.8145951965834062,27.48533618256753
2025-11-03 01:00:00,1.7382071912956951,27.846096531261658
2025-11-03 02:00:00,1.2940900863113523,14.056707648531388
2025-11-03 03:00:00,0.8567088786666022,17.053051427757556
2025-11-03 04:00:00,0.5815372791467999,19.680069558701945
2025-11-03 05:00:00,0.503609624230264,23.323003106003444
2025-11-03 06:00:00,0.5549488225522541,24.773474911354757
2025-11-03 07:00:00,0.6965231643409189,13.50960787477645
2025-11-03 08:00:00,0.8519610277721875,9.145414852691388
2025-11-03 09:00:00,1.4300956913541056,15.536128802479443
2025-11-03 10:00:00,1.7511443826724866,24.964578217651738
2025-11-03 11:00:00,1.9580699391529437,14.476524817808452
2025-11-03 12:00:00,2.0390764050464716,21.23032913273392
2025-11-03 13:00:00,1.7401973640784187,23.184006918066864
2025-11-03 14:00:00,2.986459057474655,83.24397244179548
2025-11-03 15:00:00,0.9400361124692534,25.540569248317567
2025-11-03 16:00:00,0.5669209254570691,24.935554251591086
2025-11-03 17:00:00,0.3030664826110101,27.831670667814628
2025-11-03 18:00:00,0.48240323707408617,17.085844499438352
2025-11-03 19:00:00,0.6425399222962823,26.40786663392967
2025-11-03 20:00:00,0.7636195740531022,16.043244863973626
2025-11-03 21:00:00,1.1684892206433741,15.665820750005354
2025-11-03 22:00:00,1.6032167426751944,20.131248421636084
2025-11-03 23:00:00,1.8430209762788743,23.369394859354074
2025-11-04 00:00:00,1.9800887871744348,17.038709592610346
2025-11-04 01:00:00,1.7011068381246837,20.85990415564091
2025-11-04 02:00:00,1.4905528757743838,21.22134372332412
2025-11-04 03:00:00,1.2352112703569544,14.690453404060316
2025-11-04 04:00:00,0.7793077923784794,26.061810448601964
2025-11-04 05:00:00,0.6879765090173843,14.67861748654832
2025-11-04 06:00:00,0.41413069853085827,14.299331829658414
2025-11-04 07:00:00,0.5856667298159138,18.812995643889145
2025-11-04 08:00:00,0.7165602104534516,26.530517513726203
2025-11-04 09:00:00,1.070241025875479,29.21517281545158
2025-11-04 10:00:00,1.562047626447486,13.887942941530323
2025-11-04 11:00:00,1.7386873450279916,26.480436000138766
2025-11-04 12:00:00,1.7084320249521592,8.125842040550157
2025-11-04 13:00:00,1.9893467683042898,26.056071629053566
2025-11-04 14:00:00,1.6921759732175776,31.574310262194132
2025-11-04 15:00:00,1.2260198925515233,18.988407213973424
2025-11-04 16:00:00,1.057657003890442,28.006894715198968
2025-11-04 17:00:00,0.6191552237472305,13.162055459707673
2025-11-04 18:00:00,0.41861588574504843,14.363823505462214
2025-11-04 19:00:00,0.3566032088964905,29.576262112421315
2025-11-04 20:00:00,0.3875866094971969,13.892650381559893
2025-11-04 21:00:00,0.798578773700377,8.179733437901596
2025-11-04 22:00:00,0.9727152139186854,18.914881889431
2025-11-04 23:00:00,1.6379226424772226,14.398537848763139
2025-11-05 00:00:00,1.803630398877667,16.53079518117756
2025-11-05 01:00:00,3.3935008908313367,83.63565351461561
2025-11-05 02:00:00,1.9228997152978784,22.407332334801122
2025-11-05 03:00:00,1.4115762739134843,28.663554746509075
2025-11-05 04:00:00,1.1101543923705426,17.996016058838077
2025-11-05 05:00:00,0.8537805030440703,21.830998421132893
2025-11-05 06:00:00,0.3903031054621928,15.82428810544312
2025-11-05 07:00:00,0.44155642930041483,19.06324054482897
2025-11-05 08:00:00,0.5765581569128376,23.04609222240043
2025-11-05 09:00:00,0.9083640102755683,20.541902442515337
2025-11-05 10:00:00,1.3004827714841176,24.868531864279973
2025-11-05 11:00:00,1.9350265735860057,14.307359842604848
2025-11-05 12:00:00,1.888093871164068,25.24567531581392
2025-11-05 13:00:00,1.9146449231778033,22.8623002622113
2025-11-05 14:00:00,1.8949916991600115,15.341946041396113
2025-11-05 15:00:00,1.7537054249152253,18.42796168664998
2025-11-05 16:00:00,1.364078375452571,18.009795726241492
2025-11-05 17:00:00,0.9688132654621053,18.762912208787288
2025-11-05 18:00:00,0.37314689831702685,16.82567180288875
2025-11-05 19:00:00,0.5390002662548642,18.08738680231601
2025-11-05 20:00:00,0.5835208236912804,22.15578057535484
2025-11-05 21:00:00,0.6518180964199571,15.668702318796498
2025-11-05 22:00:00,1.099857175961911,21.326387341206967
2025-11-05 23:00:00,1.1055630122419886,17.38211559302191
2025-11-06 00:00:00,1.6090443601018776,19.424864605309175
2025-11-06 01:00:00,2.057007624098556,19.22409855124675
2025-11-06 02:00:00,2.1864606145129555,18.881817226863085
2025-11-06 03:00:00,1.9441793263659541,29.23319516057711
2025-11-06 04:00:00,1.4537465235221847,20.245351196655353
2025-11-06 05:00:00,0.9180260541658891,15.206060421958462
2025-11-06 06:00:00,0.6657496548433735,29.136026755291688
2025-11-06 07:00:00,0.4505062991321615,22.123356450615994
2025-11-06 08:00:00,0.45716494642040495,14.870142166729277
2025-11-06 09:00:00,0.6168665121311563,21.224088866864342
2025-11-06 10:00:00,0.7355941469147169,21.279046312991213
2025-11-06 11:00:00,1.0318079051976226,19.543571413817595
2025-11-06 12:00:00,1.8232536790264338,11.303900956611983
2025-11-06 13:00:00,1.8627985036715526,27.940636972480586
2025-11-06 14:00:00,2.112076395444683,9.231626723117063
2025-11-06 15:00:00,2.092744884087896,18.91928021930797
2025-11-06 16:00:00,1.513923411723142,28.851023138696476
2025-11-06 17:00:00,1.3008560677358973,27.05919342955255
2025-11-06 18:00:00,0.8974663472802463,15.482551348507275
2025-11-06 19:00:00,0.47726163166340363,18.760820193751055
2025-11-06 20:00:00,0.38162677771844794,14.580509153887208
2025-11-06 21:00:00,0.5929736430597837,17.532101646279674
2025-11-06 22:00:00,0.6977737544994549,10.776366062488304
2025-11-06 23:00:00,1.3032166286413207,17.40206018240788
2025-11-07 00:00:00,1.5326423243571776,25.941115022385564
2025-11-07 01:00:00,1.818149175259459,12.98788500358171
2025-11-07 02:00:00,2.0526924275606224,18.878281593023694
2025-11-07 03:00:00,2.0083085735266644,21.180771370164926
2025-11-07 04:00:00,1.8356763140417998,19.181134668742146
2025-11-07 05:00:00,2.9183195529679367,80.30331047214082
2025-11-07 06:00:00,1.0055691405938345,18.46926924620442
2025-11-07 07:00:00,0.7677764811387923,15.506530785429504
2025-11-07 08:00:00,0.20304855628712049,18.839975492228042
2025-11-07 09:00:00,0.46243412852638427,19.644899129016427
2025-11-07 10:00:00,0.7341254165286091,24.436166939404757
2025-11-07 11:00:00,0.702918114697235,13.11722710446143
2025-11-07 12:00:00,1.3714784302696024,27.95991769577003
2025-11-07 13:00:00,1.7412880447927108,25.08801170195703
2025-11-07 14:00:00,1.9397250514897744,27.13713443627231
2025-11-07 15:00:00,2.036125718610773,18.597580044277297
2025-11-07 16:00:00,1.6642209541852966,23.135912098439125
2025-11-07 17:00:00,1.543418086674806,32.089056894108765
2025-11-07 18:00:00,1.3288131365482785,22.98261437239744
2025-11-07 19:00:00,0.7337232773717888,16.102697612783224
2025-11-07 20:00:00,0.37633128750503597,20.59155283786659
2025-11-07 21:00:00,0.2711684909536087,21.462335254707202
2025-11-07 22:00:00,0.6941185849390163,12.997499703787568
2025-11-07 23:00:00,0.7591151251815247,23.717041207242072
2025-11-08 00:00:00,1.0656874704149515,17.746857515586818
2025-11-08 01:00:00,1.6093472288214306,14.11923794660845
2025-11-08 02:00:00,1.8583392306112216,24.9958230312664
2025-11-08 03:00:00,2.004135424853268,14.003279259557127
2025-11-08 04:00:00,1.8553630754112473,15.741107231628789
2025-11-08 05:00:00,1.543303420623308,23.93038674615549
2025-11-08 06:00:00,1.1588359143762608,16.93053243010717
2025-11-08 07:00:00,0.7303264401090306,26.096811012590308
2025-11-08 08:00:00,0.692068024181769,14.490997956446353
2025-11-08 09:00:00,0.28621336908045913,17.218721020670415
2025-11-08 10:00:00,0.48350396654201494,15.906273940053577
2025-11-08 11:00:00,0.6605703884239335,17.941620118608853
2025-11-08 12:00:00,1.0836002574184147,16.438608477410465
2025-11-08 13:00:00,1.5137007407460026,19.286339216324418
2025-11-08 14:00:00,1.7572170287467808,22.607623291418747
2025-11-08 15:00:00,1.897526588185345,18.888424391908515
2025-11-08 16:00:00,2.0516050790080897,16.93504914589763
2025-11-08 17:00:00,1.8013559779008457,22.264251931887703
2025-11-08 18:00:00,1.311666304104876,19.378102649399164
2025-11-08 19:00:00,1.2481316852244257,25.219743595053895
2025-11-08 20:00:00,0.7332400995367007,19.752196616377454
2025-11-08 21:00:00,0.3586214517643982,12.734400809834009
2025-11-08 22:00:00,0.45416034908817776,13.456194131718282
2025-11-08 23:00:00,0.5806951080873834,20.480575770233404
2025-11-09 00:00:00,1.0965642518848995,9.475919370098232
2025-11-09 01:00:00,1.2510971802860562,20.60395726017509
2025-11-09 02:00:00,1.5610277729446829,17.032834434096273
2025-11-09 03:00:00,1.9200437696836115,25.47528021288848
2025-11-09 04:00:00,2.0341412121427647,7.651871905620421
2025-11-09 05:00:00,2.0471983720944236,18.070900043870655
2025-11-09 06:00:00,1.4828340851855013,13.674948279869973
2025-11-09 07:00:00,1.3287649510173498,20.517237749607997
2025-11-09 08:00:00,0.8826068184977452,18.57678004088152
2025-11-09 09:00:00,0.5425019624392039,17.042319157197745
2025-11-09 10:00:00,0.29822417158563197,25.788903872631472
2025-11-09 11:00:00,0.5579916929945175,15.741649515651716
2025-11-09 12:00:00,0.6332370313663961,22.760312101515876
2025-11-09 13:00:00,1.1661802801642327,21.996770210174375
2025-11-09 14:00:00,1.476163486614947,21.012616809858397
2025-11-09 15:00:00,1.9180182186035768,12.954255638567922
2025-11-09 16:00:00,2.0737678087753797,11.556020571974042
2025-11-09 17:00:00,2.0698676885072613,18.89042834072642
2025-11-09 18:00:00,1.545042509736573,20.398180708006148
2025-11-09 19:00:00,1.4172549453472252,22.230700386367108
2025-11-09 20:00:00,0.9284906795130499,15.394779777346258
2025-11-09 21:00:00,0.5468113516054339,18.48039823736072
2025-11-09 22:00:00,0.34453812064929,17.620698876111106
2025-11-09 23:00:00,0.5064430854127773,16.854593903423623
2025-11-10 00:00:00,0.7027595654887663,33.86719173041135
2025-11-10 01:00:00,0.9894782752255451,24.697886089126712
2025-11-10 02:00:00,1.4050334115368548,16.146025937320868
2025-11-10 03:00:00,1.9093964672805193,19.94335967812361
2025-11-10 04:00:00,3.2719330471075145,83.14555467572465
2025-11-10 05:00:00,2.005344997132582,27.670320403658188
2025-11-10 06:00:00,1.8027249887705825,24.805502239437786
2025-11-10 07:00:00,1.5628939949920462,10.143146043982778
2025-11-10 08:00:00,1.019156406126614,19.26770074907617
2025-11-10 09:00:00,0.7694944418634496,24.066354131811785
2025-11-10 10:00:00,0.42339796989765194,19.682906384179653
2025-11-10 11:00:00,0.23042108304057363,23.35943250876192
2025-11-10 12:00:00,0.5381956828928764,17.938800251022425
2025-11-10 13:00:00,0.818610362705976,30.598037948521657
2025-11-10 14:00:00,1.2822587161472119,17.64380424544569
2025-11-10 15:00:00,1.437424909171097,28.73020811150743
2025-11-10 16:00:00,1.8353624523257692,20.15197446191117
2025-11-10 17:00:00,1.9395112230434122,17.206862542634582
2025-11-10 18:00:00,1.8004088482628418,18.11071417126884
2025-11-10 19:00:00,1.690061687262258,20.861299725883654
2025-11-10 20:00:00,1.1774852146812236,14.223383742755168
2025-11-10 21:00:00,0.966719615369134,14.387735351008995
2025-11-10 22:00:00,0.5649517802926424,16.23435533666196
2025-11-10 23:00:00,0.2995720804310918,22.1511400226088
2025-11-11 00:00:00,0.4988922367933727,16.184780822362878
2025-11-11 01:00:00,0.6480791530576648,17.883881545675294
2025-11-11 02:00:00,1.0871497806509494,19.96678337600675
2025-11-11 03:00:00,1.4913230272900153,18.353307790629263
2025-11-11 04:00:00,1.6910510876766889,22.20014810587791
2025-11-11 05:00:00,1.868913377767702,28.826705992025204
2025-11-11 06:00:00,2.1566409457415268,13.859004719824236
2025-11-11 07:00:00,1.822892813181828,22.713117764211614
2025-11-11 08:00:00,1.4119467818871398,24.21932363940033
2025-11-11 09:00:00,1.107190027607552,18.268162053583886
2025-11-11 10:00:00,0.7421434208418988,21.405858572284593
2025-11-11 11:00:00,0.40330978504734377,27.370969250268626
2025-11-11 12:00:00,0.40801946088628344,19.437405352537425
2025-11-11 13:00:00,0.5095452475634045,15.245644037139876
2025-11-11 14:00:00,0.7964803722437084,23.519851644114233
2025-11-11 15:00:00,1.2441763879195067,18.172360372547928
2025-11-11 16:00:00,1.5685385107574064,20.463168589083896
2025-11-11 17:00:00,1.8406847989346702,16.53874454630247
2025-11-11 18:00:00,1.9274472638297535,27.63317337871139
2025-11-11 19:00:00,1.8736852309792056,13.302953383924313
2025-11-11 20:00:00,1.557290537644983,10.058018837580148
2025-11-11 21:00:00,1.215288327138207,19.788443577551252
2025-11-11 22:00:00,0.7690542415711106,29.8658697034711
2025-11-11 23:00:00,0.48096585696435135,8.312137214201465
2025-11-12 00:00:00,0.43653031065873277,21.357755995583496
2025-11-12 01:00:00,0.3965876733018244,12.602446686033304
2025-11-12 02:00:00,0.7863020368009241,18.415665455385557
2025-11-12 03:00:00,1.396910981151676,7.44764603664577
2025-11-12 04:00:00,1.5865653434660971,23.530205697215873
2025-11-12 05:00:00,1.9653764239141795,19.08301267562921
2025-11-12 06:00:00,1.8725167548887038,17.253979520535257
2025-11-12 07:00:00,1.9395674622239403,18.466286988862226
2025-11-12 08:00:00,1.785692938077484,16.609652371416143
2025-11-12 09:00:00,1.4034964841747677,22.964405715159366
2025-11-12 10:00:00,1.0225524911182389,15.569676885434077
2025-11-12 11:00:00,0.4569900494385416,11.78504122438541
2025-11-12 12:00:00,0.46928544316262555,20.0461671316927
2025-11-12 13:00:00,0.5378483749738593,19.993782014852588
2025-11-12 14:00:00,0.4645720122315405,15.923146955563407
2025-11-12 15:00:00,0.9883209206887011,24.637570850833413
2025-11-12 16:00:00,1.467728326572924,23.7897193995618
2025-11-12 17:00:00,1.7315475518849912,15.65308156198903
2025-11-12 18:00:00,1.9876937408977147,14.543550157774927
2025-11-12 19:00:00,1.9580744704348056,21.289945081838912
2025-11-12 20:00:00,1.6639269509549894,19.812318871163484
2025-11-12 21:00:00,1.6120771728433065,20.804490443696412
2025-11-12 22:00:00,1.1282239581453029,17.022127467152398
2025-11-12 23:00:00,0.9461888758414829,29.361445725222943
2025-11-13 00:00:00,0.558872993230861,28.853384250229595
2025-11-13 01:00:00,0.49312893852401446,18.253894408070703
2025-11-13 02:00:00,0.4081043529213961,30.699680593267452
2025-11-13 03:00:00,0.8715757419967411,14.983013173305146
2025-11-13 04:00:00,1.08227181795249,11.170011936563931
2025-11-13 05:00:00,1.5513446048846742,17.474236423472977
2025-11-13 06:00:00,1.7856596780367782,32.02947476485532
2025-11-13 07:00:00,2.0835167725506123,21.77487177613744
2025-11-13 08:00:00,1.7726965965600119,22.03663528600333
2025-11-13 09:00:00,1.5467525303938963,15.13007201497911
2025-11-13 10:00:00,1.1951035523133229,29.128793300014024
2025-11-13 11:00:00,0.8280646718209639,20.7281271498062
2025-11-13 12:00:00,0.48290526724329075,21.377923794217548
2025-11-13 13:00:00,0.30019495066855095,26.613248512006585
2025-11-13 14:00:00,0.45018261424903644,22.268584671495603
2025-11-13 15:00:00,0.7124382590311504,22.81774013148067
2025-11-13 16:00:00,0.9652026262886769,22.634000590576523
2025-11-13 17:00:00,1.391466286010475,22.5089587391917
2025-11-13 18:00:00,1.9023462409879812,16.460499611132445
2025-11-13 19:00:00,2.046841642077698,20.87393455476397
2025-11-13 20:00:00,1.9416416954030347,19.70525393649659
2025-11-13 21:00:00,1.7722926441270268,23.023169754490215
2025-11-13 22:00:00,1.5498356830260305,15.910398492376665
2025-11-13 23:00:00,1.0177386301130258,25.095526058318292
2025-11-14 00:00:00,0.7027009103413566,21.803935482759876
2025-11-14 01:00:00,0.342491986636923,24.045745838550957
2025-11-14 02:00:00,0.4396790650983808,20.499032299691738
2025-11-14 03:00:00,0.5716498696794533,14.853306245395018
2025-11-14 04:00:00,0.8308748122113327,20.415757792568208
2025-11-14 05:00:00,1.2159992745656032,21.696054963237817
2025-11-14 06:00:00,1.6250686126952674,26.43246574138485
2025-11-14 07:00:00,1.8970247434465468,16.684644638045466
2025-11-14 08:00:00,1.8109075541215742,15.567052189908896
2025-11-14 09:00:00,1.988016533346871,24.075258504468913
2025-11-14 10:00:00,1.6293842800515503,21.503304039776424
2025-11-14 11:00:00,1.238466698712692,15.649764196407158
2025-11-14 12:00:00,0.7534736380452296,24.797536129442292
2025-11-14 13:00:00,0.5333253538987858,17.555873845963657
2025-11-14 14:00:00,0.401897502264785,19.3643493072758
2025-11-14 15:00:00,0.4042654250865884,11.355500075424263
2025-11-14 16:00:00,0.8530455265100304,25.708563453541164
2025-11-14 17:00:00,1.0656782620697,24.235557763211695
2025-11-14 18:00:00,1.5264912827570822,23.590698628362073
2025-11-14 19:00:00,1.670672252435067,26.319913508904563
2025-11-14 20:00:00,1.9685784384497462,28.10339831259879
2025-11-14 21:00:00,1.9414216563164295,18.42277568975353
2025-11-14 22:00:00,1.7320322575507012,11.868452215655152
2025-11-14 23:00:00,1.2368365460563377,22.122685957475447
2025-11-15 00:00:00,1.0521419725819334,15.057246675512463
2025-11-15 01:00:00,0.5303845808227231,18.437795775074818
2025-11-15 02:00:00,0.21698234896875163,18.5756813099719
2025-11-15 03:00:00,0.2591503845787734,7.266143688689915
2025-11-15 04:00:00,0.6414500561299912,30.179462025167304
2025-11-15 05:00:00,0.861021397775745,23.90455005135281
2025-11-15 06:00:00,1.4649149330652684,25.84837910675721
2025-11-15 07:00:00,1.9218973666175456,19.40552801653884
2025-11-15 08:00:00,2.069509664501153,6.513218227454905
2025-11-15 09:00:00,2.025820392333189,13.491991875587587
2025-11-15 10:00:00,1.7064763865409265,28.509025166423164
2025-11-15 11:00:00,1.644445110605117,23.764628596557046
2025-11-15 12:00:00,0.9106884031761069,21.22164663937218
2025-11-15 13:00:00,0.7662814014239412,25.64640218787354
2025-11-15 14:00:00,0.5278876172070556,19.392687367091405
2025-11-15 15:00:00,0.608476296464393,29.806438247849975
2025-11-15 16:00:00,0.35940209421882674,19.83804143648644
2025-11-15 17:00:00,0.7477578182306158,18.646481707657276
2025-11-15 18:00:00,1.242695441378791,25.92462357241999
2025-11-15 19:00:00,1.5433736065697579,19.598738196532317
2025-11-15 20:00:00,1.8704711213770264,20.391509429091645
2025-11-15 21:00:00,2.0535144916377193,25.130241081776976
2025-11-15 22:00:00,2.0035063416457684,18.106204507149354
2025-11-15 23:00:00,1.6580735158578592,21.720372360470503
2025-11-16 00:00:00,1.2652206492541023,24.13325532729157
2025-11-16 01:00:00,0.9201237958782602,18.854384115160258
2025-11-16 02:00:00,0.580924559204244,17.19247046326211
2025-11-16 03:00:00,0.27425912781052025,21.279131379380118
2025-11-16 04:00:00,0.5699911358600356,21.43098085435364
2025-11-16 05:00:00,0.8621468705259229,30.36934681567581
2025-11-16 06:00:00,1.0085974254571914,21.416003649979125
2025-11-16 07:00:00,1.5081254185218826,25.086591297751756
2025-11-16 08:00:00,1.7606202152250892,13.173717800632005
2025-11-16 09:00:00,1.9840929346025287,16.97407822623493
2025-11-16 10:00:00,1.927538714633243,19.59538720482278
2025-11-16 11:00:00,1.7643769469111137,20.4057982843443
2025-11-16 12:00:00,1.386176497631635,19.25744483412542
2025-11-16 13:00:00,1.0414612407688135,17.680928176647573
2025-11-16 14:00:00,0.5978375683262522,14.763337087106692
2025-11-16 15:00:00,0.6800047152669609,20.789197350654273
2025-11-16 16:00:00,0.41519889560766843,22.792226120956602
2025-11-16 17:00:00,0.4975096499394022,24.453673915158998
2025-11-16 18:00:00,0.8400790792354574,22.244781749045668
2025-11-16 19:00:00,1.398014753367915,20.95294210038557
2025-11-16 20:00:00,1.8839019404721147,18.212887653929247
2025-11-16 21:00:00,1.8324121624854521,20.09179261781776
2025-11-16 22:00:00,2.1243080871214057,11.772214975520512
2025-11-16 23:00:00,1.917039808228633,18.818836051474108
2025-11-17 00:00:00,1.6420648958580564,21.419391350537488
2025-11-17 01:00:00,1.2623573161505544,26.564428518002714
2025-11-17 02:00:00,0.8516254348571434,24.04891647346718
2025-11-17 03:00:00,0.4148794028222701,17.4554786391199
2025-11-17 04:00:00,0.44593246044652746,22.57622575859121
2025-11-17 05:00:00,0.5634519452099682,13.571050776132132
2025-11-17 06:00:00,0.5400611345300672,22.580757707942748
2025-11-17 07:00:00,1.0080429564558104,23.228812235450217
2025-11-17 08:00:00,1.5252466669200135,18.957783248986022
2025-11-17 09:00:00,1.98281821428989,21.068711670883115
2025-11-17 10:00:00,2.1054391109734953,28.730843572625332
2025-11-17 11:00:00,1.8926367352609903,25.302917603228202
2025-11-17 12:00:00,1.7560760275766172,16.835630132154492
2025-11-17 13:00:00,1.2992468144488392,14.17790792896059
2025-11-17 14:00:00,1.017615651421982,19.52566142311508
2025-11-17 15:00:00,0.5493777893973543,16.55144995136106
2025-11-17 16:00:00,0.5912777107200946,24.112980687186198
2025-11-17 17:00:00,0.3918499091460164,12.431946489322502
2025-11-17 18:00:00,0.6455806259208979,13.696258656916562
2025-11-17 19:00:00,1.0276457256911575,29.16143219198971
2025-11-17 20:00:00,1.5066669048472308,19.713740485222715
2025-11-17 21:00:00,3.141966834467236,84.73310497824806
2025-11-17 22:00:00,1.9539654678925895,17.328026314913988
2025-11-17 23:00:00,1.9382920362666638,16.686842550489512
2025-11-18 00:00:00,1.9035763012236095,12.562522606256703
2025-11-18 01:00:00,1.5636971778304183,19.442007295725517
2025-11-18 02:00:00,1.1657191633817792,4.687037211363732
2025-11-18 03:00:00,0.7323850328905303,14.884041264101686
2025-11-18 04:00:00,0.5388521572714281,26.911306862969653
2025-11-18 05:00:00,0.44877455072670824,12.236452641835372
2025-11-18 06:00:00,0.4340525154116754,15.805564994986543
2025-11-18 07:00:00,0.8144066024097272,21.41735291915505
2025-11-18 08:00:00,1.1450575831090195,24.601309959264785
2025-11-18 09:00:00,1.7324720308761963,22.35798411177941
2025-11-18 10:00:00,1.8315228818156077,25.682939881908045
2025-11-18 11:00:00,1.9738487950701158,22.062480957490695
2025-11-18 12:00:00,1.9161277984390819,24.803192100370108
2025-11-18 13:00:00,1.699167711143189,31.96792133374385
2025-11-18 14:00:00,1.1692668195751248,30.306625810615756
2025-11-18 15:00:00,0.8358462765048775,16.805984834226255
2025-11-18 16:00:00,0.396199296882393,23.982773802484537
2025-11-18 17:00:00,0.43380190161423654,20.267646080109888
2025-11-18 18:00:00,0.46746370309726926,24.80453532966724
2025-11-18 19:00:00,0.6760613048571514,20.22162530099628
2025-11-18 20:00:00,1.1248000103830846,22.387267338406556
2025-11-18 21:00:00,1.2947053859545419,22.65076038126002
2025-11-18 22:00:00,1.7799857908013332,17.420100750882064
2025-11-18 23:00:00,2.027796316039166,26.091042701609823
2025-11-19 00:00:00,2.086748500624508,19.44027727343763
2025-11-19 01:00:00,1.6972083505619815,20.815962761285103
2025-11-19 02:00:00,1.4384660591288476,22.134290118200987
2025-11-19 03:00:00,1.1831684767010884,26.952791602247565
2025-11-19 04:00:00,0.5037855165962677,29.424763084480325
2025-11-19 05:00:00,0.6235709330261798,27.003086529509055
2025-11-19 06:00:00,0.33041062332676074,22.02402708354306
2025-11-19 07:00:00,0.6300238328682002,26.301039771730768
2025-11-19 08:00:00,0.9720678903731449,20.257706047852807
2025-11-19 09:00:00,1.2877120920643885,14.300380107006212
2025-11-19 10:00:00,1.6913465724588586,22.284189881982186
2025-11-19 11:00:00,1.973813636877566,19.61760187519575
2025-11-19 12:00:00,2.0493081159563347,30.275109367076215
2025-11-19 13:00:00,1.9276905537112843,16.042161908768158
2025-11-19 14:00:00,1.5986548425094584,24.02456248973844
2025-11-19 15:00:00,1.3423249872329128,19.318156692168078
2025-11-19 16:00:00,0.9191539902154616,12.207627552008303
2025-11-19 17:00:00,0.5102407446897319,23.710444252266093
2025-11-19 18:00:00,0.1995173365822036,21.842652678974105
2025-11-19 19:00:00,0.3593898429738161,27.443371421618483
2025-11-19 20:00:00,0.9977200973101354,20.244035796698608
2025-11-19 21:00:00,1.1419568218838212,23.280822834138306
2025-11-19 22:00:00,1.426292474846542,17.603022457310004
2025-11-19 23:00:00,3.16263391875094,83.49598400296213
2025-11-20 00:00:00,1.9885573804305623,23.349466145682285
2025-11-20 01:00:00,1.927071454552822,11.027230995157867
2025-11-20 02:00:00,1.6971573215318139,23.04993817316494
2025-11-20 03:00:00,1.2275112186815629,19.742553793433295
2025-11-20 04:00:00,0.9383190655518125,18.591138607149443
2025-11-20 05:00:00,0.7749562162776163,7.546337586985295
2025-11-20 06:00:00,0.4040184700134476,18.902182355880374
2025-11-20 07:00:00,0.4936208545937636,20.699247722825138
2025-11-20 08:00:00,0.5397304443694765,23.995112334184178
2025-11-20 09:00:00,0.9021787702772789,13.060871308372509
2025-11-20 10:00:00,1.3552299501230216,27.6139571628936
2025-11-20 11:00:00,1.593319180262907,15.591390291319154
2025-11-20 12:00:00,1.8962876381203502,23.996245129547653
2025-11-20 13:00:00,2.094190992947173,15.909125967302288
2025-11-20 14:00:00,1.860457635502421,23.497431456861868
2025-11-20 15:00:00,1.421854021499274,22.547808260597797
2025-11-20 16:00:00,1.2214837881603526,16.569692780344823
2025-11-20 17:00:00,0.7699592733795665,14.93549008104559
2025-11-20 18:00:00,0.4731486918218596,30.258401360313663
2025-11-20 19:00:00,0.5790216719191087,9.213240547744732
2025-11-20 20:00:00,0.3806066876547902,21.270927565003824
2025-11-20 21:00:00,0.8283945274596196,22.67893528323075
2025-11-20 22:00:00,1.1046694451713082,20.46907265034916
2025-11-20 23:00:00,1.4560796580683661,28.73768598669318
2025-11-21 00:00:00,1.780344425440003,25.415325482200704
2025-11-21 01:00:00,1.949000256379779,32.04991673152608
2025-11-21 02:00:00,1.964197170048292,28.42986639031001
2025-11-21 03:00:00,1.5236261630318721,13.494973536084334
2025-11-21 04:00:00,1.2231163138935923,24.588607515601698
2025-11-21 05:00:00,1.0280022735110823,16.946636469732237
2025-11-21 06:00:00,0.4157976689253261,27.2855420382712
2025-11-21 07:00:00,0.33840247618828506,14.475762187562623
2025-11-21 08:00:00,0.34745564190277345,10.377068960891435
2025-11-21 09:00:00,0.5435580388050993,17.571823102394955
2025-11-21 10:00:00,0.9754880555259,16.675012177497994
2025-11-21 11:00:00,1.466105882826391,25.262460871008773
2025-11-21 12:00:00,1.6363402321614648,18.158470465907538
2025-11-21 13:00:00,1.9097996060387479,9.458248902191412
2025-11-21 14:00:00,2.175672966673376,19.828411489960235
2025-11-21 15:00:00,1.7438814462845356,15.138540219012478
2025-11-21 16:00:00,1.4865139590986332,21.34693464785027
2025-11-21 17:00:00,1.1031335726746527,22.388161793524596
2025-11-21 18:00:00,2.2775706933064352,77.28826915478564
2025-11-21 19:00:00,0.4570774766742903,19.13761004330092
2025-11-21 20:00:00,0.26044040299190957,28.58502219667869
2025-11-21 21:00:00,0.6739985635040575,22.120642684802686
2025-11-21 22:00:00,1.0296945463931713,25.805694009346112
2025-11-21 23:00:00,1.1700601942660924,18.81522980729234
2025-11-22 00:00:00,1.7349768662320801,19.017741683933597
2025-11-22 01:00:00,1.7867920540551454,18.922309887458916
2025-11-22 02:00:00,2.1386126931020737,11.92283641778933
2025-11-22 03:00:00,1.7696080826885157,22.60925096116827
2025-11-22 04:00:00,1.551447512905364,28.011008404430527
2025-11-22 05:00:00,1.1948389630930705,18.27650906010747
2025-11-22 06:00:00,0.717808433550592,26.788574650141108
2025-11-22 07:00:00,0.5724107959238379,18.212793575482507
2025-11-22 08:00:00,0.42084201638841906,19.122280817421576
2025-11-22 09:00:00,0.4971313184501751,25.763494980827296
2025-11-22 10:00:00,0.8604233003668058,30.223072363167184
2025-11-22 11:00:00,1.229718795743384,18.418397242778312
2025-11-22 12:00:00,1.4172273255736654,19.272755063817705
2025-11-22 13:00:00,1.9082867432314055,19.746989807673376
2025-11-22 14:00:00,2.0326172271709417,13.373639252612811
2025-11-22 15:00:00,1.7628313193054364,18.24729327620754
2025-11-22 16:00:00,1.7669793647560177,14.102371197744066
2025-11-22 17:00:00,1.4189552753898251,15.451875350705407
2025-11-22 18:00:00,0.835253598915153,19.176992329125397
2025-11-22 19:00:00,0.5978874726373921,19.91137442863497
2025-11-22 20:00:00,0.26326609874182855,18.03455453117725
2025-11-22 21:00:00,0.44381497978958856,15.194386158890067
2025-11-22 22:00:00,0.7511484023900354,22.416732540725288
2025-11-22 23:00:00,0.9757178345017358,26.684224859260333
2025-11-23 00:00:00,1.2841657743872092,20.59206225813256
2025-11-23 01:00:00,1.6111042696320943,33.020907390974756
2025-11-23 02:00:00,1.9083744008577317,28.449943026484135
2025-11-23 03:00:00,1.8620894847287877,13.766859593712407
2025-11-23 04:00:00,1.8091984031058241,20.735810489447115
2025-11-23 05:00:00,1.5608585629463416,24.074651532060354
2025-11-23 06:00:00,0.9449441876874649,18.092908575091453
2025-11-23 07:00:00,0.7144536339349093,20.654597561531215
2025-11-23 08:00:00,0.37783258757631827,29.85674515313752
2025-11-23 09:00:00,0.2668576835449622,20.18620765527868
2025-11-23 10:00:00,0.376958765155167,21.491377056403998
2025-11-23 11:00:00,0.8653374863385777,13.899148384256145
2025-11-23 12:00:00,1.1573888881169894,22.40741912978981
2025-11-23 13:00:00,1.6287041057277027,15.210977844381265
2025-11-23 14:00:00,1.6927928028425998,24.698295615239815
2025-11-23 15:00:00,2.052742514437942,11.733693592922224
2025-11-23 16:00:00,2.0783849311946216,18.912240016873447
2025-11-23 17:00:00,1.6210277799141934,12.232201743227467
2025-11-23 18:00:00,1.202892050251951,29.575929450251003
2025-11-23 19:00:00,0.9743343697214004,6.492207314543265
2025-11-23 20:00:00,0.5747652073250284,24.258928498216967
2025-11-23 21:00:00,0.6306187071303676,15.440006634746291
2025-11-23 22:00:00,0.5174793184019988,18.195290343111292
2025-11-23 23:00:00,0.7621399167469314,10.917996879255263
2025-11-24 00:00:00,1.134329304109936,21.39762897765614
2025-11-24 01:00:00,1.384385891788153,18.190130548229035
2025-11-24 02:00:00,1.8204321778962491,15.867896074165545
2025-11-24 03:00:00,1.9304432673658634,28.77142778954868
2025-11-24 04:00:00,1.9510872685359175,23.44986451564542
2025-11-24 05:00:00,1.6299308006332502,25.203884126294625
2025-11-24 06:00:00,1.3975514555401072,19.898616683324317
2025-11-24 07:00:00,1.2559169033230826,17.03580210375351
2025-11-24 08:00:00,0.6846896909274721,19.983299796127692
2025-11-24 09:00:00,0.5041147642225197,18.94832288904777
2025-11-24 10:00:00,0.5505869321442718,18.997975659914783
2025-11-24 11:00:00,0.6045223922366142,24.185050818265672
2025-11-24 12:00:00,0.988165413561814,17.21432585408508
2025-11-24 13:00:00,1.3981611242356131,14.241414065593695
2025-11-24 14:00:00,1.6827475982209859,17.3834513174891
2025-11-24 15:00:00,1.9448475052792935,23.927514437719648
2025-11-24 16:00:00,2.089425219404224,17.43855425167142
2025-11-24 17:00:00,1.8511046875833574,20.308344430018447
2025-11-24 18:00:00,1.4738763591404012,21.102173487553745
2025-11-24 19:00:00,1.158145288859789,16.863309337105324
2025-11-24 20:00:00,0.8538398893161858,18.084614565775375
2025-11-24 21:00:00,0.4084356267275593,19.778885016241812
2025-11-24 22:00:00,0.4982221320860703,14.458293187354386
2025-11-24 23:00:00,0.5218016831832621,30.882695584081162
2025-11-25 00:00:00,0.7635867424933932,29.579929220983562
2025-11-25 01:00:00,1.023931035221961,16.4452681868543
2025-11-25 02:00:00,1.585476651279968,21.303343129720243
2025-11-25 03:00:00,1.7925079318728234,11.676471946886753
2025-11-25 04:00:00,2.03374316458039,28.13595919169197
2025-11-25 05:00:00,1.9838988189577904,24.548719848575484
2025-11-25 06:00:00,1.5721574286707356,15.711740219128991
2025-11-25 07:00:00,1.2538572833696198,29.223005221806773
2025-11-25 08:00:00,1.1345312646566144,9.079507013089625
2025-11-25 09:00:00,0.7213258735523989,21.02833205480573
2025-11-25 10:00:00,0.5457187460855272,25.97714872818728
2025-11-25 11:00:00,0.4208669573582928,15.884064868614697
2025-11-25 12:00:00,0.4737643879914172,23.87244840908891
2025-11-25 13:00:00,0.9857260388648615,20.992408664528504
2025-11-25 14:00:00,1.3070628448090598,24.063562744556016
2025-11-25 15:00:00,3.3808542838278592,79.18036972892655
2025-11-25 16:00:00,2.0397361068699094,9.590048514093672
2025-11-25 17:00:00,1.9164217426763805,11.042682660776899
2025-11-25 18:00:00,2.057603830956135,19.137325791415623
2025-11-25 19:00:00,1.5029345853361327,17.07043288850138
2025-11-25 20:00:00,1.1766329151831028,26.21064414543018
2025-11-25 21:00:00,0.8586583032057427,31.377466486296644
2025-11-25 22:00:00,0.5233031916225188,14.08381640125143
2025-11-25 23:00:00,0.4079589265666071,16.808136409927712
2025-11-26 00:00:00,0.4559057812794149,21.83453036253638
2025-11-26 01:00:00,0.6905800505260544,19.856327151673607
2025-11-26 02:00:00,1.2719553656863671,21.11383518725416
2025-11-26 03:00:00,1.5412432677033998,22.750407673765732
2025-11-26 04:00:00,1.9066808674697378,8.61633203682753
2025-11-26 05:00:00,2.013822352166946,25.306607812736573
2025-11-26 06:00:00,2.0377927669949374,24.528490035712018
2025-11-26 07:00:00,1.7637087844134598,32.64098930816131
2025-11-26 08:00:00,1.413322833318769,26.114833215681372
2025-11-26 09:00:00,0.8972170765859541,22.927227198131536
2025-11-26 10:00:00,0.6356959057451851,16.438880421476572
2025-11-26 11:00:00,0.5631579050993646,24.729484764905234
2025-11-26 12:00:00,0.45817603571149285,27.385504846605063
2025-11-26 13:00:00,2.2066161232134682,71.07603903501574
2025-11-26 14:00:00,1.029551435089009,18.855086747988018
2025-11-26 15:00:00,1.5063190446721446,20.450010737007666
2025-11-26 16:00:00,1.7468117342028875,19.46917395952085
2025-11-26 17:00:00,1.9788185959230569,25.97600904445282
2025-11-26 18:00:00,2.1102606403664486,12.199667523060057
2025-11-26 19:00:00,1.8461061025611272,24.00258932472811
2025-11-26 20:00:00,1.3548750953957396,23.046699682038486
2025-11-26 21:00:00,1.1556300867650275,19.016339299234147
2025-11-26 22:00:00,0.7275540898860302,19.528654590254778
2025-11-26 23:00:00,0.530646939169228,15.601651524267387
2025-11-27 00:00:00,0.5391566383842505,11.162549080589898
2025-11-27 01:00:00,0.4840899174228987,16.410873115501232
2025-11-27 02:00:00,0.7466076785796413,20.547172816928178
2025-11-27 03:00:00,1.3818129823630465,18.085328452795768
2025-11-27 04:00:00,1.7676378668863122,26.49582459291703
2025-11-27 05:00:00,1.702517729131207,20.855172426679978
2025-11-27 06:00:00,2.0515828194334556,19.227043206076694
2025-11-27 07:00:00,1.8984163551107045,27.24668020573086
2025-11-27 08:00:00,1.524481855844557,29.036754694425348
2025-11-27 09:00:00,2.7653736849511708,86.12164691240413
2025-11-27 10:00:00,0.6750352248980407,15.34046384347581
2025-11-27 11:00:00,0.3759489047209077,21.814396019904223
2025-11-27 12:00:00,0.31729673173038914,29.84193823010352
2025-11-27 13:00:00,0.3767105487303964,19.508313986921674
2025-11-27 14:00:00,0.5516583309899672,18.9599619455341
2025-11-27 15:00:00,0.9378086491272782,24.67025474794744
2025-11-27 16:00:00,1.6327628176565343,22.599841149504126
2025-11-27 17:00:00,1.872134526721755,20.497827641954025
2025-11-27 18:00:00,2.1349224740330137,20.64730334757013
2025-11-27 19:00:00,1.825882182658363,14.32968545444594
2025-11-27 20:00:00,1.888032335696546,27.770958531717735
2025-11-27 21:00:00,1.3161162638200694,10.390538047554102
2025-11-27 22:00:00,0.8865738759758024,25.482639277358167
2025-11-27 23:00:00,0.6095855981766806,15.576659770431904
2025-11-28 00:00:00,0.6575993288329594,10.110922480216718
2025-11-28 01:00:00,0.4304409628110816,22.429496427945274
2025-11-28 02:00:00,0.6343335583667583,29.134709048262284
2025-11-28 03:00:00,0.9294969590786588,22.15912578544293
2025-11-28 04:00:00,1.359061909371866,21.14164301197869
2025-11-28 05:00:00,1.6515623260627084,18.60235723787861
2025-11-28 06:00:00,1.8931479178119948,24.309580775553094
2025-11-28 07:00:00,1.94006674578501,18.768364436269504
2025-11-28 08:00:00,1.7687330014941687,25.765153202522225
2025-11-28 09:00:00,1.5175614319535502,23.792563180129054
2025-11-28 10:00:00,1.1381776685529383,11.09177136631849
2025-11-28 11:00:00,0.5913722220752273,21.80952775479196
2025-11-28 12:00:00,0.34390044289783395,13.846930055770743
2025-11-28 13:00:00,0.30791669532055443,24.302322869869382
2025-11-28 14:00:00,0.6859124722511997,4.54785599995069
2025-11-28 15:00:00,0.8298801350149466,17.60112938584719
2025-11-28 16:00:00,2.6702230273366476,89.58678008123782
2025-11-28 17:00:00,1.7481308067169945,7.57040835644891
2025-11-28 18:00:00,3.4926573887577184,80.1507348949157
2025-11-28 19:00:00,1.9169351229857599,19.758473424814056
2025-11-28 20:00:00,1.8882797045626534,24.44668913871522
2025-11-28 21:00:00,1.7348489742960516,21.704895188055016
2025-11-28 22:00:00,1.1924644323368014,22.309388707230536
2025-11-28 23:00:00,0.8451176113207006,15.022629659169066
2025-11-29 00:00:00,0.6598092219066629,19.834080289484106
2025-11-29 01:00:00,0.5567820416471123,21.939324520709327
2025-11-29 02:00:00,0.36034852761588765,16.186320932066025
2025-11-29 03:00:00,0.6678720711241843,22.526754447919718
2025-11-29 04:00:00,1.0639525900186695,18.013363651997647
2025-11-29 05:00:00,1.4329290867878586,13.126112381419826
2025-11-29 06:00:00,1.7109151395731834,11.591549966838844
2025-11-29 07:00:00,2.015260323172454,29.725523602118702
2025-11-29 08:00:00,1.9083674975996912,17.674161242048495
2025-11-29 09:00:00,1.7531875563063168,20.94817360206495
2025-11-29 10:00:00,1.4061944411804828,15.506041407931997
2025-11-29 11:00:00,0.9453260588660386,17.93796665814405
2025-11-29 12:00:00,0.6063882028128258,16.228739603023694
2025-11-29 13:00:00,0.3189532570383826,14.561775507423315
2025-11-29 14:00:00,0.41681862104057393,20.43666396934219
2025-11-29 15:00:00,0.4926125210004907,21.676953603801948
2025-11-29 16:00:00,0.8108211073376406,21.15108863453964
2025-11-29 17:00:00,1.1790526726797592,21.916226569191313
2025-11-29 18:00:00,1.6099748982159128,27.826473538811037
2025-11-29 19:00:00,2.1066031171525994,19.9778169037803
2025-11-29 20:00:00,1.9667660127992337,18.49536788795196
2025-11-29 21:00:00,1.8585346489693697,13.916749637645244
2025-11-29 22:00:00,1.592057058866993,15.992633220892893
2025-11-29 23:00:00,1.1791496711353509,14.236128799830503
2025-11-30 00:00:00,0.7622566025525819,16.686921035771974
2025-11-30 01:00:00,0.6020663566910758,18.33207770029027
2025-11-30 02:00:00,0.3742079766520361,22.968901036128702
2025-11-30 03:00:00,0.6562002976258918,15.021915508908325
2025-11-30 04:00:00,0.7444741132767783,24.04119218017423
2025-11-30 05:00:00,1.2933541416697394,15.72982355554958
2025-11-30 06:00:00,1.3636557183503915,16.215093490539058
2025-11-30 07:00:00,1.8213224691084586,21.306465932791067
2025-11-30 08:00:00,1.776837644901954,15.075381557819778
2025-11-30 09:00:00,2.147155968006349,22.289086114058136
2025-11-30 10:00:00,1.6334591874257511,21.07296895399022
2025-11-30 11:00:00,1.5760401192378484,24.744352041873945
2025-11-30 12:00:00,0.83222231150739,31.984487885491852
2025-11-30 13:00:00,0.7275834847494691,23.195690151638942
2025-11-30 14:00:00,0.3147531684839393,16.590592494332775
2025-11-30 15:00:00,2.0932367807519148,81.55922753672037
2025-11-30 16:00:00,0.6278073068570478,13.510234444795902
2025-11-30 17:00:00,0.9613835336360836,22.413923885641058
2025-11-30 18:00:00,1.4631747454968946,16.73386888789174
2025-11-30 19:00:00,1.9040144180328886,21.075293470422558
2025-11-30 20:00:00,2.084713063465355,20.699179727587875
2025-11-30 21:00:00,2.0815278311128003,19.504493598861117
2025-11-30 22:00:00,1.9629100368972716,15.699594628216335
2025-11-30 23:00:00,1.4303738370684695,15.906574417360053
2025-12-01 00:00:00,1.1104715007846704,24.624599009748362
2025-12-01 01:00:00,0.9003937821308773,24.55540906618598
2025-12-01 02:00:00,0.38795738775297295,19.81082744697709
2025-12-01 03:00:00,0.4643792624502657,9.204872806884214
2025-12-01 04:00:00,0.5890869299220276,12.257998480437653
2025-12-01 05:00:00,0.755936392560515,19.53846910198727
2025-12-01 06:00:00,1.1191795257600599,20.665497874443616
2025-12-01 07:00:00,1.5061359963694665,18.825043037887124
2025-12-01 08:00:00,1.9085645029058307,23.432663209946895
2025-12-01 09:00:00,2.037627156998559,23.182248880646736
2025-12-01 10:00:00,1.8742224928421998,8.584787047822488
2025-12-01 11:00:00,1.5808104327782264,22.0564882709165
2025-12-01 12:00:00,1.2399203238006378,17.297072955362644
2025-12-01 13:00:00,0.8664431651631355,25.171097503271678
2025-12-01 14:00:00,0.5728517101508874,15.277962074701033
2025-12-01 15:00:00,0.4383165729588738,20.86175975402738
2025-12-01 16:00:00,0.4065447110845382,24.001685018019177
2025-12-01 17:00:00,0.7813259900913005,28.654382686022366
2025-12-01 18:00:00,1.15589810916127,15.003808593911852
2025-12-01 19:00:00,1.4601711121834797,15.426855767986039
2025-12-01 20:00:00,1.7512711816894735,14.239999730076159
2025-12-01 21:00:00,1.866898062505236,24.594603061105865
2025-12-01 22:00:00,2.0673563400336454,27.40066602341276
2025-12-01 23:00:00,1.6895813485882178,12.32007018197541
2025-12-02 00:00:00,1.3694544501366677,25.731368030364926
2025-12-02 01:00:00,1.106778449167234,15.864408595431755
2025-12-02 02:00:00,2.078433947969421,80.98915333137906
2025-12-02 03:00:00,0.4542096368411254,21.40337340382659
2025-12-02 04:00:00,0.39540713239173314,3.1198570073492675
2025-12-02 05:00:00,0.40953463543060886,15.146579140202862
2025-12-02 06:00:00,0.8395332808899065,20.1981088678832
2025-12-02 07:00:00,1.4726845686319199,11.430140654363198
2025-12-02 08:00:00,1.6308182377025842,24.208768906280643
2025-12-02 09:00:00,1.861213788617071,22.429900925493943
2025-12-02 10:00:00,2.142547010480581,11.236103949045596
2025-12-02 11:00:00,1.9276106548151435,20.179044715176712
2025-12-02 12:00:00,1.694418542999552,21.364224415651073
2025-12-02 13:00:00,1.2155872141464044,19.201118908606627
2025-12-02 14:00:00,0.8470613231427516,21.670369908991795
2025-12-02 15:00:00,0.4634306682437718,27.280256629841883
2025-12-02 16:00:00,0.3482505944205468,7.311104844562495
2025-12-02 17:00:00,1.988075611053831,80.23067195526804
2025-12-02 18:00:00,0.7730327575102165,27.501407503879456
2025-12-02 19:00:00,1.059716394687167,27.675646346074814
2025-12-02 20:00:00,1.6850348195510583,9.655176740581485
2025-12-02 21:00:00,1.7398124341534633,27.654275364644107
2025-12-02 22:00:00,2.060264066327,16.367390386095884
2025-12-02 23:00:00,1.8738811664401742,18.732535184741323
2025-12-03 00:00:00,1.7037990723453433,18.141300109166867
2025-12-03 01:00:00,1.213506060846704,20.489275026903517
2025-12-03 02:00:00,0.9874995302744854,20.161751194965593
2025-12-03 03:00:00,0.60873534084767,18.41980295808978
2025-12-03 04:00:00,0.35541976184859625,17.55916211385512
2025-12-03 05:00:00,0.3640715954135249,26.058486951858256
2025-12-03 06:00:00,0.4760111714903058,19.975231156436703
2025-12-03 07:00:00,1.0122487407710765,26.543188947666756
2025-12-03 08:00:00,1.2042498158332506,19.731410470193055
2025-12-03 09:00:00,1.7888951292752817,31.05719706720567
2025-12-03 10:00:00,1.867649770661269,28.468548623521116
2025-12-03 11:00:00,1.993430808951055,19.068992392116527
2025-12-03 12:00:00,1.9419277607073915,20.094622870996933
2025-12-03 13:00:00,1.5512519483894958,19.154611665084587
2025-12-03 14:00:00,1.1422640696387962,20.339872510404714
2025-12-03 15:00:00,0.781453123798353,16.96783343936185
2025-12-03 16:00:00,0.513775287869763,23.485430707532487
2025-12-03 17:00:00,0.41711637460177753,17.261648997726354
2025-12-03 18:00:00,0.4732894279447374,22.201641978520296
2025-12-03 19:00:00,0.7524155071032157,22.12384669322428
2025-12-03 20:00:00,1.1909605507453598,9.493966897943302
2025-12-03 21:00:00,1.759980762529081,15.583400151473006
2025-12-03 22:00:00,1.603635440234181,28.914582560537028
2025-12-03 23:00:00,2.0181658251936225,18.416467635146905
2025-12-04 00:00:00,1.8058170142113246,16.38043564950239
2025-12-04 01:00:00,1.4280782716257827,23.31797981496938
2025-12-04 02:00:00,1.2464161881992872,22.787149319036384
2025-12-04 03:00:00,0.8065066413131962,14.490564178842888
2025-12-04 04:00:00,0.6284477126161713,19.450918756421434
2025-12-04 05:00:00,0.47853000107249744,18.134605173596572
2025-12-04 06:00:00,0.22616414330780898,23.332439808784102
2025-12-04 07:00:00,0.5376787432183968,15.21609761303311
2025-12-04 08:00:00,1.0763704832675647,22.884515972867614
2025-12-04 09:00:00,1.3547092004171961,16.717517503347885
2025-12-04 10:00:00,1.7942666142555768,16.90260963275927
2025-12-04 11:00:00,1.8779214323455808,18.946179909260717
2025-12-04 12:00:00,1.9558996464318417,24.144244511876064
2025-12-04 13:00:00,1.79594548825041,14.268812743523519
2025-12-04 14:00:00,1.4631632489855568,14.04624637360752
2025-12-04 15:00:00,1.0944069714215199,20.814671888791988
2025-12-04 16:00:00,0.6138799048207051,23.22702818483172
2025-12-04 17:00:00,0.5719584032214431,15.632978644303268
2025-12-04 18:00:00,0.45974325640896085,15.007250732327456
2025-12-04 19:00:00,0.2838222348437694,15.31279387133713
2025-12-04 20:00:00,0.721882915099597,24.296228893710285
2025-12-04 21:00:00,1.2439626865441915,18.71552244596744
2025-12-04 22:00:00,1.2240907730912276,10.143196991699092
2025-12-04 23:00:00,1.991200777556374,23.724314831032817
2025-12-05 00:00:00,2.116955877693221,29.707958987160435
2025-12-05 01:00:00,1.871713814366942,27.100191486708535
2025-12-05 02:00:00,1.6629183117069362,20.230857112326234
2025-12-05 03:00:00,1.0116754839823034,15.58008213835068
2025-12-05 04:00:00,0.7939502414868853,19.645368964133468
2025-12-05 05:00:00,0.6172490591168591,25.22954267534767
2025-12-05 06:00:00,0.39070977031277926,20.311490566738367
2025-12-05 07:00:00,0.6289546833279925,23.941980286674738
2025-12-05 08:00:00,0.6227306180560781,16.766305596040617
2025-12-05 09:00:00,1.0871944275426493,18.93752384224957
2025-12-05 10:00:00,1.5210581233085425,20.97821299426069
2025-12-05 11:00:00,1.6809899696991928,25.231554424671714
2025-12-05 12:00:00,2.141139083992431,18.254857439520173
2025-12-05 13:00:00,1.9924162845702948,19.074214102845577
2025-12-05 14:00:00,1.663364440174221,27.1482952275977
2025-12-05 15:00:00,1.4401256225561787,15.363063636305778
2025-12-05 16:00:00,1.0285458841634856,22.29671298486267
2025-12-05 17:00:00,0.5909924646481267,14.999034772449324
2025-12-05 18:00:00,0.2513357286788112,16.002583206506706
2025-12-05 19:00:00,0.4534882519969423,14.869107390958865
2025-12-05 20:00:00,0.677975354647502,13.945596833668308
2025-12-05 21:00:00,0.999565747748233,21.143590050715872
2025-12-05 22:00:00,1.371487886130833,17.357349695981476
2025-12-05 23:00:00,1.5856989136429493,17.182164489759135
2025-12-06 00:00:00,1.7918800424613752,24.97736845509126
2025-12-06 01:00:00,2.072533214110365,20.454728992657227
2025-12-06 02:00:00,1.855774351685715,14.719726979229034
2025-12-06 03:00:00,1.643340470072857,14.645651150275521
2025-12-06 04:00:00,1.1181718439449955,25.16249599626692
2025-12-06 05:00:00,0.6858526634261318,10.1389141491914
2025-12-06 06:00:00,0.33492166705312765,32.08566370154828
2025-12-06 07:00:00,0.2342256042817582,24.201435313620795
2025-12-06 08:00:00,0.5549650161061709,18.118555472924847
2025-12-06 09:00:00,0.8105615774935716,16.088048161219383
2025-12-06 10:00:00,1.1452091713054458,21.96965086624063
2025-12-06 11:00:00,1.5870042889274572,19.18629240755043
2025-12-06 12:00:00,1.8276202902769152,24.498319845268124
2025-12-06 13:00:00,2.1912035677432655,16.549946500031552
2025-12-06 14:00:00,1.9865493212232634,23.249936827402866
2025-12-06 15:00:00,1.4162538728235716,28.309791326665795
2025-12-06 16:00:00,1.2168963929702852,20.11587049128543
2025-12-06 17:00:00,0.9930264376819724,20.145976583574583
2025-12-06 18:00:00,0.5019021918248924,25.42082882373411
2025-12-06 19:00:00,0.4784671576993792,17.020775252919865
2025-12-06 20:00:00,0.4607574583443636,19.984080331244183
2025-12-06 21:00:00,0.6804984807972798,25.74366581221007
2025-12-06 22:00:00,1.1461483588023273,22.996481017940795
2025-12-06 23:00:00,1.4718697873506728,21.60680294458578
2025-12-07 00:00:00,1.7281029727597,22.965624843472288
2025-12-07 01:00:00,1.9985977420013357,22.062649918732905
2025-12-07 02:00:00,2.0151620765478726,26.31139319960182
2025-12-07 03:00:00,1.5959017064609826,23.723632720000296
2025-12-07 04:00:00,1.3624160069441331,16.207840918859592
2025-12-07 05:00:00,0.8817426766766829,20.917027214251803
2025-12-07 06:00:00,0.5975401279024803,14.20872311935618
2025-12-07 07:00:00,0.5756985633479561,26.662288783067645
2025-12-07 08:00:00,0.4081652283665509,20.69729905647648
2025-12-07 09:00:00,0.5259549566528662,27.967279498150532
2025-12-07 10:00:00,0.7498951417056415,13.876995880989432
2025-12-07 11:00:00,1.3434009743489086,15.962824158353877
2025-12-07 12:00:00,1.754599310244476,15.424372236187565
2025-12-07 13:00:00,1.8606381657818774,14.798955573586358
2025-12-07 14:00:00,2.0348029548384576,18.58843553451587
2025-12-07 15:00:00,1.8457124317185103,21.736183266517198
2025-12-07 16:00:00,1.7572366538498352,16.328854725806266
2025-12-07 17:00:00,1.3866171636388036,26.572383348669632
2025-12-07 18:00:00,0.7719103169186875,23.298132876216542
2025-12-07 19:00:00,0.6185235113402552,26.522251407450028
2025-12-07 20:00:00,0.35051354616140545,23.86487011131066
2025-12-07 21:00:00,0.3408618623282157,18.40424859879061
2025-12-07 22:00:00,0.6903007221919206,14.28925438702814
2025-12-07 23:00:00,1.1174016257224921,15.681741058461316
2025-12-08 00:00:00,1.4275242908007901,12.725630994505117
2025-12-08 01:00:00,3.4491615255781354,83.17913618998872
2025-12-08 02:00:00,2.061388880957694,27.941786982610395
2025-12-08 03:00:00,1.8699398026975793,19.963744097789686
2025-12-08 04:00:00,1.8713643573255212,19.9655107434062
2025-12-08 05:00:00,1.3022993612889564,14.717187955869413
2025-12-08 06:00:00,1.013136945101833,13.290961977857283
2025-12-08 07:00:00,0.6161904532448288,30.50519847780887
2025-12-08 08:00:00,0.42733618471775037,28.753011398646123
2025-12-08 09:00:00,0.387572578742996,18.70062046424192
2025-12-08 10:00:00,0.6831582229822549,18.203916472366704
2025-12-08 11:00:00,1.0022816795426501,27.06366432291509
2025-12-08 12:00:00,1.3387731553317015,27.309225518175303
2025-12-08 13:00:00,1.5803216410165746,19.050791275954182
2025-12-08 14:00:00,2.0954745762348166,17.79155059142603
2025-12-08 15:00:00,2.135782527450095,22.934651459651466
2025-12-08 16:00:00,1.69570407040728,21.965504329193354
2025-12-08 17:00:00,1.4339793013411044,17.877736321760345
2025-12-08 18:00:00,1.169760021675092,17.489612479653164
2025-12-08 19:00:00,0.8548919261978545,22.584917264138657
2025-12-08 20:00:00,0.48040630182774685,19.98696650664476
2025-12-08 21:00:00,0.27270307397438887,23.596154385460572
2025-12-08 22:00:00,0.48504548556092764,25.112183081636655
2025-12-08 23:00:00,0.767931314477877,17.457621684158003
2025-12-09 00:00:00,1.1628472881987195,12.424116282332829
2025-12-09 01:00:00,1.5558720152209924,25.46287830159575
2025-12-09 02:00:00,1.7741851130375346,24.8854122459929
2025-12-09 03:00:00,2.0838388974475865,13.129448552913153
2025-12-09 04:00:00,1.7276370109884813,15.281264283512526
2025-12-09 05:00:00,1.5903738462213948,4.580601566338284
2025-12-09 06:00:00,1.244534655669715,9.838067341555515
2025-12-09 07:00:00,0.8230465766191182,20.693704822564225
2025-12-09 08:00:00,0.5706653214878257,17.152346006579545
2025-12-09 09:00:00,0.4174175022038489,15.613266405874345
2025-12-09 10:00:00,0.3963966075909189,24.307319820045073
2025-12-09 11:00:00,0.6002761732743523,14.138738171039085
2025-12-09 12:00:00,1.2332596783975858,8.281116245164684
2025-12-09 13:00:00,1.4354029540379416,16.787312188530606
2025-12-09 14:00:00,1.574127268009291,18.751809106693116
2025-12-09 15:00:00,1.8986514255759337,18.749991084037035
2025-12-09 16:00:00,1.842230875955063,30.646621288168387
2025-12-09 17:00:00,1.7509349621526182,14.359579913114471
2025-12-09 18:00:00,1.5145738873110086,22.30513828034958
2025-12-09 19:00:00,1.0162313186711203,10.613963867835864
2025-12-09 20:00:00,0.6984443941501242,23.61056084150202
2025-12-09 21:00:00,0.6281912921153461,20.325198355659513
2025-12-09 22:00:00,0.31774288527370526,20.68573405170735
2025-12-09 23:00:00,0.6201750434728294,17.26196583271895
2025-12-10 00:00:00,0.8036720877891144,23.75240840575046
2025-12-10 01:00:00,1.1291674109042926,15.711186974977071
2025-12-10 02:00:00,1.790811536859165,10.677390435895294
2025-12-10 03:00:00,1.805132566744851,24.496909746250484
2025-12-10 04:00:00,2.165081722143209,19.177255461741094
2025-12-10 05:00:00,1.7820209140987984,19.653889784372023
2025-12-10 06:00:00,1.56753638181205,18.854789011645977
2025-12-10 07:00:00,1.2334697665252732,16.38997387313971
2025-12-10 08:00:00,0.8679493531583835,29.59653365071391
2025-12-10 09:00:00,0.4174970474412431,16.5873294004397
2025-12-10 10:00:00,0.4584800645262001,9.958911346765563
2025-12-10 11:00:00,0.730881998082524,24.851396118591765
2025-12-10 12:00:00,0.8563763367636765,26.43328972535282
2025-12-10 13:00:00,1.0652872068500616,11.132448923462695
2025-12-10 14:00:00,1.6191660268581474,13.988496911351367
2025-12-10 15:00:00,2.0747182390181336,25.757347856491002
2025-12-10 16:00:00,2.128509357554751,14.816748597923876
2025-12-10 17:00:00,1.979550338538683,17.961151137097485
2025-12-10 18:00:00,1.7247440840359607,28.548011014433587
2025-12-10 19:00:00,1.3749051759600188,24.840829242655346
2025-12-10 20:00:00,0.8436912461633214,12.456272174007694
2025-12-10 21:00:00,0.562779361557093,20.159146915402683
2025-12-10 22:00:00,0.5863618853931949,22.27701936668975
2025-12-10 23:00:00,0.36964029699080314,21.942536259424344
2025-12-11 00:00:00,0.6510063893981505,16.755518444934964
2025-12-11 01:00:00,1.0846086094063376,18.131919502677704
2025-12-11 02:00:00,1.2103104880692062,23.483440075357297
2025-12-11 03:00:00,1.8193883208914203,16.064156536374963
2025-12-11 04:00:00,1.9730138277502849,31.069817431556046
2025-12-11 05:00:00,1.869530645193762,20.194867265380573
2025-12-11 06:00:00,1.802553321206361,26.752895833807017
2025-12-11 07:00:00,1.2824944630720518,22.586766329072102
2025-12-11 08:00:00,1.0768592907400705,30.42387035910219
2025-12-11 09:00:00,0.7028407809364675,26.02657337112991
2025-12-11 10:00:00,0.583241261948329,22.85050274304229
2025-12-11 11:00:00,0.3360970803332977,14.326847938962912
2025-12-11 12:00:00,0.4771293741113545,7.360641936541295
2025-12-11 13:00:00,0.7343533878873081,24.25336805180229
2025-12-11 14:00:00,1.194715025901462,19.318292854721715
2025-12-11 15:00:00,1.746213483042348,20.688957199660766
2025-12-11 16:00:00,1.9116428548025353,22.168063202681896
2025-12-11 17:00:00,2.0402103166452497,22.894209375003825
2025-12-11 18:00:00,1.7637598037293851,20.634215694673276
2025-12-11 19:00:00,1.476175865910697,22.414766098108643
2025-12-11 20:00:00,1.251663495280603,25.100099834052237
2025-12-11 21:00:00,0.8252472940924983,20.675273233508904
2025-12-11 22:00:00,0.3964103753591932,24.43942494218505
2025-12-11 23:00:00,0.2619486987490678,18.214513846425238
2025-12-12 00:00:00,0.6256814619518853,20.710112382403526
2025-12-12 01:00:00,0.6779312410277791,14.370823750854473
2025-12-12 02:00:00,1.104330804338032,16.684281235357254
2025-12-12 03:00:00,1.2037499023721545,22.014522806183273
2025-12-12 04:00:00,3.3263967357922826,79.06723058849236
2025-12-12 05:00:00,1.8834940467653776,16.87196689057867
2025-12-12 06:00:00,1.9993776081067882,24.961745003315247
2025-12-12 07:00:00,1.628966061349705,20.828423253135433
2025-12-12 08:00:00,1.5110901489110058,22.08502864336903
2025-12-12 09:00:00,1.0369794605372886,16.47388571590282
2025-12-12 10:00:00,0.7721096709100771,11.416323711904328
2025-12-12 11:00:00,0.48676923652043885,18.79339458366429
2025-12-12 12:00:00,0.4974719562108094,21.864165005142848
2025-12-12 13:00:00,0.6975238312052028,16.763035586726314
2025-12-12 14:00:00,0.7054271922774269,15.187219824012276
2025-12-12 15:00:00,1.3521657794353,16.322040423461733
2025-12-12 16:00:00,1.7304708589351598,16.326317794766638
2025-12-12 17:00:00,2.0160765049363767,22.642032567533818
2025-12-12 18:00:00,2.0814229562473376,24.71213797095382
2025-12-12 19:00:00,2.0186009555677815,17.171297259539067
2025-12-12 20:00:00,1.5557846959833113,26.13251797212206
2025-12-12 21:00:00,1.2501720975681292,18.17626027440494
2025-12-12 22:00:00,0.8764476215573799,23.738328849452465
2025-12-12 23:00:00,0.39249350372947833,20.830626493064354
2025-12-13 00:00:00,0.355906291040759,20.16831822085851
2025-12-13 01:00:00,0.5070609647479642,19.50971468941019
2025-12-13 02:00:00,0.8289773138938032,33.61404215809168
2025-12-13 03:00:00,1.2305675727070344,23.373464100743178
2025-12-13 04:00:00,1.5796580464344938,18.88616112766365
2025-12-13 05:00:00,1.8468504383085342,16.38032941761783
2025-12-13 06:00:00,1.9834801430598603,24.310933757432096
2025-12-13 07:00:00,1.935623021392178,17.29579213693375
2025-12-13 08:00:00,1.5323478987799006,20.802585156615464
2025-12-13 09:00:00,1.3104985628779902,13.306909174116885
2025-12-13 10:00:00,1.141367622876977,15.482499276902649
2025-12-13 11:00:00,0.7118143086413244,21.637584598740894
2025-12-13 12:00:00,0.5886619798993068,20.8010578896244
2025-12-13 13:00:00,0.40066899526574473,23.81748576409382
2025-12-13 14:00:00,0.6991379935020235,20.49331819875418
2025-12-13 15:00:00,1.0218892939277406,17.155228839746638
2025-12-13 16:00:00,1.4420348740768272,12.289369000436103
2025-12-13 17:00:00,1.7690226664344881,23.09090580186578
2025-12-13 18:00:00,1.9503793103074778,26.096967217343146
2025-12-13 19:00:00,2.151940877651753,18.15295387174515
2025-12-13 20:00:00,1.7798418862772285,20.772881190639573
2025-12-13 21:00:00,3.087715449484269,82.41998024831274
2025-12-13 22:00:00,1.0907968251043605,23.72661515026783
2025-12-13 23:00:00,0.6628530807999689,18.413611294730643
2025-12-14 00:00:00,0.5033636429638954,24.819145712623985
2025-12-14 01:00:00,0.5175971138039049,13.584028248638125
2025-12-14 02:00:00,0.45984189236450007,9.081149036133825
2025-12-14 03:00:00,0.8554496056801711,13.997842603126259
2025-12-14 04:00:00,1.1343302070101304,31.156307823650295
2025-12-14 05:00:00,1.5788824285594183,33.29911000229091
2025-12-14 06:00:00,2.024848846412131,19.728166105182773
2025-12-14 07:00:00,2.053722140343417,21.1183260817752
2025-12-14 08:00:00,1.8791775258155357,30.161561076941638
2025-12-14 09:00:00,1.7946373528391277,12.628059286258399
2025-12-14 10:00:00,1.167725286325406,24.767694055736477
2025-12-14 11:00:00,0.8268493780116946,17.421251294484676
2025-12-14 12:00:00,0.5211610053261672,23.397600743543617
2025-12-14 13:00:00,0.3683927404854328,17.004163474257204
2025-12-14 14:00:00,0.6128912313070328,21.839571398355183
2025-12-14 15:00:00,0.5555317198179545,17.662419206673956
2025-12-14 16:00:00,1.0258542301100655,16.29460783925127
2025-12-14 17:00:00,1.606352554354248,9.251180656673718
2025-12-14 18:00:00,1.7149811223802987,16.65316356645249
2025-12-14 19:00:00,1.950423427641779,18.28122601998657
2025-12-14 20:00:00,2.1410727837731023,18.027214509234273
2025-12-14 21:00:00,1.7189596381029244,21.19343349267484
2025-12-14 22:00:00,1.3013504739719817,10.733311011243455
2025-12-14 23:00:00,1.0002174255691123,31.743110654292884
2025-12-15 00:00:00,0.5669189748307109,12.732977266277397
2025-12-15 01:00:00,0.40392174398228864,28.09770156037139
2025-12-15 02:00:00,0.47156689226758597,24.636237297533956
2025-12-15 03:00:00,0.5366883773765774,15.627979556952756
2025-12-15 04:00:00,0.9157887724932687,9.320835471954577
2025-12-15 05:00:00,1.3130531260528167,15.96956176161331
2025-12-15 06:00:00,1.5937447416101793,18.57437031810616
2025-12-15 07:00:00,1.6892167343109379,16.146080883849297
2025-12-15 08:00:00,1.815073161656709,19.52566481087311
2025-12-15 09:00:00,2.0453165735434586,18.2871563455832
2025-12-15 10:00:00,1.5064102446739422,13.417115903469726
2025-12-15 11:00:00,1.1270159549373955,15.371399229752573
2025-12-15 12:00:00,0.7756897346390138,11.42967241150695
2025-12-15 13:00:00,0.6716993463065617,24.894402237362748
2025-12-15 14:00:00,0.5439337131481311,14.306422024163528
2025-12-15 15:00:00,0.4666206853929121,21.17017229740575
2025-12-15 16:00:00,0.7623687105890744,27.039017731692972
2025-12-15 17:00:00,1.097526405858726,19.663727485378306
2025-12-15 18:00:00,1.4919012177315054,15.752402833756298
2025-12-15 19:00:00,1.9106703721793759,17.70996640759493
2025-12-15 20:00:00,2.059721843836454,10.6878793094075
2025-12-15 21:00:00,1.8389718615507855,32.84589681631744
2025-12-15 22:00:00,1.7626801591088137,22.981125437469714
2025-12-15 23:00:00,1.4422786789870619,22.571990741884928
2025-12-16 00:00:00,1.1351824846231804,23.123853142280343
2025-12-16 01:00:00,0.7489570708226292,21.023734037367586
2025-12-16 02:00:00,0.6098906816875128,20.45861076390638
2025-12-16 03:00:00,0.4340100602523998,15.72352703217252
2025-12-16 04:00:00,0.38714890694136705,24.333959935346602
2025-12-16 05:00:00,0.8995155971868347,13.170217433933544
2025-12-16 06:00:00,1.3552258682225327,22.89174037740633
2025-12-16 07:00:00,1.585941531870715,22.898516344771856
2025-12-16 08:00:00,1.919875705270351,20.99176251707065
2025-12-16 09:00:00,1.8754414040221594,18.267161152524565
2025-12-16 10:00:00,1.9638060067851693,14.388744116085944
2025-12-16 11:00:00,1.3328460540141016,17.95873925461393
2025-12-16 12:00:00,1.037222126913862,16.957057940049392
2025-12-16 13:00:00,0.8666009755462952,19.567314585181286
2025-12-16 14:00:00,0.3424011502462686,20.65436154432142
2025-12-16 15:00:00,0.4003553639224144,13.715876289288705
2025-12-16 16:00:00,0.6631145369546363,22.026707555924137
2025-12-16 17:00:00,0.7567087387158314,23.815845995323354
2025-12-16 18:00:00,1.1570233875254525,22.328175695160173
2025-12-16 19:00:00,1.5873154551204018,19.074317043963507
2025-12-16 20:00:00,2.061163913947454,21.649452999479976
2025-12-16 21:00:00,2.2549155633078892,29.687001842230835
2025-12-16 22:00:00,1.8755793545790602,19.40346753208583
2025-12-16 23:00:00,1.6887966506637064,20.679739422541548
2025-12-17 00:00:00,1.327496297567441,13.92858426740292
2025-12-17 01:00:00,0.9280865349103925,27.557320968094533
2025-12-17 02:00:00,0.4571640739158004,18.201574686142973
2025-12-17 03:00:00,0.528969976384853,20.578533258386063
2025-12-17 04:00:00,0.3987953288796173,30.17708156191252
2025-12-17 05:00:00,0.655665390056405,22.103050774319023
2025-12-17 06:00:00,1.1024572095626264,32.41466562627192
2025-12-17 07:00:00,1.4079469336275536,21.059561428238176
2025-12-17 08:00:00,1.884675802761864,23.299560805121647
2025-12-17 09:00:00,2.0667326695739283,16.75478987284627
2025-12-17 10:00:00,2.015906318678917,16.033565726610984
2025-12-17 11:00:00,1.6883107106206903,16.805590603165456
2025-12-17 12:00:00,1.4330149917840094,14.717427998456529
2025-12-17 13:00:00,1.095447815053686,14.620357574527457
2025-12-17 14:00:00,0.7919989374224993,27.396163988736447
2025-12-17 15:00:00,0.5011193794791554,16.313495114992165
2025-12-17 16:00:00,2.0905410548551933,82.48007913560177
2025-12-17 17:00:00,0.595178179477557,13.131643296294584
2025-12-17 18:00:00,0.7649724938289729,21.249067585159167
2025-12-17 19:00:00,1.3360781584842645,15.983828744742029
2025-12-17 20:00:00,1.665169462726975,22.89004953688168
2025-12-17 21:00:00,1.88808963161618,21.321179499370054
2025-12-17 22:00:00,2.032336720872903,18.06945915539115
2025-12-17 23:00:00,1.8994956981794184,27.35327894758546
2025-12-18 00:00:00,1.6585533827228551,15.373598862634207
2025-12-18 01:00:00,1.157587349837079,24.510370277598646
2025-12-18 02:00:00,0.7429926946388122,13.514258662946544
2025-12-18 03:00:00,0.5729211161345052,15.356759589950997
2025-12-18 04:00:00,0.5224562345320852,15.509555516659582
2025-12-18 05:00:00,0.4935647355882634,16.071165760116653
2025-12-18 06:00:00,0.7900377880303662,20.410277942489508
2025-12-18 07:00:00,1.0818853070399512,23.949646134340522
2025-12-18 08:00:00,1.4764781973772125,23.66400830675101
2025-12-18 09:00:00,1.742080697242644,33.748969727612184
2025-12-18 10:00:00,1.9799646243213513,13.35659030704839
2025-12-18 11:00:00,2.0990977504781574,15.379572530597168
2025-12-18 12:00:00,1.7239063161003472,23.277692091622836
2025-12-18 13:00:00,1.5317236748487657,24.013737612212637
2025-12-18 14:00:00,0.9753318440941705,9.623345073678955
2025-12-18 15:00:00,0.6614138621528647,20.028491890318183
2025-12-18 16:00:00,0.46726248649931174,18.088539451735095
2025-12-18 17:00:00,0.48061532052753986,21.786359134500522
2025-12-18 18:00:00,0.6384507483768231,17.150150622454667
2025-12-18 19:00:00,0.9756580965411253,22.38230788186609
2025-12-18 20:00:00,1.2827339400215105,10.373596858497317
2025-12-18 21:00:00,1.6343248249552311,18.418267986845756
2025-12-18 22:00:00,1.9135507988344966,18.62822539441828
2025-12-18 23:00:00,1.9660133011261494,18.27943519559837
2025-12-19 00:00:00,1.8865818978749709,18.698719729824823
2025-12-19 01:00:00,1.3968649244586646,9.435728317432856
2025-12-19 02:00:00,1.1102781083364162,25.671358729503353
2025-12-19 03:00:00,0.6488586259052137,27.971387322658195
2025-12-19 04:00:00,1.940705118532946,76.75518157407939
2025-12-19 05:00:00,0.4763343583656995,14.544046827905856
2025-12-19 06:00:00,0.5369701507487219,29.439622206120745
2025-12-19 07:00:00,0.8701441469729323,13.900735875561892
2025-12-19 08:00:00,1.2151097611387716,19.29944953242126
2025-12-19 09:00:00,1.6315785867607995,13.626220986020869
2025-12-19 10:00:00,1.8714758347115177,24.89963090002071
2025-12-19 11:00:00,1.8774698568645027,11.832313755408169
2025-12-19 12:00:00,2.030190269631265,14.286021433364906
2025-12-19 13:00:00,1.7217295209566639,21.263899287466305
2025-12-19 14:00:00,1.1376440270377055,12.77937621809585
2025-12-19 15:00:00,0.978289260215522,27.407486351497585
2025-12-19 16:00:00,0.6432049319170647,22.693490466497494
2025-12-19 17:00:00,0.4623609841185604,28.499635290078153
2025-12-19 18:00:00,0.23972169732681425,18.242446474701843
2025-12-19 19:00:00,0.7994642467002379,26.376094618414868
2025-12-19 20:00:00,1.0591220423006502,17.43452831982168
2025-12-19 21:00:00,1.4464183577398468,18.476827000274618
2025-12-19 22:00:00,1.7060202687241697,22.719520178132292
2025-12-19 23:00:00,1.8973628981605644,14.277719192735038
2025-12-20 00:00:00,1.9937640989697782,13.363820091003799
2025-12-20 01:00:00,1.9038562648776138,17.744852744311054
2025-12-20 02:00:00,1.4589162063534409,18.693949970103397
2025-12-20 03:00:00,0.9545807696057436,29.24746953282491
2025-12-20 04:00:00,0.8785896119105874,23.75057094834953
2025-12-20 05:00:00,0.41170289250391995,10.047826806280316
2025-12-20 06:00:00,0.22650101586414229,23.231723468353685
2025-12-20 07:00:00,0.6661995644645926,18.966050838389936
2025-12-20 08:00:00,1.074086122152383,27.131048214906972
2025-12-20 09:00:00,1.152382695631715,21.261036328008398
2025-12-20 10:00:00,1.680416163801378,15.593592125669927
2025-12-20 11:00:00,2.0147590594002343,14.94992864410817
2025-12-20 12:00:00,1.8540108616426323,10.207892217186462
2025-12-20 13:00:00,3.181237650520155,86.2444441955972
2025-12-20 14:00:00,1.5910333833261268,24.136525764631514
2025-12-20 15:00:00,1.4301278725458704,21.328601471639125
2025-12-20 16:00:00,0.6970616259612914,22.82328321873192
2025-12-20 17:00:00,0.6091880421147458,20.985477270041446
2025-12-20 18:00:00,0.32400011996073796,18.42679936201928
2025-12-20 19:00:00,0.5215460361267394,11.498897459511655
2025-12-20 20:00:00,0.6682326406522271,21.833076227446664
2025-12-20 21:00:00,0.9796903005759785,14.630314051550776
2025-12-20 22:00:00,1.570949572627755,12.812687385132756
2025-12-20 23:00:00,1.8389878606406707,18.74932518661843
2025-12-21 00:00:00,1.8704429516555763,9.379692018532674
2025-12-21 01:00:00,1.8660621988669044,28.626485561270833
2025-12-21 02:00:00,1.9653274115520811,18.718274892364228
2025-12-21 03:00:00,1.323654238115127,12.041715559495344
2025-12-21 04:00:00,1.1107040400641846,25.286575240278832
2025-12-21 05:00:00,0.47467809760050705,18.766228241053938
2025-12-21 06:00:00,0.406522440379873,23.40344009051842
2025-12-21 07:00:00,0.4665756786928956,21.990603770206118
2025-12-21 08:00:00,0.5830815023524748,17.24699657341153
2025-12-21 09:00:00,0.7792221331375069,20.540209479797326
2025-12-21 10:00:00,1.3318270713310187,19.016181654729895
2025-12-21 11:00:00,1.6190714441039984,17.245260702575024
2025-12-21 12:00:00,2.0524578839974796,21.35466938431024
2025-12-21 13:00:00,2.13823130567701,22.141492811142903
2025-12-21 14:00:00,1.7815759307443202,18.852594181054865
2025-12-21 15:00:00,1.5510076744434456,19.945690302033825
2025-12-21 16:00:00,1.1454173583284728,11.00677144270821
2025-12-21 17:00:00,0.8234325624564701,14.4580974225814
2025-12-21 18:00:00,0.7238919550200175,10.60321498742007
2025-12-21 19:00:00,0.5349794911072059,18.117585310204724
2025-12-21 20:00:00,0.4552920103101126,23.097020037624716
2025-12-21 21:00:00,0.8114238372662903,21.366100624873813
2025-12-21 22:00:00,1.3077072022451215,11.630396505505718
2025-12-21 23:00:00,1.5646535994186141,18.291073574402482
2025-12-22 00:00:00,2.135400121452344,10.720309956918664
2025-12-22 01:00:00,1.8154464910509107,24.804471620807533
2025-12-22 02:00:00,1.8896088791063408,27.834903076248132
2025-12-22 03:00:00,1.7175126447010602,25.009249198357356
2025-12-22 04:00:00,1.2981750280398805,13.031499515884278
2025-12-22 05:00:00,0.8501223874362456,23.157863293495325
2025-12-22 06:00:00,0.5544832732527039,20.645365773333605
2025-12-22 07:00:00,0.5101482950853042,25.793487327858763
2025-12-22 08:00:00,0.5197681967996509,21.418437887517335
2025-12-22 09:00:00,0.6305746076113108,18.73940263418136
2025-12-22 10:00:00,1.0038681809707357,18.59150655879723
2025-12-22 11:00:00,1.5974412695643783,17.878871129707647
2025-12-22 12:00:00,1.8748276194173132,18.54283294051437
2025-12-22 13:00:00,2.0062766870556743,30.30044695065471
2025-12-22 14:00:00,1.9626278344199264,20.89553830719366
2025-12-22 15:00:00,1.6305940529803449,21.33324699493938
2025-12-22 16:00:00,1.5901463340094393,26.878743241048866
2025-12-22 17:00:00,1.1674536790497339,23.96142022341276
2025-12-22 18:00:00,0.5623415263737704,20.54218250461387
2025-12-22 19:00:00,0.2819387995705107,23.036508167090556
2025-12-22 20:00:00,0.29421676671377084,24.042607234178263
2025-12-22 21:00:00,0.3607282751986536,25.905098575817597
2025-12-22 22:00:00,2.3800922869616845,78.530455063005
2025-12-22 23:00:00,1.300859831162408,21.004560114623448
2025-12-23 00:00:00,1.749553176636635,13.612158123671554
2025-12-23 01:00:00,1.845614478024915,22.593524007569222
2025-12-23 02:00:00,1.914356079385029,27.24801187703938
2025-12-23 03:00:00,1.8516972259540563,18.373399084717448
2025-12-23 04:00:00,1.7836008132632015,16.74440606885725
2025-12-23 05:00:00,1.20132965950179,12.4878946839119
2025-12-23 06:00:00,0.8705700664365306,21.294292965241794
2025-12-23 07:00:00,0.3804019142310656,13.107667017985882
2025-12-23 08:00:00,0.36979190937729844,19.212880320531312
2025-12-23 09:00:00,0.530770690558436,20.881566056313076
2025-12-23 10:00:00,0.8000307614273698,18.6880648213072
2025-12-23 11:00:00,1.1506097468820926,25.033492142532467
2025-12-23 12:00:00,3.086989761727754,77.1574302657451
2025-12-23 13:00:00,2.035415532148319,8.142661788313188
2025-12-23 14:00:00,1.920664788877628,21.163493279683728
2025-12-23 15:00:00,2.0894141753740185,15.821613757753497
2025-12-23 16:00:00,1.7663169175651374,18.84957626246228
2025-12-23 17:00:00,1.4868912386070585,15.244065876796032
2025-12-23 18:00:00,2.6409538384408604,88.22987015059309
2025-12-23 19:00:00,0.6905999236945313,24.432735593068664
2025-12-23 20:00:00,0.3872554561942225,21.78522966033766
2025-12-23 21:00:00,0.3313193706818823,17.307706856260815
2025-12-23 22:00:00,0.6528529875253508,19.462799767412037
2025-12-23 23:00:00,1.016154477569589,19.652258347723638
2025-12-24 00:00:00,1.2927106053366264,21.003949385689978
2025-12-24 01:00:00,1.604342256581025,24.164519301627106
2025-12-24 02:00:00,2.037411164017443,15.567536599334963
2025-12-24 03:00:00,2.1335231734084545,18.344167251011427
2025-12-24 04:00:00,1.9827776748774069,15.841973983213755
2025-12-24 05:00:00,1.7751671449798738,10.900943474967642
2025-12-24 06:00:00,1.1196246295085348,17.287470302254583
2025-12-24 07:00:00,0.7812417178557476,13.69826868129132
2025-12-24 08:00:00,0.48049126655581637,20.343347567075863
2025-12-24 09:00:00,0.45899278031007434,24.3129716060281
2025-12-24 10:00:00,0.6345189232647989,17.550244286190253
2025-12-24 11:00:00,0.7792291144917831,22.829877960301577
2025-12-24 12:00:00,1.3329385118485502,17.899123570141956
2025-12-24 13:00:00,1.656524025688686,12.122698334474155
2025-12-24 14:00:00,1.7405836412550162,22.18776227573415
2025-12-24 15:00:00,1.8539797218747305,22.730789150751882
2025-12-24 16:00:00,1.9107655959139063,21.63494022541412
2025-12-24 17:00:00,1.6063741637977988,17.328289691269827
2025-12-24 18:00:00,1.1985206552401002,24.07252511881385
2025-12-24 19:00:00,1.0824436885693869,28.681078144803138
2025-12-24 20:00:00,0.49447610223509186,17.468181952470918
2025-12-24 21:00:00,0.5424571488590663,18.154276075899183
2025-12-24 22:00:00,0.36188841637588925,15.194779317138211
2025-12-24 23:00:00,0.4967849091411488,29.053388026010186
2025-12-25 00:00:00,1.0156877590044404,15.372195462021857
2025-12-25 01:00:00,1.516875340202341,20.96109755461497
2025-12-25 02:00:00,1.8227574660346288,12.441552274831555
2025-12-25 03:00:00,1.8881775723442216,15.984027049928663
2025-12-25 04:00:00,1.9759173570341027,23.474326344484524
2025-12-25 05:00:00,1.8348195929462068,25.164705072239883
2025-12-25 06:00:00,1.2997847028975602,22.816388592195175
2025-12-25 07:00:00,1.057577388779396,23.54555971770695
2025-12-25 08:00:00,0.7276621006376084,18.977138455510108
2025-12-25 09:00:00,0.4877437463721825,11.647434377658394
2025-12-25 10:00:00,0.3205781053987091,19.219879045569858
2025-12-25 11:00:00,0.5069798250022217,28.749753475791216
2025-12-25 12:00:00,1.0332273242236183,31.73224697026219
2025-12-25 13:00:00,1.2975869584991673,19.2877642319917
2025-12-25 14:00:00,1.4477035469380952,18.382926785310147
2025-12-25 15:00:00,1.7612756434262336,13.40110786815513
2025-12-25 16:00:00,1.9205356439694874,17.145892419567243
2025-12-25 17:00:00,1.7893590387464535,19.655090378805944
2025-12-25 18:00:00,1.6820572278016495,19.560747437991544
2025-12-25 19:00:00,1.224748832999233,13.492879415293064
2025-12-25 20:00:00,0.900329181474823,21.42311839626987
2025-12-25 21:00:00,0.5156528188862948,16.452962439206573
2025-12-25 22:00:00,0.35696422035486614,20.18221978628476
2025-12-25 23:00:00,0.39621391325346744,22.479341714362214
2025-12-26 00:00:00,0.5266292370111114,19.776754824061474
2025-12-26 01:00:00,1.0411758304049747,16.63649838503748
2025-12-26 02:00:00,1.6769837127181506,25.935644446160467
2025-12-26 03:00:00,1.7970478417602171,12.690074153979493
2025-12-26 04:00:00,1.911953748525326,13.782682230932483
2025-12-26 05:00:00,1.9638813857482529,20.106152605764606
2025-12-26 06:00:00,1.4865773819818084,10.093918387719645
2025-12-26 07:00:00,1.2570606968217963,22.714089679055018
2025-12-26 08:00:00,1.0381051331569786,15.582541412454596
2025-12-26 09:00:00,0.45990744242964765,19.61922392608225
2025-12-26 10:00:00,0.45160890853219143,20.836098639543575
2025-12-26 11:00:00,0.5645020988171812,26.821894429285514
2025-12-26 12:00:00,0.630536062894257,15.295515956111405
2025-12-26 13:00:00,1.0809317343486007,22.75042886177989
2025-12-26 14:00:00,1.3278202166690765,30.26224576077655
2025-12-26 15:00:00,1.6032064603021894,28.03918791825224
2025-12-26 16:00:00,1.9325403457752275,23.289464026642907
2025-12-26 17:00:00,2.0345815289765117,16.55617200046605
2025-12-26 18:00:00,1.7723522144707253,21.733554146045655
2025-12-26 19:00:00,1.4222096552749663,17.807087535595734
2025-12-26 20:00:00,1.0834137581365362,18.43830442201891
2025-12-26 21:00:00,0.6855891753601265,24.62589816149779
2025-12-26 22:00:00,0.4476256590545226,22.464784226997786
2025-12-26 23:00:00,0.41782431553515564,25.649154681785777
2025-12-27 00:00:00,0.501309262374279,31.370968208463744
2025-12-27 01:00:00,0.8251190070199215,17.38011984800297
2025-12-27 02:00:00,1.2345016613687843,18.87878280002945
2025-12-27 03:00:00,1.7283077261934259,19.849315747251044
2025-12-27 04:00:00,1.8936617850603785,23.42902217205638
2025-12-27 05:00:00,2.073493279008231,30.57912095861868
2025-12-27 06:00:00,1.989792011048325,18.84601211929366
2025-12-27 07:00:00,1.7124113876116611,22.248093236129282
2025-12-27 08:00:00,1.2135489657802734,16.602372716678936
2025-12-27 09:00:00,1.0125941464937294,28.44226405585213
2025-12-27 10:00:00,0.3828698622930403,23.471980184745156
2025-12-27 11:00:00,0.29223237962443366,18.862566216079138
2025-12-27 12:00:00,0.24726518842358358,14.849452573435823
2025-12-27 13:00:00,0.7393916636563719,23.654613943505446
2025-12-27 14:00:00,0.9690582114376414,28.707636425604427
2025-12-27 15:00:00,1.2924269028231512,31.153504965135472
2025-12-27 16:00:00,1.9533705074563565,5.528066866930384
2025-12-27 17:00:00,1.898986040995279,18.99239260204668
2025-12-27 18:00:00,2.426365792805492,11.014949915916686
2025-12-27 19:00:00,1.711441000245138,20.376879760606258
2025-12-27 20:00:00,1.482692584717701,14.476198169509706
2025-12-27 21:00:00,1.2072330658147186,24.109030785596154
2025-12-27 22:00:00,0.6207083270165303,26.319893104965917
2025-12-27 23:00:00,0.468320523019634,21.01759494749571
2025-12-28 00:00:00,0.45243179020802077,23.397319559886565
2025-12-28 01:00:00,0.5658354328070598,23.391103956052294
2025-12-28 02:00:00,0.9246900867486441,20.58977087912448
2025-12-28 03:00:00,2.6860681862048112,84.51968837651798
2025-12-28 04:00:00,1.734252747942417,14.095670841971597
2025-12-28 05:00:00,1.8443101616331312,19.951886818954613
2025-12-28 06:00:00,2.0418638904174005,21.895667476186894
2025-12-28 07:00:00,1.9156775358348062,24.484951713441127
2025-12-28 08:00:00,1.6719484746634314,21.13784494531248
2025-12-28 09:00:00,1.1405079923002093,19.705440525473723
2025-12-28 10:00:00,0.9196744069748044,21.056231637459206
2025-12-28 11:00:00,0.6614785616346047,23.971728580304834
2025-12-28 12:00:00,0.39889597496345147,7.482894891046284
2025-12-28 13:00:00,0.6842655830765714,23.186207313772208
2025-12-28 14:00:00,0.9063341630767059,17.437625972057365
2025-12-28 15:00:00,1.021550407449165,18.606706379433756
2025-12-28 16:00:00,1.4845955500271608,17.489081968525582
2025-12-28 17:00:00,1.7979130252866875,22.45799024450004
2025-12-28 18:00:00,1.9758364965790385,10.07755219159424
2025-12-28 19:00:00,2.101843944384701,17.512675944196975
2025-12-28 20:00:00,1.8040146935022896,15.178870148197252
2025-12-28 21:00:00,1.3718085581237474,13.950528564601566
2025-12-28 22:00:00,0.8676469816015767,10.788064419768826
2025-12-28 23:00:00,0.7187992626119178,15.266314655452565
2025-12-29 00:00:00,0.25339724712129774,21.000254066805276
2025-12-29 01:00:00,0.41129211214689904,17.577889284143886
2025-12-29 02:00:00,0.6205751384761401,20.012898740008126
2025-12-29 03:00:00,1.0436136805437273,29.40436010395667
2025-12-29 04:00:00,1.435618295216045,24.215762332366
2025-12-29 05:00:00,1.7426348465923707,22.145872924904584
2025-12-29 06:00:00,2.182620606958632,32.21727689509427
2025-12-29 07:00:00,1.931683235067434,21.54984474902607
2025-12-29 08:00:00,1.932856532060678,18.95424299258399
2025-12-29 09:00:00,1.6781872436447145,17.264666716619615
2025-12-29 10:00:00,1.0672250523374016,16.093162341981532
2025-12-29 11:00:00,0.818219369104073,18.740971119476523
2025-12-29 12:00:00,0.4965173248534441,23.666659345266115
2025-12-29 13:00:00,0.5601719973202334,11.18549969660146
2025-12-29 14:00:00,0.6258428922251625,17.197932733360492
2025-12-29 15:00:00,0.8616881950050335,19.659175458274095
2025-12-29 16:00:00,1.1789386086503242,14.11468514741301
2025-12-29 17:00:00,1.5175182821182214,15.441619250215357
2025-12-29 18:00:00,1.8168101565416026,17.953816243344836
2025-12-29 19:00:00,2.102148993444064,21.967804457886146
2025-12-29 20:00:00,1.7887304754362476,12.209879970735486
2025-12-29 21:00:00,3.090009741895491,78.54150538966948
2025-12-29 22:00:00,1.253345248193802,15.007801490612191
2025-12-29 23:00:00,0.8056649286462731,15.51060914480475
2025-12-30 00:00:00,0.6471922963799492,12.17496801335053
2025-12-30 01:00:00,0.32717126718075723,19.742769804021094
2025-12-30 02:00:00,0.4567606340847708,19.149977862504173
2025-12-30 03:00:00,0.5526745002558162,18.48449490916541
2025-12-30 04:00:00,0.9903385936288067,13.770176466834442
2025-12-30 05:00:00,1.6714673224855618,17.79608697291884
2025-12-30 06:00:00,1.8000512330142546,16.252361019359387
2025-12-30 07:00:00,2.1078876513624194,21.545152357927023
2025-12-30 08:00:00,1.9615772535688771,18.134886369186123
2025-12-30 09:00:00,1.7565966310194967,21.180752146311583
2025-12-30 10:00:00,1.469225252933875,13.263932615408766
2025-12-30 11:00:00,1.0220994546422788,20.31688151195742
2025-12-30 12:00:00,0.6630021085136284,17.6256019093322
2025-12-30 13:00:00,0.5913120245688394,16.922847000358168
2025-12-30 14:00:00,0.37680090438463887,12.645034293560402
2025-12-30 15:00:00,0.7038523894933221,13.00358301856838
2025-12-30 16:00:00,0.8806128959780719,17.80729492354365
2025-12-30 17:00:00,1.2919534952104337,17.385709879514767
2025-12-30 18:00:00,1.9438032502401916,17.895696567901783
2025-12-30 19:00:00,1.9410429633881785,23.638883403443362
2025-12-30 20:00:00,1.7856798295338443,28.996005295829157
2025-12-30 21:00:00,1.8519914970701106,20.01806444882938
2025-12-30 22:00:00,1.4560431411684374,22.56071456980807
2025-12-30 23:00:00,1.3114921505200963,15.973907732596437
2025-12-31 00:00:00,0.7763806265920156,31.03140549003546
2025-12-31 01:00:00,0.616368154836711,18.243569872172703
2025-12-31 02:00:00,0.4518817884064633,24.143849079868495
2025-12-31 03:00:00,0.33155176622866345,25.46338038007809
2025-12-31 04:00:00,0.7854944184949852,15.616592420177236
2025-12-31 05:00:00,1.1690745419982114,18.69316815575128
2025-12-31 06:00:00,1.6852427874174494,25.42399037043399
2025-12-31 07:00:00,1.8843879681062334,21.861305865841594
2025-12-31 08:00:00,1.9783162518282622,19.91082464962643
2025-12-31 09:00:00,1.9600524893794824,19.541142707895602
2025-12-31 10:00:00,1.6205994405396376,20.277970673452256
2025-12-31 11:00:00,1.4172529481020266,17.395288795723516
2025-12-31 12:00:00,0.8590454759534816,16.129322423735506
2025-12-31 13:00:00,0.5253438438652748,26.796307763922563
2025-12-31 14:00:00,0.4264670547201056,20.566984166953986
2025-12-31 15:00:00,0.4403075793694701,22.710897329120897
2025-12-31 16:00:00,0.7776948654316693,26.90397509393065
2025-12-31 17:00:00,1.083690919247995,24.30199177074145
2025-12-31 18:00:00,1.3265552617606244,23.327532436704434
2025-12-31 19:00:00,1.743356430882129,11.754279434633842
2025-12-31 20:00:00,1.995368513923616,21.50155186986795
2025-12-31 21:00:00,1.8639091180663097,26.061980918637147
2025-12-31 22:00:00,1.8951622517680995,22.976081866730084
2025-12-31 23:00:00,1.4362826174516363,21.374795633327878
2026-01-01 00:00:00,1.0754262141173663,24.666187642591098
2026-01-01 01:00:00,2.2173165520459457,86.27350971257647
2026-01-01 02:00:00,0.39743638389217967,17.7137192892821
2026-01-01 03:00:00,0.5031369780111459,13.549833132701188
2026-01-01 04:00:00,0.3809597652546616,22.55624453432603
2026-01-01 05:00:00,0.9635665746563202,20.59554002743234
2026-01-01 06:00:00,1.2153512802739663,24.310146415784118
2026-01-01 07:00:00,1.48971375419858,18.398349492572642
2026-01-01 08:00:00,1.975485310574422,19.84510216376226
2026-01-01 09:00:00,2.1108772501679476,21.03463682979348
2026-01-01 10:00:00,1.9772316073144625,14.13816286361326
2026-01-01 11:00:00,1.789412297608404,13.57055013699404
2026-01-01 12:00:00,1.3346433019106154,23.651293065337576
2026-01-01 13:00:00,0.8174239006056385,20.085616257444812
2026-01-01 14:00:00,0.503643450233903,23.152794186858255
2026-01-01 15:00:00,1.7925054206603654,86.40773058780326
2026-01-01 16:00:00,0.5325983367434391,13.060308415172377
2026-01-01 17:00:00,0.5095393520271493,14.347778320353733
2026-01-01 18:00:00,1.048294676189202,23.027292583000172
2026-01-01 19:00:00,1.3125867326267195,29.695296867222385
2026-01-01 20:00:00,1.7367912553320863,16.223006936302177
2026-01-01 21:00:00,1.9723333602900248,22.907826922176195
2026-01-01 22:00:00,1.9534646331859176,10.986138362200244
2026-01-01 23:00:00,1.923565110076133,19.996165930524647
2026-01-02 00:00:00,2.7035397196583904,75.09074575094803
2026-01-02 01:00:00,2.5985694472282383,76.40088684821004
2026-01-02 02:00:00,0.7140453601715706,27.832094708440536
2026-01-02 03:00:00,0.5998136120917889,22.375108564620483
2026-01-02 04:00:00,0.40555172804625145,23.71680008658813
2026-01-02 05:00:00,0.562455729901851,19.12393978392395
2026-01-02 06:00:00,0.980410380342766,16.634486519861028
2026-01-02 07:00:00,1.3862910802222392,11.667833668451703
2026-01-02 08:00:00,1.5630437258682939,26.66207299248312
2026-01-02 09:00:00,1.9541908449827914,21.179814724066198
2026-01-02 10:00:00,1.9039610507778868,23.735938695177765
2026-01-02 11:00:00,1.9839954976701966,26.43133381546904
2026-01-02 12:00:00,1.5953777948702481,14.716640712212431
2026-01-02 13:00:00,1.0894953033240395,19.257291843956214
2026-01-02 14:00:00,0.9607293215035202,13.577869366102965
2026-01-02 15:00:00,0.5390701642397514,21.90151229614423
2026-01-02 16:00:00,0.3157724243060961,17.624910897527965
2026-01-02 17:00:00,0.4633483948099354,21.969564670813114
2026-01-02 18:00:00,0.7494468683185181,16.14882964007414
2026-01-02 19:00:00,1.2413226911574275,28.3170412796856
2026-01-02 20:00:00,1.5440441288525,19.50344845165254
2026-01-02 21:00:00,2.0662372152015633,29.870512465512554
2026-01-02 22:00:00,1.9151562089926242,33.75587407801709
2026-01-02 23:00:00,1.8304828357049188,19.71245188609319
2026-01-03 00:00:00,1.8170627952839942,22.01823793318928
2026-01-03 01:00:00,1.3107760173017433,22.99545608720745
2026-01-03 02:00:00,0.8532159015455518,20.3010973859891
2026-01-03 03:00:00,0.70387399285285,16.2374847438633
2026-01-03 04:00:00,0.46246322063396117,23.653874157028497
2026-01-03 05:00:00,0.4251035083937802,15.034428804247485
2026-01-03 06:00:00,0.46458939577263547,24.399132311912915
2026-01-03 07:00:00,0.9832571659106392,15.609756529316204
2026-01-03 08:00:00,1.3877051373948388,25.33104145988826
2026-01-03 09:00:00,1.941205113138925,29.54891488329291
2026-01-03 10:00:00,1.9617238342036667,21.566448799911434
2026-01-03 11:00:00,1.9264008375135664,18.414845941594475
2026-01-03 12:00:00,1.9256812971763406,26.594800420703606
2026-01-03 13:00:00,1.4611834096295935,23.877646990402845
2026-01-03 14:00:00,1.0336137567222505,25.151992160731375
2026-01-03 15:00:00,0.7557137081041322,14.810863598307039
2026-01-03 16:00:00,0.33692709476098376,20.682722527039946
2026-01-03 17:00:00,0.3909021739512621,21.01607250646085
2026-01-03 18:00:00,0.534431262960531,9.526115297175085
2026-01-03 19:00:00,0.8893116438901488,16.605626383979683
2026-01-03 20:00:00,1.1985040247752474,21.334423791865277
2026-01-03 21:00:00,1.4314808248479007,20.923251722244746
2026-01-03 22:00:00,1.9410906247954303,16.983776308257163
2026-01-03 23:00:00,1.874192949871578,28.46574856052979
2026-01-04 00:00:00,1.937587642710104,25.57648990587365
2026-01-04 01:00:00,1.676408705658034,24.660990848611313
2026-01-04 02:00:00,1.3679183419159289,19.955725804904706
2026-01-04 03:00:00,0.9052349819602917,21.339283878545
2026-01-04 04:00:00,0.40610860048632214,11.711064420776424
2026-01-04 05:00:00,0.35281851295514155,17.954509558256632
2026-01-04 06:00:00,0.6137313109696103,15.775900105603963
2026-01-04 07:00:00,0.6821604373733008,20.927728495009383
2026-01-04 08:00:00,1.0304068760491691,8.96576133486793
2026-01-04 09:00:00,1.3533210654599064,19.359544942432844
2026-01-04 10:00:00,1.782204762369042,18.307380221903067
2026-01-04 11:00:00,1.8715963790530359,12.914653724855906
2026-01-04 12:00:00,1.9672686118712215,17.65297644454419
2026-01-04 13:00:00,1.8372495592826685,22.13151304975799
2026-01-04 14:00:00,1.7189617643468824,18.59418731124287
2026-01-04 15:00:00,0.9398974733127703,20.8626216998386
2026-01-04 16:00:00,0.8949666498581448,19.989704784282033
2026-01-04 17:00:00,0.4661512394492115,20.470933809775165
2026-01-04 18:00:00,0.3866345071349295,23.807547326810617
2026-01-04 19:00:00,0.6728729543015992,23.017058642006063
2026-01-04 20:00:00,0.9460132309777385,23.393423544690197
2026-01-04 21:00:00,1.2484007533453525,12.858729825962314
2026-01-04 22:00:00,1.6803669101098615,15.555371633606645
2026-01-04 23:00:00,1.8938937319174718,26.08262419663687
2026-01-05 00:00:00,2.1927702222128818,18.415809316791936
2026-01-05 01:00:00,1.7438022569193183,20.277140999622368
2026-01-05 02:00:00,1.5954610173063013,17.24144677197352
2026-01-05 03:00:00,1.1125275374191066,18.791281473794363
2026-01-05 04:00:00,0.7478923920324748,29.92686587310452
2026-01-05 05:00:00,0.6143095064905743,16.18487875601444
2026-01-05 06:00:00,0.18214223864793597,19.345105113962198
2026-01-05 07:00:00,0.2818594202983822,19.850609026287636
2026-01-05 08:00:00,0.7491764623270718,21.04380078868621
2026-01-05 09:00:00,1.0822612535824818,19.114818653598462
2026-01-05 10:00:00,1.52276532991855,19.573697829666056
2026-01-05 11:00:00,1.6814606077548508,23.49915899834334
2026-01-05 12:00:00,1.9465515395213315,21.228836011671156
2026-01-05 13:00:00,2.049908518639855,18.24732254687315
2026-01-05 14:00:00,1.7712049485660926,21.962230018301348
2026-01-05 15:00:00,1.4063845640255908,23.058449580189986
2026-01-05 16:00:00,0.7297385152692072,21.520634089220167
2026-01-05 17:00:00,0.6262668521876829,16.30047892504829
2026-01-05 18:00:00,0.618062631057599,16.32944809095079
2026-01-05 19:00:00,1.946489490937309,73.9714367513619
2026-01-05 20:00:00,0.710965984163124,21.37618389264074
2026-01-05 21:00:00,0.7583394938172341,17.740311124703094
2026-01-05 22:00:00,1.3525663732297664,20.551234691181023
2026-01-05 23:00:00,1.710680418587247,18.01301049956288
2026-01-06 00:00:00,1.9196839166183517,15.604726278199035
2026-01-06 01:00:00,2.0050136382250683,17.64178359736955
2026-01-06 02:00:00,3.28469121083071,87.27993045963063
2026-01-06 03:00:00,1.5422782714989154,21.288405485023812
2026-01-06 04:00:00,1.165467129330988,15.944386845071769
2026-01-06 05:00:00,0.7276769643776614,15.941384879713567
2026-01-06 06:00:00,0.6339114444114423,22.516851245115745
2026-01-06 07:00:00,0.39241467483590303,20.981541696608105
2026-01-06 08:00:00,0.48832384558508657,18.42293829261314
2026-01-06 09:00:00,0.8787455161334716,23.4214283733316
2026-01-06 10:00:00,1.2602787018203578,27.030259518236118
2026-01-06 11:00:00,1.6132294529637317,14.738227947648149
2026-01-06 12:00:00,1.8527187261705707,14.624207157967692
2026-01-06 13:00:00,2.093017736309404,17.623189369979915
2026-01-06 14:00:00,1.9162439128551167,20.089978733980324
2026-01-06 15:00:00,1.6118621537335065,13.84429647888794
2026-01-06 16:00:00,1.231830151377245,25.7754120430527
2026-01-06 17:00:00,0.7939589322854573,21.968899515947513
2026-01-06 18:00:00,0.657751204932185,10.609547799517633
2026-01-06 19:00:00,0.39597047343686037,16.701375519801985
2026-01-06 20:00:00,0.5481706800507159,21.77483106379422
2026-01-06 21:00:00,0.6048997162904919,22.27014733614948
2026-01-06 22:00:00,1.1316303583474876,11.301325380293392
2026-01-06 23:00:00,1.4480579687477206,15.20813742873656
2026-01-07 00:00:00,1.885820474058124,22.235198430183537
2026-01-07 01:00:00,2.0609156471722874,16.64185168484251
2026-01-07 02:00:00,2.057301496269656,17.77062573901359
2026-01-07 03:00:00,1.7729051707159833,29.019593587308357
2026-01-07 04:00:00,1.3927862141916583,16.955367409567106
2026-01-07 05:00:00,1.1109899284826126,16.412434587726494
2026-01-07 06:00:00,0.5498607202458182,17.80335943407305
2026-01-07 07:00:00,0.46501487335002806,17.684563627937997
2026-01-07 08:00:00,0.37225096780922334,21.83809496213045
2026-01-07 09:00:00,0.6895109738738643,16.30069202626425
2026-01-07 10:00:00,0.8678378738174707,12.599508841010309
2026-01-07 11:00:00,2.6766593700984074,83.27981957018709
2026-01-07 12:00:00,1.7326862241791732,12.695572260658356
2026-01-07 13:00:00,1.8952050933363354,15.442816658877733
2026-01-07 14:00:00,1.7791898683088672,24.84222438624105
2026-01-07 15:00:00,1.7950635229371614,6.833377214828108
2026-01-07 16:00:00,1.496144531033734,16.053328419938005
2026-01-07 17:00:00,1.150588032020178,8.264353683280934
2026-01-07 18:00:00,0.7899130430001962,16.50124371319378
2026-01-07 19:00:00,0.4740353020784025,26.675380986373334
2026-01-07 20:00:00,0.453481392974956,16.66514514056393
2026-01-07 21:00:00,0.677201115165999,13.939526784077486
2026-01-07 22:00:00,0.9261901634423622,26.439753116895666
2026-01-07 23:00:00,1.1103091011911685,19.117130125582563
2026-01-08 00:00:00,1.5240913307841508,20.54038343398604
2026-01-08 01:00:00,1.8830731179170677,23.248248262174986
2026-01-08 02:00:00,2.0209142251420165,16.309260298946683
2026-01-08 03:00:00,1.7549633401832616,20.217669186007655
2026-01-08 04:00:00,1.9042431724611324,21.648389436908822
2026-01-08 05:00:00,2.9745006014800435,82.89219263540978
2026-01-08 06:00:00,1.0199566431691194,19.337136541770835
2026-01-08 07:00:00,0.6576669657611285,14.773827412951231
2026-01-08 08:00:00,0.4422760287910989,25.367204038092893
2026-01-08 09:00:00,0.3769080335380102,22.09220216593266
2026-01-08 10:00:00,0.49289497529812853,17.383164617498178
2026-01-08 11:00:00,0.9153102520784473,14.341607595106769
2026-01-08 12:00:00,1.3511375959342913,19.340622107575943
2026-01-08 13:00:00,1.6271176191306096,15.192345243163835
2026-01-08 14:00:00,1.919183945454967,13.275734326821075
2026-01-08 15:00:00,2.028002324785637,23.382016979104332
2026-01-08 16:00:00,1.699889922911667,14.246796746875303
2026-01-08 17:00:00,1.5387598647693037,13.841042002939421
2026-01-08 18:00:00,1.0906217283230462,23.78347871471721
2026-01-08 19:00:00,0.8186711098288121,26.217561057465183
2026-01-08 20:00:00,0.5345814148069886,19.30579505178393
2026-01-08 21:00:00,0.6136452159675625,22.44605299032688
2026-01-08 22:00:00,0.635913729136641,10.008149145217399
2026-01-08 23:00:00,0.8545176316288409,17.289734072212703
2026-01-09 00:00:00,1.12472594684757,25.345713651162605
2026-01-09 01:00:00,1.3640089918456226,21.445824174738487
2026-01-09 02:00:00,1.8453578559071389,17.878102858636513
2026-01-09 03:00:00,2.1769192579642223,25.6392871770069
2026-01-09 04:00:00,1.8514039614973865,20.30209495026037
2026-01-09 05:00:00,1.7079849432017398,16.476815903219652
2026-01-09 06:00:00,1.2644203860287972,25.261588561862823
2026-01-09 07:00:00,0.7993373151071913,28.084401671595153
2026-01-09 08:00:00,0.4244292765232608,20.683377726031207
2026-01-09 09:00:00,0.2032375025237595,15.648936157704007
2026-01-09 10:00:00,0.4569976370233821,27.07422068382323
2026-01-09 11:00:00,0.7550780374300494,15.55183529313224
2026-01-09 12:00:00,0.8683503616866552,22.615798853598168
2026-01-09 13:00:00,1.5593648355024543,15.425216811857032
2026-01-09 14:00:00,1.8616216776472254,20.14181157584944
2026-01-09 15:00:00,1.9675111845120141,18.34413313516884
2026-01-09 16:00:00,2.1089118411629317,12.61984152123647
2026-01-09 17:00:00,1.8858951101238985,18.984574270895706
2026-01-09 18:00:00,1.373946663822149,24.89597677354906
2026-01-09 19:00:00,0.9657922407202835,18.094615053123633
2026-01-09 20:00:00,0.5985332920624646,29.176534585748175
2026-01-09 21:00:00,0.36252245440498154,24.05621764211913
2026-01-09 22:00:00,0.48046589414336655,10.374842209884351
2026-01-09 23:00:00,0.5725937119790581,15.439538418691395
2026-01-10 00:00:00,1.02709256435099,21.350593894447023
2026-01-10 01:00:00,1.213825725738577,20.37662525916581
2026-01-10 02:00:00,1.5921345748206115,20.133142044294814
2026-01-10 03:00:00,2.0343520316813053,22.042918742064842
2026-01-10 04:00:00,1.880294604680173,18.421178116383913
2026-01-10 05:00:00,1.6664329895257999,21.14123768662679
2026-01-10 06:00:00,1.5716321577148125,22.8851736689092
2026-01-10 07:00:00,1.0138336278557833,13.800219326327852
2026-01-10 08:00:00,2.3702427763477303,70.37678854842133
2026-01-10 09:00:00,0.369364483305873,18.09785022621958
2026-01-10 10:00:00,0.491641210099989,22.88534032578829
2026-01-10 11:00:00,0.5462902223787517,22.95572500350404
2026-01-10 12:00:00,0.6234070699568136,15.270611730054961
2026-01-10 13:00:00,1.1182639253123607,15.729410810860303
2026-01-10 14:00:00,1.389723970606398,19.226908240193577
2026-01-10 15:00:00,1.8097481770787331,13.40327007275412
2026-01-10 16:00:00,2.071341897412983,19.231814015847153
2026-01-10 17:00:00,1.9696850271400694,18.202875306849062
2026-01-10 18:00:00,1.7849159773168326,14.30017158027936
2026-01-10 19:00:00,1.3598572995371176,23.983098391467735
2026-01-10 20:00:00,1.064735218347385,21.367953795268015
2026-01-10 21:00:00,0.6747903325075866,23.761898660621103
2026-01-10 22:00:00,0.35555270321462357,16.05968146692521
2026-01-10 23:00:00,0.5583669215612966,20.3801635064639
2026-01-11 00:00:00,0.5233716617427464,22.739270460005027
2026-01-11 01:00:00,0.924152025402003,25.689736300307743
2026-01-11 02:00:00,1.3026839663867076,19.896735299013102
2026-01-11 03:00:00,1.6842445000480124,14.505699849908726
2026-01-11 04:00:00,1.883309746526503,24.024808258175142
2026-01-11 05:00:00,1.9704392477535737,22.81742876037733
2026-01-11 06:00:00,1.8177304860946744,22.176108971049274
2026-01-11 07:00:00,1.563653135327161,15.428574511969714
2026-01-11 08:00:00,1.0920417931573405,18.00140148284624
2026-01-11 09:00:00,0.6724630539971975,18.88798254742267
2026-01-11 10:00:00,0.6501970214178626,21.688721592770882
2026-01-11 11:00:00,0.44570868457181695,18.377927680114293
2026-01-11 12:00:00,0.5045165893615121,17.536337410050034
2026-01-11 13:00:00,0.6211015176937342,22.204235598466482
2026-01-11 14:00:00,1.1409730399889932,21.960448977915124
2026-01-11 15:00:00,1.4496551224166043,13.688638026467245
2026-01-11 16:00:00,1.9189740292377622,23.126447241810414
2026-01-11 17:00:00,2.0886563123842303,6.298596812088173
2026-01-11 18:00:00,1.9778368806656077,15.617659526581878
2026-01-11 19:00:00,1.6432315275113984,8.818559610113365
2026-01-11 20:00:00,1.276870662896137,14.304367515167819
2026-01-11 21:00:00,0.8962838282073741,24.56795084238344
2026-01-11 22:00:00,0.6304510630117859,20.71746389003372
2026-01-11 23:00:00,0.326701041055567,15.096701792480573
2026-01-12 00:00:00,0.4801720054233411,26.445991512951213
2026-01-12 01:00:00,0.7117135650205504,22.9400773637512
2026-01-12 02:00:00,1.1877946160374635,9.377561754070063
2026-01-12 03:00:00,1.469497118474063,20.50903472592204
2026-01-12 04:00:00,1.7033114844291661,17.4688332591344
2026-01-12 05:00:00,1.8851364885825599,18.107720546771507
2026-01-12 06:00:00,1.999969582926896,13.57348033969224
2026-01-12 07:00:00,1.7794802728292154,12.855191188788982
2026-01-12 08:00:00,1.522858440598049,26.448642056039024
2026-01-12 09:00:00,1.1884005644764617,25.74196599199654
2026-01-12 10:00:00,0.4741020691446456,17.584003709522257
2026-01-12 11:00:00,0.6113226346834463,16.151228378197906
2026-01-12 12:00:00,0.37467688604603516,14.959473306438323
2026-01-12 13:00:00,0.4851823188111883,16.722622081932933
2026-01-12 14:00:00,0.9441521723782054,20.303422558903364
2026-01-12 15:00:00,1.346436778368661,28.77130968665086
2026-01-12 16:00:00,1.5843236376432206,19.58567583682902
2026-01-12 17:00:00,1.9706047365742099,17.209113243126428
2026-01-12 18:00:00,2.1601930625969894,23.387224613029137
2026-01-12 19:00:00,1.8637468583114394,22.165344200052825
2026-01-12 20:00:00,1.4970752103003226,19.92846113117795
2026-01-12 21:00:00,1.1358601039039784,20.42152333047554
2026-01-12 22:00:00,0.8429443315065017,23.991433126643308
2026-01-12 23:00:00,0.6250160223822671,26.95208004365624
2026-01-13 00:00:00,0.23475354765190432,20.319872393593783
2026-01-13 01:00:00,0.5500263722224413,28.47204454631746
2026-01-13 02:00:00,0.6230137188181523,26.322103423086006
2026-01-13 03:00:00,1.1737160967481133,13.143002030619355
2026-01-13 04:00:00,1.5156522295044115,20.505175732920808
2026-01-13 05:00:00,1.708421357364764,17.377876262946828
2026-01-13 06:00:00,1.9835770032445872,11.540226180398614
2026-01-13 07:00:00,2.0784447485544835,15.666380657641046
2026-01-13 08:00:00,1.7530681206804541,20.424300013652697
2026-01-13 09:00:00,1.311262543506095,23.939603940042396
2026-01-13 10:00:00,0.9810071814254382,17.246646618987672
2026-01-13 11:00:00,0.804889806858107,29.28015454936282
2026-01-13 12:00:00,0.36745401287511437,25.022744142487408
2026-01-13 13:00:00,0.3822801572537152,14.013485680862537
2026-01-13 14:00:00,0.6092205422509982,29.218897561689428
2026-01-13 15:00:00,0.8240966882123483,17.78986086937794
2026-01-13 16:00:00,1.3647125849626198,7.349018489121688
2026-01-13 17:00:00,1.5791028138804382,20.025031221838532
2026-01-13 18:00:00,1.9329011927724444,15.781084637880639
2026-01-13 19:00:00,1.9920826358132198,18.563859845753974
2026-01-13 20:00:00,1.8592908843861558,17.72563844718824
2026-01-13 21:00:00,1.57117422191552,25.306272924715305
2026-01-13 22:00:00,1.079452091062108,16.574889276044196
2026-01-13 23:00:00,0.7052341028913992,18.51940062277947
2026-01-14 00:00:00,0.38655152480357907,15.346618123391568
2026-01-14 01:00:00,0.2992422350102884,20.61493630047821
2026-01-14 02:00:00,0.4605337415326203,11.748738691802153
2026-01-14 03:00:00,0.7953269831174228,16.46702660406338
2026-01-14 04:00:00,1.2177997615295013,22.123268135645187
2026-01-14 05:00:00,1.5522347807570387,15.072907834219336
2026-01-14 06:00:00,1.8321842665141332,27.431243555853825
2026-01-14 07:00:00,1.9021396550755856,26.448104817615913
2026-01-14 08:00:00,1.8051513455646702,23.321409544974124
2026-01-14 09:00:00,1.538696834883442,20.14644517030282
2026-01-14 10:00:00,1.2852936220681708,27.694461660219428
2026-01-14 11:00:00,0.7026613374261957,19.14281088633524
2026-01-14 12:00:00,0.7000308707993511,25.35846796633866
2026-01-14 13:00:00,0.494122804097594,8.684013737820301
2026-01-14 14:00:00,0.5305623538209432,11.938014853851444
2026-01-14 15:00:00,0.7284327836986856,19.549865003886808
2026-01-14 16:00:00,1.065953994252269,21.65729314146599
2026-01-14 17:00:00,1.3755050136959839,15.35610100640881
2026-01-14 18:00:00,1.8653460554413837,22.14526716345363
2026-01-14 19:00:00,2.0221843915445192,24.213850485269194
2026-01-14 20:00:00,1.787127379597846,22.89092595965619
2026-01-14 21:00:00,1.7959346088356918,19.936403455460418
2026-01-14 22:00:00,1.471285678988465,22.142426371580328
2026-01-14 23:00:00,1.1417178550873317,24.46060596633267
2026-01-15 00:00:00,0.696666157524709,11.246552642508343
2026-01-15 01:00:00,0.6098123403632946,29.775331332994277
2026-01-15 02:00:00,0.32842644399166654,17.773232282301723
2026-01-15 03:00:00,0.4844059978304417,21.465000043531504
2026-01-15 04:00:00,0.6894692254823045,20.563436789424838
2026-01-15 05:00:00,1.3245396690535218,29.32918459680765
2026-01-15 06:00:00,1.4260505451577496,23.560638616256995
2026-01-15 07:00:00,1.8808097052703063,12.422743102089601
2026-01-15 08:00:00,1.9963742553211181,25.55883070275372
2026-01-15 09:00:00,1.9555105162859792,18.768048904691295
2026-01-15 10:00:00,1.6579708365878922,26.928545393297874
2026-01-15 11:00:00,2.748691658994967,89.3271902910444
2026-01-15 12:00:00,0.9388799205650671,12.065163954768394
2026-01-15 13:00:00,0.5109910502918898,9.252751572455566
2026-01-15 14:00:00,0.3185188363633675,20.78788748043222
2026-01-15 15:00:00,0.41393851077297905,15.077532264941063
2026-01-15 16:00:00,0.6522565960883924,25.155690856526103
2026-01-15 17:00:00,1.1681566273409587,20.220035809653535
2026-01-15 18:00:00,1.4427517744446914,27.596106494302767
2026-01-15 19:00:00,1.8158124145999193,13.183350220273848
2026-01-15 20:00:00,1.9357627935173904,19.294708377952546
2026-01-15 21:00:00,1.8965780365067493,13.853208146336872
2026-01-15 22:00:00,1.6166202200347708,18.833706023520396
2026-01-15 23:00:00,1.4288233037501699,17.652646122889465
2026-01-16 00:00:00,0.921614187429518,23.438262745207812
2026-01-16 01:00:00,0.7842298721422538,22.457377411768704
2026-01-16 02:00:00,0.36354283506800616,17.341000558043095
2026-01-16 03:00:00,0.42091565181217255,20.279040404083265
2026-01-16 04:00:00,0.6974190345204174,19.216214570415904
2026-01-16 05:00:00,0.9362976133235545,24.535136232178274
2026-01-16 06:00:00,1.485199049106924,28.85513043150988
2026-01-16 07:00:00,1.8895540278946203,30.09624904450995
2026-01-16 08:00:00,1.7862100543202217,28.113234864151515
2026-01-16 09:00:00,2.0477072956138294,8.195326789584366
2026-01-16 10:00:00,1.827469776551456,22.252952801063998
2026-01-16 11:00:00,1.5488198246739182,25.847433704754792
2026-01-16 12:00:00,1.0456638425005924,25.332880987366835
2026-01-16 13:00:00,0.8333207247015102,15.247847631131698
2026-01-16 14:00:00,0.5093518993238246,20.756577563829847
2026-01-16 15:00:00,0.34659472524615426,22.29053900337436
2026-01-16 16:00:00,0.5470564852560763,20.41401865561447
2026-01-16 17:00:00,0.8806902828094978,17.778556028663612
2026-01-16 18:00:00,1.0471721402058756,11.897436121930324
2026-01-16 19:00:00,1.4203837594904023,19.604805756889693
2026-01-16 20:00:00,2.0190637622114322,15.378367245714983
2026-01-16 21:00:00,1.9031008624724743,23.93099896368341
2026-01-16 22:00:00,2.126015699162166,19.171005451842618
2026-01-16 23:00:00,1.6674707140610545,19.53632085708709
2026-01-17 00:00:00,1.3836922612073619,20.668528063005112
2026-01-17 01:00:00,0.9565794404915982,22.317779566415915
2026-01-17 02:00:00,0.6116162536834636,22.184217057271166
2026-01-17 03:00:00,0.4947124393962737,17.92874921806374
2026-01-17 04:00:00,0.42472208206737844,16.7403745738291
2026-01-17 05:00:00,2.098442388151598,71.35432551490345
2026-01-17 06:00:00,1.0003914499219209,34.54420424154151
2026-01-17 07:00:00,1.5955575748918764,16.90207672734397
2026-01-17 08:00:00,1.647511041362735,24.93731781407252
2026-01-17 09:00:00,2.0880621639615375,9.38233591914874
2026-01-17 10:00:00,2.0632296523466485,22.3110491038459
2026-01-17 11:00:00,1.8073365007564943,18.461703772703657
2026-01-17 12:00:00,1.5069988289471687,20.269752150650177
2026-01-17 13:00:00,0.8494455941012875,22.48195274954949
2026-01-17 14:00:00,0.5668510070916064,19.186765956720205
2026-01-17 15:00:00,0.3981929312712892,18.07570458153418
2026-01-17 16:00:00,0.2460047183657856,16.914566760656285
2026-01-17 17:00:00,0.6068348661617681,34.72400949336951
2026-01-17 18:00:00,0.7813594477437162,12.402745311509243
2026-01-17 19:00:00,1.316462089367707,13.260127405269504
2026-01-17 20:00:00,1.7054483181617943,24.442859848485803
2026-01-17 21:00:00,1.8195525724553032,22.343916388400825
2026-01-17 22:00:00,2.168325302943238,10.316675926529085
2026-01-17 23:00:00,1.9613230195910778,15.445365056177051
2026-01-18 00:00:00,1.712337341832632,20.60466250028184
2026-01-18 01:00:00,1.3552396163558968,17.295354836664504
2026-01-18 02:00:00,1.033540556447001,15.527560656291918
2026-01-18 03:00:00,0.6672878017218483,5.810631854052168
2026-01-18 04:00:00,0.33560087502410707,17.36024928869537
2026-01-18 05:00:00,0.5746657913595725,12.965366794308657
2026-01-18 06:00:00,0.6704997736325508,16.108199158287217
2026-01-18 07:00:00,1.042683238984028,26.1103161233495
2026-01-18 08:00:00,1.3791585775803648,18.515092510530664
2026-01-18 09:00:00,1.7291161090319422,22.9365321070721
2026-01-18 10:00:00,1.8640283014370196,16.14068413512165
2026-01-18 11:00:00,1.9182343144960705,27.28298756704894
2026-01-18 12:00:00,1.7923021836622777,21.651201218599944
2026-01-18 13:00:00,1.4395717103022532,15.776325828270556
2026-01-18 14:00:00,1.0538395974175458,11.863316640874148
2026-01-18 15:00:00,0.523309772164937,12.04476876974035
2026-01-18 16:00:00,0.33881582265675964,17.64017003096822
2026-01-18 17:00:00,0.3939861157630882,16.276231055844733
2026-01-18 18:00:00,0.6948438848851806,23.95437817940396
2026-01-18 19:00:00,0.8879859566350068,18.305571266606677
2026-01-18 20:00:00,1.4568493996077598,18.596091067183604
2026-01-18 21:00:00,1.492017248202465,14.65788457406407
2026-01-18 22:00:00,1.7633817198113122,21.8266735385825
2026-01-18 23:00:00,2.0120241235131835,21.201068963417615
2026-01-19 00:00:00,1.7894390265019067,8.451581660228465
2026-01-19 01:00:00,1.5489160409912268,16.860676771229883
2026-01-19 02:00:00,1.031281158259459,21.425383081335596
2026-01-19 03:00:00,0.786255377608421,19.665366434242138
2026-01-19 04:00:00,0.5760300390238577,15.762775227750195
2026-01-19 05:00:00,0.3002244078790089,22.54575512137142
2026-01-19 06:00:00,0.3708558475012619,21.877426067106196
2026-01-19 07:00:00,0.807921788706677,20.42679350065182
2026-01-19 08:00:00,1.254445070351278,20.20925176030434
2026-01-19 09:00:00,1.4516969438879261,32.82495554294488
2026-01-19 10:00:00,1.9232727920269044,21.26821331805504
2026-01-19 11:00:00,2.0088404294134192,18.851217282769735
2026-01-19 12:00:00,1.9425136582429203,10.921762543373113
2026-01-19 13:00:00,1.6480720568426794,15.573960707607013
2026-01-19 14:00:00,1.3179359413939091,21.18552072189384
2026-01-19 15:00:00,0.950538476483406,19.142792390084864
2026-01-19 16:00:00,0.6294435736805335,28.031282857172265
2026-01-19 17:00:00,0.40964043163664593,15.169307595912478
2026-01-19 18:00:00,0.4844878914950585,24.33789686774464
2026-01-19 19:00:00,0.5640222686023095,12.417322837991867
2026-01-19 20:00:00,1.1693242114594287,21.607766903366674
2026-01-19 21:00:00,1.285596419964258,14.679951702233648
2026-01-19 22:00:00,1.8134725663551217,22.604373484563094
2026-01-19 23:00:00,2.1040985675077075,19.00317425243887
2026-01-20 00:00:00,2.1041105177077335,15.321431444206333
2026-01-20 01:00:00,1.7895361697517262,24.425632748591532
2026-01-20 02:00:00,1.334957364988559,28.707773111507027
2026-01-20 03:00:00,0.9437306965528514,21.861760598129138
2026-01-20 04:00:00,0.5348179316783028,10.571994092550698
2026-01-20 05:00:00,0.30061832153135415,14.530084800337612
2026-01-20 06:00:00,0.5062343177198847,25.55935826682167
2026-01-20 07:00:00,0.66427648680787,12.774185970069443
2026-01-20 08:00:00,1.0753534009396326,24.53436581198465
2026-01-20 09:00:00,1.1605426340137717,26.9258936777384
2026-01-20 10:00:00,1.4769783079803993,10.379784056928695
2026-01-20 11:00:00,1.638169827936812,19.718797583336592
2026-01-20 12:00:00,1.953796353169489,18.699410143094607
2026-01-20 13:00:00,1.8191497090194875,18.18226558338595
2026-01-20 14:00:00,1.5888010066875964,12.934996180871678
2026-01-20 15:00:00,1.09003934120888,22.249920902385448
2026-01-20 16:00:00,0.7683363600448113,21.983773546226086
2026-01-20 17:00:00,0.5996670661394954,27.963213313879557
2026-01-20 18:00:00,0.34504785726540715,11.503364938204545
2026-01-20 19:00:00,0.43662474128357487,20.39424058502519
2026-01-20 20:00:00,0.7942844308174146,11.58475861297565
2026-01-20 21:00:00,0.988880200296295,22.931715779302753
2026-01-20 22:00:00,1.506586498197289,22.68587400407526
2026-01-20 23:00:00,1.7021470169863486,25.18775581863923
2026-01-21 00:00:00,2.07380331041327,12.464876756741216
2026-01-21 01:00:00,1.9664225479478958,18.544081503968783
2026-01-21 02:00:00,1.7090370955196474,23.655606634219698
2026-01-21 03:00:00,1.3409181109128967,19.140241980770373
2026-01-21 04:00:00,1.1073710960339875,22.13610574671374
2026-01-21 05:00:00,0.7104239638248632,16.546370515666794
2026-01-21 06:00:00,0.5689240117439527,21.358924967539
2026-01-21 07:00:00,0.4457858434450025,21.02517735462826
2026-01-21 08:00:00,0.6300710568529214,10.054671367703138
2026-01-21 09:00:00,1.0718515440836,22.682951855125793
2026-01-21 10:00:00,1.3506883181878055,26.258708684156318
2026-01-21 11:00:00,1.75772003899837,25.24321411533683
2026-01-21 12:00:00,2.122904874708106,16.748841783128988
2026-01-21 13:00:00,2.077798181102955,15.522408128719796
2026-01-21 14:00:00,1.885793609577689,20.21151882295804
2026-01-21 15:00:00,1.409188800855677,17.93628672094464
2026-01-21 16:00:00,0.966474278717773,25.621142518238788
2026-01-21 17:00:00,0.6980085154049809,21.107452947129776
2026-01-21 18:00:00,0.430790124332057,17.38935408295473
2026-01-21 19:00:00,0.356706131657364,17.197075125952388
2026-01-21 20:00:00,0.5754011538051088,25.73217818128854
2026-01-21 21:00:00,0.7564013458173897,21.320029286082768
2026-01-21 22:00:00,1.3178007636082543,23.71186289535102
2026-01-21 23:00:00,1.5034276058140623,22.67344066814832
2026-01-22 00:00:00,1.878482710100135,24.374225472339795
2026-01-22 01:00:00,2.133840788801423,22.656519296674524
2026-01-22 02:00:00,1.8877546507026923,18.620265698816258
2026-01-22 03:00:00,1.7871166509309184,16.536182470098833
2026-01-22 04:00:00,1.4909738112253916,11.271178208695114
2026-01-22 05:00:00,1.0416888504982607,14.527246176114438
2026-01-22 06:00:00,0.6197231184948859,18.404762244419477
2026-01-22 07:00:00,0.3199350114595031,15.375241527362924
2026-01-22 08:00:00,0.6380798309949102,14.27292045511953
2026-01-22 09:00:00,0.7322416442800016,10.656512299243904
2026-01-22 10:00:00,1.1729158847038106,18.591489069465005
2026-01-22 11:00:00,1.3928605527336426,23.971863352406473
2026-01-22 12:00:00,1.7323978746208732,19.945406586069247
2026-01-22 13:00:00,2.031384665938109,19.470905018562686
2026-01-22 14:00:00,2.0194481343470487,15.992862860143685
2026-01-22 15:00:00,1.7929740277251787,15.620045114495808
2026-01-22 16:00:00,1.375559542629901,17.11678528878076
2026-01-22 17:00:00,1.039228366099136,21.87089737314877
2026-01-22 18:00:00,0.5934006813719468,21.664282411341624
2026-01-22 19:00:00,0.6177797766704503,24.12814077908277
2026-01-22 20:00:00,0.3995632207363073,14.585445442397678
2026-01-22 21:00:00,0.5890616369115627,18.32654963310867
2026-01-22 22:00:00,0.8582228501704997,15.090452479976404
2026-01-22 23:00:00,1.3959152097181189,15.526216940433043
2026-01-23 00:00:00,1.6605792478339736,10.448433792670837
2026-01-23 01:00:00,1.9144880740541643,10.024810270094198
2026-01-23 02:00:00,1.8896350929539907,27.040416354814383
2026-01-23 03:00:00,1.8232576707356998,24.885664788993335
2026-01-23 04:00:00,1.5895168888248508,23.263040372548982
2026-01-23 05:00:00,1.1088355949354245,16.041087981477443
2026-01-23 06:00:00,0.649804457419241,27.103667570894583
2026-01-23 07:00:00,0.5923978191483517,26.580396290224876
2026-01-23 08:00:00,0.4602232166400998,3.9678822059567445
2026-01-23 09:00:00,0.4063853141443801,19.45425694507042
2026-01-23 10:00:00,0.5299313418749251,24.418167851917534
2026-01-23 11:00:00,1.175043808517462,22.446773318940473
2026-01-23 12:00:00,1.555478325915414,23.16267862592469
2026-01-23 13:00:00,1.684670113577259,21.883875806475103
2026-01-23 14:00:00,1.8743345946660015,23.981362576215226
2026-01-23 15:00:00,2.0055137135962133,16.694628557614045
2026-01-23 16:00:00,3.3651576474342675,86.5238700512399
2026-01-23 17:00:00,1.3404803289718206,18.05364623084369
2026-01-23 18:00:00,1.1768252310730178,14.430773624444466
2026-01-23 19:00:00,0.5884161718487882,18.03128798537266
2026-01-23 20:00:00,0.36833940198493836,20.848666168299477
2026-01-23 21:00:00,0.46385783051885066,28.290684479228183
2026-01-23 22:00:00,0.5758574502287778,24.82502230292634
2026-01-23 23:00:00,0.9335440671438868,15.196995076028102
2026-01-24 00:00:00,1.3080938460173854,16.432563861018032
2026-01-24 01:00:00,1.8858116960945936,18.366865048591215
2026-01-24 02:00:00,2.083198319317788,11.781636559130552
2026-01-24 03:00:00,1.8188910167610275,29.78223445839748
2026-01-24 04:00:00,1.856770568374271,18.362275673397694
2026-01-24 05:00:00,1.516431118649443,10.033682728289117
2026-01-24 06:00:00,1.1510434218920753,23.06794825997336
2026-01-24 07:00:00,0.8280654201190563,18.07253789661643
2026-01-24 08:00:00,0.5521808972074327,21.946477154689667
2026-01-24 09:00:00,0.2087774041610629,15.470733117922023
2026-01-24 10:00:00,0.6270358056272336,22.376787207195193
2026-01-24 11:00:00,0.8587091579498864,16.041397687425118
2026-01-24 12:00:00,0.9269736634582972,22.842593805736783
2026-01-24 13:00:00,1.5365106916823728,20.434730329639184
2026-01-24 14:00:00,1.830181379015671,15.383757559111533
2026-01-24 15:00:00,2.1261745284296323,19.761566940227198
2026-01-24 16:00:00,2.0915573098972637,28.41171029165996
2026-01-24 17:00:00,1.701633196478366,27.73267204933803
2026-01-24 18:00:00,1.278908483681329,16.870654297594594
2026-01-24 19:00:00,0.9781081704338127,20.035589601325952
2026-01-24 20:00:00,0.5702305233841842,30.108742521299448
2026-01-24 21:00:00,0.5631700270745384,26.33927988119367
2026-01-24 22:00:00,0.40289826734959927,10.918955382080311
2026-01-24 23:00:00,0.7900868784088643,17.5295305455753
2026-01-25 00:00:00,1.204662208132083,16.460127587882916
2026-01-25 01:00:00,1.4008188705343672,17.836184093196895
2026-01-25 02:00:00,1.7016119010916955,22.76493967198322
2026-01-25 03:00:00,2.0004702800553598,23.482006515784434
2026-01-25 04:00:00,2.126620722882768,20.629236125212074
2026-01-25 05:00:00,1.7688621998302496,19.76583773569873
2026-01-25 06:00:00,1.3473577899547953,22.922643555838015
2026-01-25 07:00:00,1.082011405718719,30.286017871597515
2026-01-25 08:00:00,0.4236508427100847,20.92517359604974
2026-01-25 09:00:00,0.5624341383478741,13.60187538165831
2026-01-25 10:00:00,0.3893495491569604,25.876751578357542
2026-01-25 11:00:00,0.45419929756883676,22.850089139311578
2026-01-25 12:00:00,1.1194544779988684,15.133482910016587
2026-01-25 13:00:00,1.3491024890937586,24.311517140553327
2026-01-25 14:00:00,1.6605757511948736,23.09578260003447
2026-01-25 15:00:00,1.96250395986993,13.09977732289896
2026-01-25 16:00:00,1.988285519011653,15.131561697827618
2026-01-25 17:00:00,1.8747396891216235,6.919664894305399
2026-01-25 18:00:00,1.6077466643575316,24.22759045165616
2026-01-25 19:00:00,1.1837127297447345,19.681151749383282
2026-01-25 20:00:00,0.7608066177831903,16.823430171908306
2026-01-25 21:00:00,2.053385582594185,79.3700280065816
2026-01-25 22:00:00,0.4767188866320996,18.355618904665
2026-01-25 23:00:00,0.552996747508234,26.351800475287174
2026-01-26 00:00:00,0.5395280922827748,23.06658253512267
2026-01-26 01:00:00,1.0718850819110681,16.008269847694507
2026-01-26 02:00:00,1.5933266997339472,18.553356143302597
2026-01-26 03:00:00,1.8348250353532547,18.504928950550966
2026-01-26 04:00:00,2.08037378606,21.89536270936455
2026-01-26 05:00:00,2.0267896559501453,28.802596485489858
2026-01-26 06:00:00,1.6989295829219517,21.839564286936966
2026-01-26 07:00:00,1.3830464378425185,25.031075801842398
2026-01-26 08:00:00,0.975410595535438,23.782195512471393
2026-01-26 09:00:00,0.6223514560067331,16.946189528742053
2026-01-26 10:00:00,0.53850820047097,25.03441799680708
2026-01-26 11:00:00,0.4074099952071319,21.88119038067405
2026-01-26 12:00:00,0.6505744746404285,30.46706088437255
2026-01-26 13:00:00,0.8993671491224616,23.18646781775487
2026-01-26 14:00:00,1.1963148611504555,22.14582666656501
2026-01-26 15:00:00,1.7701866956394496,20.79527985264971
2026-01-26 16:00:00,2.0927902915736305,27.174096521256125
2026-01-26 17:00:00,2.202722605633002,22.307710431030415
2026-01-26 18:00:00,1.9522627158425552,21.890348049508084
2026-01-26 19:00:00,1.5294563721663517,26.9438935804815
2026-01-26 20:00:00,1.1762297752293525,21.24385733679333
2026-01-26 21:00:00,0.8451040913352391,17.729955913123742
2026-01-26 22:00:00,0.5703953028464951,17.178102031825283
2026-01-26 23:00:00,0.41763692727396073,20.04592163368103
2026-01-27 00:00:00,0.687639183150419,22.80893884174906
2026-01-27 01:00:00,0.7566720878828788,15.135085647157764
2026-01-27 02:00:00,1.0581862211432884,15.62626138867915
2026-01-27 03:00:00,1.490687563655333,14.895539102188247
2026-01-27 04:00:00,1.7430160728022963,17.75316019546652
2026-01-27 05:00:00,2.0768929298177112,25.195660130832778
2026-01-27 06:00:00,1.8721966993188466,17.711556059046764
2026-01-27 07:00:00,1.5428549018523672,30.04993534466974
2026-01-27 08:00:00,1.2971681052799657,16.465130328492393
2026-01-27 09:00:00,0.6664575959524239,21.584688419846426
2026-01-27 10:00:00,0.517263485961934,18.17404394458974
2026-01-27 11:00:00,0.5223824026233252,17.663201248722512
2026-01-27 12:00:00,0.3978108461925649,22.681210908365415
2026-01-27 13:00:00,0.5621391155429869,17.721842008138452
2026-01-27 14:00:00,0.9445943699377306,29.515522064289488
2026-01-27 15:00:00,1.4624065079373163,27.49168159926416
2026-01-27 16:00:00,1.763703078229988,21.520345197636303
2026-01-27 17:00:00,2.033271933030968,21.826149462203926
2026-01-27 18:00:00,1.842875362252469,17.10427136995694
2026-01-27 19:00:00,1.804663130729907,26.534368240050867
2026-01-27 20:00:00,1.3708040422777026,17.99611538030801
2026-01-27 21:00:00,1.0998453088471234,14.621301422523747
2026-01-27 22:00:00,0.6627603912228569,21.022835653550995
2026-01-27 23:00:00,0.5230482422956815,7.26960951199791
2026-01-28 00:00:00,0.4805754440394842,17.27544489388416
2026-01-28 01:00:00,0.5707306880624201,23.499367259688473
2026-01-28 02:00:00,0.9797997801153938,15.379830952125793
2026-01-28 03:00:00,1.191549048559986,20.876101606671284
2026-01-28 04:00:00,1.5966342222981793,26.500792120911157
2026-01-28 05:00:00,1.78280710177167,20.735052761138235
2026-01-28 06:00:00,2.113888328992551,22.01146553799006
2026-01-28 07:00:00,1.8565551469644188,19.197785679923204
2026-01-28 08:00:00,1.7854308814233095,21.957489532688207
2026-01-28 09:00:00,1.285617665721985,11.523191290963306
2026-01-28 10:00:00,0.890557801755711,18.790094299316813
2026-01-28 11:00:00,0.5187224525222008,12.054259648586338
2026-01-28 12:00:00,0.37995464112610217,19.031566799141107
2026-01-28 13:00:00,0.4496318911295175,20.039649289739273
2026-01-28 14:00:00,0.537534267680886,15.31519394607766
2026-01-28 15:00:00,0.9672844611907763,13.801109163053024
2026-01-28 16:00:00,1.6102296711661497,15.702034165487369
2026-01-28 17:00:00,1.6035878260569585,18.99920179993996
2026-01-28 18:00:00,1.9996720252093503,17.315973290026722
2026-01-28 19:00:00,1.798203369799341,9.123816548468414
2026-01-28 20:00:00,1.8103985212857279,18.46611088594543
2026-01-28 21:00:00,1.2924960747044905,21.46097762986434
2026-01-28 22:00:00,1.0746987240545969,24.0252735487898
2026-01-28 23:00:00,0.5634129366891709,19.725408066535877
2026-01-29 00:00:00,0.41729209782057985,25.54299755258262
2026-01-29 01:00:00,0.4690170506530265,16.018320031885917
2026-01-29 02:00:00,0.6639515214779103,22.203318290622967
2026-01-29 03:00:00,1.0568747056591312,29.544676551280162
2026-01-29 04:00:00,1.3667439804561392,23.55547948820109
2026-01-29 05:00:00,1.6927599877115038,22.267446041457738
2026-01-29 06:00:00,1.863691108099274,17.30526021282577
2026-01-29 07:00:00,1.8926870846761543,8.969716886318604
2026-01-29 08:00:00,1.681802448654253,22.207021501760348
2026-01-29 09:00:00,1.5824308610647282,20.740399439118328
2026-01-29 10:00:00,1.1304311190967153,11.465260627746755
2026-01-29 11:00:00,0.5260335161541598,12.138603981950503
2026-01-29 12:00:00,0.4364080075426494,29.959595500396034
2026-01-29 13:00:00,0.47510389955074117,20.883508090832066
2026-01-29 14:00:00,0.6011922798695445,17.14242858634828
2026-01-29 15:00:00,0.7270848088890157,14.114245944240174
2026-01-29 16:00:00,1.2077492676938,18.47019227251157
2026-01-29 17:00:00,1.5654328991696487,14.095316285172135
2026-01-29 18:00:00,1.907236777098208,11.665426600142645
2026-01-29 19:00:00,1.9931031483684172,16.95144473152894
2026-01-29 20:00:00,1.7631266660513079,13.511386800580423
2026-01-29 21:00:00,1.7061366360210872,13.329655513018153
2026-01-29 22:00:00,1.2318879232322508,19.21950611782776
2026-01-29 23:00:00,0.7133078273136841,22.974414523239194
2026-01-30 00:00:00,0.68671916562109,25.099952903973357
2026-01-30 01:00:00,0.4730351392998572,19.915074862623186
2026-01-30 02:00:00,0.4892157996462612,18.47383001074015
2026-01-30 03:00:00,0.5283927362154852,20.46726079508911
2026-01-30 04:00:00,0.9456097140586129,20.858538955547825
2026-01-30 05:00:00,1.4413135554422885,21.00690689361536
2026-01-30 06:00:00,2.019480502612841,20.505854022922946
2026-01-30 07:00:00,2.023602482237932,19.375515791203718
2026-01-30 08:00:00,1.9606111612366284,26.712885798164443
2026-01-30 09:00:00,1.8160477075258876,13.400792203523793
2026-01-30 10:00:00,1.3570927050153205,22.309463771876416
2026-01-30 11:00:00,1.021719569477431,18.66618603318858
2026-01-30 12:00:00,0.6103126082307989,23.195503980755383
2026-01-30 13:00:00,0.3660440530932456,14.847068155176345
2026-01-30 14:00:00,0.253798883218819,15.128973010710965
2026-01-30 15:00:00,0.5886278496435896,16.874830726755274
2026-01-30 16:00:00,0.8006016611755147,13.108587812688818
2026-01-30 17:00:00,2.877008739470054,75.90368545540403
2026-01-30 18:00:00,1.4820863261700534,26.388439834264737
2026-01-30 19:00:00,3.4233730351071108,80.85701319354347
2026-01-30 20:00:00,2.0604916818361927,13.025511006458474
2026-01-30 21:00:00,1.869722523199863,17.343324237788845
2026-01-30 22:00:00,1.5623409725333166,14.325271978830271
2026-01-30 23:00:00,0.9743780035467107,21.585773750932873
2026-01-31 00:00:00,0.7197592150682539,23.68085240461207
2026-01-31 01:00:00,0.2866798135319363,24.768278864649886
2026-01-31 02:00:00,0.35424163393558294,16.679715043144018
2026-01-31 03:00:00,0.7118766831696501,33.96999473234568
2026-01-31 04:00:00,2.250332525048128,89.89811177145337
2026-01-31 05:00:00,1.0957834172249248,14.79087419058061
2026-01-31 06:00:00,1.6659501771337049,27.464278069532213
2026-01-31 07:00:00,1.804781175019576,18.68311123651154
2026-01-31 08:00:00,2.048762473319371,17.88054574917283
2026-01-31 09:00:00,1.9434644583401754,15.973475168499302
2026-01-31 10:00:00,1.567703922622491,17.276073866748114
2026-01-31 11:00:00,1.2576609260549774,23.50265048453567
2026-01-31 12:00:00,0.9907799286858631,18.326561316078486
2026-01-31 13:00:00,0.7060184945666568,6.325582473506984
2026-01-31 14:00:00,0.5414834899778014,14.721053406401943
2026-01-31 15:00:00,0.3763877511484707,22.833569987130627
2026-01-31 16:00:00,0.6055771943206872,21.223702917407348
2026-01-31 17:00:00,1.0610486881678645,16.269361352259594
2026-01-31 18:00:00,1.3644022940395109,27.46389186620322
2026-01-31 19:00:00,1.7134551886470402,26.06996475958231
2026-01-31 20:00:00,1.994468274478094,26.365757483704442
2026-01-31 21:00:00,1.8377353657304198,11.41803478540141
2026-01-31 22:00:00,1.757794761910075,22.123200057371715
2026-01-31 23:00:00,1.5678087329983876,24.815286790448305
2026-02-01 00:00:00,1.0531543662252114,16.417797088346603
2026-02-01 01:00:00,0.7221107640872059,32.19824796270108
2026-02-01 02:00:00,0.5309152419319807,24.6662385681323
2026-02-01 03:00:00,0.4105101151244197,23.273195975928267
2026-02-01 04:00:00,0.5850876178784951,17.975946559828042
2026-02-01 05:00:00,0.8231578385246683,26.25862606240052
2026-02-01 06:00:00,1.2377835203890013,20.72897084450094
2026-02-01 07:00:00,1.6483093096349357,20.815655048830223
2026-02-01 08:00:00,2.0044332329645185,24.624036838584004
2026-02-01 09:00:00,2.009200219388574,25.597472372201892
2026-02-01 10:00:00,1.9321375411250197,9.420366399913592
2026-02-01 11:00:00,1.67639488283513,16.988638360707327
2026-02-01 12:00:00,1.2963367678640745,22.925436945625226
2026-02-01 13:00:00,1.1124956288234344,19.045672511751246
2026-02-01 14:00:00,0.6120650205505768,14.66413380032837
2026-02-01 15:00:00,0.3623713557745125,16.168665887519374
2026-02-01 16:00:00,0.3257478903478377,26.757545516288022
2026-02-01 17:00:00,0.6457895275496415,27.189804676348338
2026-02-01 18:00:00,0.9880683454429071,15.306563576420073
2026-02-01 19:00:00,1.4449045815808246,23.710215136224615
2026-02-01 20:00:00,1.9090982569311366,24.27306044412658
2026-02-01 21:00:00,1.9158917015888581,19.49526418492846
2026-02-01 22:00:00,2.103078386722616,24.02312825517393
2026-02-01 23:00:00,1.7416451975227265,14.671451829996448
2026-02-02 00:00:00,1.5353331840319615,16.964043915050592
2026-02-02 01:00:00,1.10999942523178,21.831339323291157
2026-02-02 02:00:00,0.6443898031962327,18.73972691854318
2026-02-02 03:00:00,0.34377646973848053,18.401033548825886
2026-02-02 04:00:00,0.502779514711827,21.392741295240974
2026-02-02 05:00:00,0.6459614090847523,21.169629688336435
2026-02-02 06:00:00,0.7582737748407229,20.286095739515122
2026-02-02 07:00:00,1.193011702599549,21.20061187996896
2026-02-02 08:00:00,1.6945728571314804,15.433001565617076
2026-02-02 09:00:00,2.0280602423627956,25.328117659774854
2026-02-02 10:00:00,1.9377168823029658,28.086755216816318
2026-02-02 11:00:00,1.6258395535852859,25.02492059148755
2026-02-02 12:00:00,1.7237386105138301,19.126340219752638
2026-02-02 13:00:00,1.3034056503416962,24.205109430592174
2026-02-02 14:00:00,0.8433385592194313,20.774070991986942
2026-02-02 15:00:00,0.47857251600164985,18.856412293955014
2026-02-02 16:00:00,0.3882368848885566,20.01805659478737
2026-02-02 17:00:00,0.7318429262092536,26.592770098513036
2026-02-02 18:00:00,0.8007013888034102,21.421896185311557
2026-02-02 19:00:00,1.056287253322964,15.553035065774775
2026-02-02 20:00:00,1.3762526659281429,12.411272642211946
2026-02-02 21:00:00,1.858616651594063,16.724898448560577
2026-02-02 22:00:00,1.9718863995070601,22.058117595652984
2026-02-02 23:00:00,1.9126921530137169,13.69167390134708
2026-02-03 00:00:00,1.8236205703851427,19.642847019674115
2026-02-03 01:00:00,1.3685012340782574,21.39938603669306
2026-02-03 02:00:00,0.8556617480118754,26.62313489472475
2026-02-03 03:00:00,0.6232958855914287,20.695894370610056
2026-02-03 04:00:00,0.5167336535470795,13.408179101672737
2026-02-03 05:00:00,0.45441688683750875,21.19722487294214
2026-02-03 06:00:00,0.5298446261163527,16.765993889096258
2026-02-03 07:00:00,0.9791734744402489,14.493369822672513
2026-02-03 08:00:00,1.1956704070334614,24.1215360987386
2026-02-03 09:00:00,1.7708980371869183,27.71167899645603
2026-02-03 10:00:00,2.1178579428204873,22.541660424021885
2026-02-03 11:00:00,1.9795247468169772,22.781889813534637
2026-02-03 12:00:00,1.9196994066670354,18.545799853833728
2026-02-03 13:00:00,1.5026636100464439,23.707875120549225
2026-02-03 14:00:00,1.1071212581885241,16.102060136454327
2026-02-03 15:00:00,0.8651691066963512,11.480113944632286
2026-02-03 16:00:00,0.4297979941769295,20.617238778426444
2026-02-03 17:00:00,0.2978780065192853,22.706321903305113
2026-02-03 18:00:00,0.6006447630636769,16.376552646669033
2026-02-03 19:00:00,0.6834418943346862,24.399861999377634
2026-02-03 20:00:00,1.0724616593601404,27.938216557637748
2026-02-03 21:00:00,1.574385800993685,18.98591738806458
2026-02-03 22:00:00,1.8971374799270075,20.717842837532594
2026-02-03 23:00:00,2.0503256740220093,23.152292062527078
2026-02-04 00:00:00,2.119363093469915,14.37999987787124
2026-02-04 01:00:00,1.4565638623012207,25.488309998296188
2026-02-04 02:00:00,1.3094338504910217,18.287195243293553
2026-02-04 03:00:00,0.8378256703189236,24.813109682052158
2026-02-04 04:00:00,0.5059718997661584,27.851462207735157
2026-02-04 05:00:00,0.4927466525074825,22.43627877362143
2026-02-04 06:00:00,0.33083135741045033,21.94767358617057
2026-02-04 07:00:00,0.7547724943511499,18.263217107855322
2026-02-04 08:00:00,0.9525348293547434,19.73987759364537
2026-02-04 09:00:00,1.4748435398062623,20.008725432710836
2026-02-04 10:00:00,1.8486207849440164,17.71595173903359
2026-02-04 11:00:00,1.9907424261519395,18.87805087388417
2026-02-04 12:00:00,1.888082008569521,22.139751734344102
2026-02-04 13:00:00,1.6880835445745572,20.998564744275082
2026-02-04 14:00:00,1.2827722849171108,14.461950509825224
2026-02-04 15:00:00,0.966444652608376,21.57664571505112
2026-02-04 16:00:00,0.5478287086947794,26.359234691427588
2026-02-04 17:00:00,0.4164427741436128,18.26358279562461
2026-02-04 18:00:00,0.3540576504993562,21.048381048443524
2026-02-04 19:00:00,0.5584839408392525,20.897135556199864
2026-02-04 20:00:00,0.6626560401964939,29.219234270594345
2026-02-04 21:00:00,1.2624714991881127,16.19970081905671
2026-02-04 22:00:00,1.6737028704855652,22.090852074355453
2026-02-04 23:00:00,1.9827979383339611,23.010111581196394
2026-02-05 00:00:00,1.8389775753794186,17.418920827667126
2026-02-05 01:00:00,1.9314271847919995,19.801061179463268
2026-02-05 02:00:00,1.6859995468955808,19.191522378207182
2026-02-05 03:00:00,1.2359441609291975,18.777320352473797
2026-02-05 04:00:00,0.7813278982600479,19.60128892127558
2026-02-05 05:00:00,0.5066376327422633,21.895670538066533
2026-02-05 06:00:00,0.38513212775705463,16.43863589996003
2026-02-05 07:00:00,0.38893629370523136,24.447459873970537
2026-02-05 08:00:00,0.700752098682305,19.11464439287633
2026-02-05 09:00:00,1.0929937704090156,13.247183717210085
2026-02-05 10:00:00,1.4881858186903942,14.651137369757052
2026-02-05 11:00:00,1.839608235268941,5.917792402122441
2026-02-05 12:00:00,1.8937099367715027,5.257929281604737
2026-02-05 13:00:00,1.9739699941732058,11.253594041935033
2026-02-05 14:00:00,1.5002572902387261,14.301063134111542
2026-02-05 15:00:00,1.3881266065300129,16.35048828884225
2026-02-05 16:00:00,0.9904973753947132,25.177113965014208
2026-02-05 17:00:00,0.5925261819295866,17.88334670845049
2026-02-05 18:00:00,0.5126241921424399,25.988929115458674
2026-02-05 19:00:00,0.36985140174927617,19.761883685698532
2026-02-05 20:00:00,0.6747587138320618,17.414759317273308
2026-02-05 21:00:00,0.8708282032070729,23.72248976025913
2026-02-05 22:00:00,1.3653526995555545,19.265093131460414
2026-02-05 23:00:00,1.8334929116109793,18.40784577594369
2026-02-06 00:00:00,1.8749749229868615,15.547417229560352
2026-02-06 01:00:00,1.859915149321731,10.889711644365406
2026-02-06 02:00:00,1.7265288197507545,14.45424030845744
2026-02-06 03:00:00,1.536325834011346,20.243633421003686
2026-02-06 04:00:00,1.1074303423311742,16.194147206788106
2026-02-06 05:00:00,0.7146950998833358,21.11424720545687
2026-02-06 06:00:00,0.48220369769749555,27.57092525091484
2026-02-06 07:00:00,0.5191793288686728,27.306597345428763
2026-02-06 08:00:00,0.6342491848457066,21.244949722822188
2026-02-06 09:00:00,0.8249323772916004,21.01901400769621
2026-02-06 10:00:00,1.2100399408641733,27.178297488210035
2026-02-06 11:00:00,1.551522473506385,18.529509997602492
2026-02-06 12:00:00,1.7027576450761794,20.242364547031183
2026-02-06 13:00:00,1.909689373727427,17.27111923488819
2026-02-06 14:00:00,1.9542777863816474,21.177727564175225
2026-02-06 15:00:00,1.7001578320526445,21.0371738465636
2026-02-06 16:00:00,1.2656458554079892,17.774122762963085
2026-02-06 17:00:00,0.9413375595120268,25.689756566951246
2026-02-06 18:00:00,0.4765126936286861,17.540255723905602
2026-02-06 19:00:00,0.46871628532760967,25.38683705979772
2026-02-06 20:00:00,0.627055019188173,26.448946481244384
2026-02-06 21:00:00,0.7119642174960478,26.00227885500198
2026-02-06 22:00:00,0.9075298960313611,24.596710442278333
2026-02-06 23:00:00,1.5229056019801106,15.809525873858437
2026-02-07 00:00:00,1.7408239696511651,23.896990219080898
2026-02-07 01:00:00,1.9355217076993219,22.248984186504313
2026-02-07 02:00:00,2.2359799195589254,19.930699439888777
2026-02-07 03:00:00,1.721213492253676,27.312668991220864
2026-02-07 04:00:00,1.281281689196551,14.464092927704183
2026-02-07 05:00:00,1.0449035976485328,19.454068119932703
2026-02-07 06:00:00,0.5199247333179903,27.344660615517924
2026-02-07 07:00:00,0.5132721246058296,21.616596121032014
2026-02-07 08:00:00,0.45412900220520436,22.864156090390537
2026-02-07 09:00:00,0.5744707010338329,12.731990401098098
2026-02-07 10:00:00,0.9575263383662069,28.03260268987818
2026-02-07 11:00:00,1.2558728952787437,18.917709974173537
2026-02-07 12:00:00,1.5226547235411676,26.010310056051935
2026-02-07 13:00:00,1.9135250003195872,24.703291269882744
2026-02-07 14:00:00,2.0295366319265526,23.939370238240343
2026-02-07 15:00:00,1.913302651487578,14.229145296290726
2026-02-07 16:00:00,1.5904891881963035,18.817606618249677
2026-02-07 17:00:00,1.3814730846618741,14.139509200425382
2026-02-07 18:00:00,0.6637255231066296,24.23687023800911
2026-02-07 19:00:00,0.4071695125777112,19.067747715151302
2026-02-07 20:00:00,0.3323598953882786,20.635812148486952
2026-02-07 21:00:00,0.5140488581902628,3.5724662313962305
2026-02-07 22:00:00,0.7246079837789485,16.90746642847563
2026-02-07 23:00:00,1.0258431185580261,21.828767190432057
2026-02-08 00:00:00,1.310567888424016,18.023008417158184
2026-02-08 01:00:00,1.8385325378906883,12.264081108563836
2026-02-08 02:00:00,1.7567035970431604,15.05062158567857
2026-02-08 03:00:00,1.8394439085625522,21.843037375149574
2026-02-08 04:00:00,1.7255292631105361,20.519039832348984
2026-02-08 05:00:00,1.5449880675587893,18.629145687727576
2026-02-08 06:00:00,0.8787682759770087,17.014259385250423
2026-02-08 07:00:00,0.5616083541907617,15.055559206326034
2026-02-08 08:00:00,0.3716662451525242,28.277658127247925
2026-02-08 09:00:00,0.5236887799673016,25.629930955260683
2026-02-08 10:00:00,0.5695331886952427,22.044936722796436
2026-02-08 11:00:00,0.9526038225312807,22.540071360201072
2026-02-08 12:00:00,1.4559901647799838,10.348173219042776
2026-02-08 13:00:00,1.471373370220879,25.887826272995483
2026-02-08 14:00:00,1.7940362655756583,22.49055367272136
2026-02-08 15:00:00,1.832559044659443,18.389187665753177
2026-02-08 16:00:00,1.7465344270104959,21.66062708541026
2026-02-08 17:00:00,1.335880293600194,26.31464888523081
2026-02-08 18:00:00,1.1035109510129382,21.35371319963576
2026-02-08 19:00:00,0.8878211469977589,21.25619445165269
2026-02-08 20:00:00,0.37066066128810854,32.535936127999605
2026-02-08 21:00:00,0.2989550961737625,22.250380852854843
2026-02-08 22:00:00,0.6192811579062031,23.30463249431189
2026-02-08 23:00:00,0.8824969236210494,16.765903511035663
2026-02-09 00:00:00,1.4110909761908088,17.61060995841563
2026-02-09 01:00:00,1.7664178092534568,30.345509305339785
2026-02-09 02:00:00,1.67394630440636,20.076000759973503
2026-02-09 03:00:00,2.0448806006475855,25.249161513705886
2026-02-09 04:00:00,1.8990837201441146,17.603215350989082
2026-02-09 05:00:00,1.6046165211546115,24.120075381970643
2026-02-09 06:00:00,1.2538588000397393,15.335600610587536
2026-02-09 07:00:00,0.9973533647118411,13.980384790363061
2026-02-09 08:00:00,0.5410799540942248,17.486591907111336
2026-02-09 09:00:00,0.45123309840669484,24.94961463547037
2026-02-09 10:00:00,0.5032354041870709,15.450782543365639
2026-02-09 11:00:00,0.6363577902821598,14.893528398818917
2026-02-09 12:00:00,1.1256934234503653,18.565355370402294
2026-02-09 13:00:00,1.6015291259603288,24.611442983557026
2026-02-09 14:00:00,1.8005438123861939,22.62132426056663
2026-02-09 15:00:00,1.8413284483342955,18.251745759929733
2026-02-09 16:00:00,2.0149824459873518,24.28653896780896
2026-02-09 17:00:00,1.8320171942083736,18.0239336382951
2026-02-09 18:00:00,1.334065805732392,26.53830732933779
2026-02-09 19:00:00,1.0166760632599179,19.278893199738146
2026-02-09 20:00:00,0.7104502876448879,8.293482962716832
2026-02-09 21:00:00,0.2539283885880039,17.210621456108875
2026-02-09 22:00:00,0.4119814890261573,25.392768725175443
2026-02-09 23:00:00,0.5401549873187762,23.0215419949869
2026-02-10 00:00:00,0.8636521388679932,28.508568117635914
2026-02-10 01:00:00,1.2705257364693747,13.186741704825625
2026-02-10 02:00:00,1.4382548049198753,22.06318010464723
2026-02-10 03:00:00,1.9577988666918718,13.982023265952433
2026-02-10 04:00:00,1.989199373864932,21.496970137798023
2026-02-10 05:00:00,2.035388938417853,23.175181541977437
2026-02-10 06:00:00,1.6087158217457742,22.99805651804087
2026-02-10 07:00:00,1.4096189911919534,29.056318974260947
2026-02-10 08:00:00,0.8948964756310941,18.561556958772893
2026-02-10 09:00:00,0.5966278922475609,27.516486977195527
2026-02-10 10:00:00,0.5384893557595137,15.909515427006369
2026-02-10 11:00:00,0.42478992367118495,19.7107556265154
2026-02-10 12:00:00,0.8802407126965445,14.292104203495636
2026-02-10 13:00:00,1.1762735901355124,19.225363059154002
2026-02-10 14:00:00,1.542749991960561,19.70714672376413
2026-02-10 15:00:00,1.7699421031833102,11.604999410655669
2026-02-10 16:00:00,2.049325789679672,20.427296400710638
2026-02-10 17:00:00,1.8875290480112858,18.765700380634847
2026-02-10 18:00:00,1.7184379380420727,20.675200101966432
2026-02-10 19:00:00,1.4047113248532466,20.99298146540076
2026-02-10 20:00:00,1.1692170781850217,17.69934996694559
2026-02-10 21:00:00,0.6877129428319146,24.261463077729296
2026-02-10 22:00:00,0.5352792523856187,27.035841392700988
2026-02-10 23:00:00,0.3781915049306805,21.53923394085692
2026-02-11 00:00:00,0.594084564271756,17.240785179740342
2026-02-11 01:00:00,0.9778343026390315,19.111468529153036
2026-02-11 02:00:00,1.4789302289806163,22.233147039524475
2026-02-11 03:00:00,1.6310680952613186,29.022993791502035
2026-02-11 04:00:00,2.137575854302819,7.995507482585435
2026-02-11 05:00:00,1.9450421069158497,24.644998968680017
2026-02-11 06:00:00,1.8601496698676139,20.495483537988502
2026-02-11 07:00:00,1.4387494215700156,9.276674384566297
2026-02-11 08:00:00,1.1518122277401717,21.748536359601538
2026-02-11 09:00:00,0.7403861253262943,21.685899498281533
2026-02-11 10:00:00,0.40596666676999893,17.834759632354285
2026-02-11 11:00:00,0.2511988339892224,23.921445759525266
2026-02-11 12:00:00,0.5524965306391816,20.91140691973655
2026-02-11 13:00:00,0.6724303448966654,12.96711488658734
2026-02-11 14:00:00,1.3981768719855656,18.50225430655213
2026-02-11 15:00:00,1.4891205225274333,23.506536146708292
2026-02-11 16:00:00,1.955303150929663,23.690533469411676
2026-02-11 17:00:00,1.9454960462571942,14.969998468599002
2026-02-11 18:00:00,2.017512104364144,12.45347682263398
2026-02-11 19:00:00,1.8007162098396448,23.156040890189086
2026-02-11 20:00:00,1.2681809808282114,20.16433303189649
2026-02-11 21:00:00,0.751465432706822,13.911992226794986
2026-02-11 22:00:00,0.42202323696260513,21.1036586403187
2026-02-11 23:00:00,0.5867061591430163,20.975572118231067
2026-02-12 00:00:00,0.5151745103076583,26.277515926137944
2026-02-12 01:00:00,0.5540333731834204,23.596479358035367
2026-02-12 02:00:00,0.9199977742778487,16.63141186218012
2026-02-12 03:00:00,1.5693499916572515,18.324270258399334
2026-02-12 04:00:00,1.7707741598239992,23.434999077703843
2026-02-12 05:00:00,1.9129966867739303,17.434660481952022
2026-02-12 06:00:00,2.0708428870879994,18.97305794516644
2026-02-12 07:00:00,1.7420531991947943,19.25163237803358
2026-02-12 08:00:00,1.3914789636390679,19.803124518973195
2026-02-12 09:00:00,1.1052775250059597,21.459024878745097
2026-02-12 10:00:00,0.5213337377931372,29.301637622359568
2026-02-12 11:00:00,0.25082037187715933,22.580753392770653
2026-02-12 12:00:00,0.46109362234955453,11.904166218452351
2026-02-12 13:00:00,0.5985502819451273,20.012381589359737
2026-02-12 14:00:00,0.7925337653516129,25.49618920502923
2026-02-12 15:00:00,1.3395502910359622,20.61004468573176
2026-02-12 16:00:00,1.7492764442197273,21.911340167957025
2026-02-12 17:00:00,1.8768557981398084,23.71757267700584
2026-02-12 18:00:00,1.919779362553867,19.483845182581632
2026-02-12 19:00:00,1.8952473441383206,21.069642276666535
2026-02-12 20:00:00,1.5825077435423311,18.314043112504148
2026-02-12 21:00:00,1.2113516658007553,15.52639527000273
2026-02-12 22:00:00,0.6415655101639319,23.65292588440547
2026-02-12 23:00:00,0.6380944980747354,18.187032273460463
2026-02-13 00:00:00,0.3975151079751365,21.65422380259915
2026-02-13 01:00:00,0.4090781012358873,20.409130639048573
2026-02-13 02:00:00,0.5826167956087167,25.24978312060456
2026-02-13 03:00:00,1.1330199221981114,20.335346631792458
2026-02-13 04:00:00,1.36551491266599,18.254786164752524
2026-02-13 05:00:00,1.9267624860182908,17.144690496067778
2026-02-13 06:00:00,2.0086025345291727,23.086985354703376
2026-02-13 07:00:00,1.865643826179662,23.33758611292147
2026-02-13 08:00:00,1.7571217953998952,22.22126229692411
2026-02-13 09:00:00,1.5348579651832375,16.31479152104268
2026-02-13 10:00:00,1.0327907715084774,9.530143475528835
2026-02-13 11:00:00,0.6972331863867186,26.875741880776886
2026-02-13 12:00:00,0.17787127988657447,18.622375580421398
2026-02-13 13:00:00,0.22383640091511933,24.65363130981975
2026-02-13 14:00:00,0.7266967072707422,6.067614267898961
2026-02-13 15:00:00,0.8651545385373665,21.321548055906
2026-02-13 16:00:00,1.3287469732892199,19.64523231655786
2026-02-13 17:00:00,1.6774563352356453,19.959581677471284
2026-02-13 18:00:00,1.9921545654902901,13.159640287558751
2026-02-13 19:00:00,1.8855304903820944,16.54577893177443
2026-02-13 20:00:00,1.9096086663182181,26.554295750086606
2026-02-13 21:00:00,1.3311046206896961,30.46320143089335
2026-02-13 22:00:00,1.0465630651115292,19.294387931602525
2026-02-13 23:00:00,0.7235845479050755,17.89533420477101
2026-02-14 00:00:00,0.4962177809183419,23.314018619724983
2026-02-14 01:00:00,0.4233894543901814,22.336624912851214
2026-02-14 02:00:00,0.4963967915837232,16.04653333005542
2026-02-14 03:00:00,0.9458750049878148,16.142643882934774
2026-02-14 04:00:00,1.3250764353908435,22.271098536890705
2026-02-14 05:00:00,1.5818571123112506,21.313978760609487
2026-02-14 06:00:00,1.9758582296956646,27.762876376521813
2026-02-14 07:00:00,2.016792970658539,33.890604926106114
2026-02-14 08:00:00,2.08630504960744,17.40442633356396
2026-02-14 09:00:00,1.5828835351786708,15.773130968106653
2026-02-14 10:00:00,1.200152815956965,15.865412204875037
2026-02-14 11:00:00,1.0274706594988046,22.728495276658673
2026-02-14 12:00:00,0.4632732607373257,16.594580837921722
2026-02-14 13:00:00,0.4433942909038838,24.604878770068616
2026-02-14 14:00:00,0.39081193533835645,23.129188277615903
2026-02-14 15:00:00,0.6698702886742267,19.205970850305377
2026-02-14 16:00:00,0.9362918085851843,21.535463680118852
2026-02-14 17:00:00,1.353053630254215,20.665659494314543
2026-02-14 18:00:00,1.5995435851677144,16.70942465718305
2026-02-14 19:00:00,1.9969248966062745,17.13249987075496
2026-02-14 20:00:00,2.096528642883597,25.326344695046714
2026-02-14 21:00:00,1.9948367504459164,12.409479381196338
2026-02-14 22:00:00,1.4562459741709683,20.984045380734102
2026-02-14 23:00:00,0.9641524192535305,19.58957924973046
2026-02-15 00:00:00,0.5713041825946401,25.22527672333633
2026-02-15 01:00:00,0.5698610746789463,18.98342422208649
2026-02-15 02:00:00,0.37560524351550895,18.24923544936015
2026-02-15 03:00:00,0.5572437543248032,23.065417742758264
2026-02-15 04:00:00,1.0334725377498477,16.598106559950125
2026-02-15 05:00:00,1.2437937431803618,12.016438371305
2026-02-15 06:00:00,1.7843190409403362,14.095170484454336
2026-02-15 07:00:00,2.006244258551404,14.167300912107782
2026-02-15 08:00:00,2.010383154021277,12.026187839320773
2026-02-15 09:00:00,2.062601148382911,18.26217844692386
2026-02-15 10:00:00,1.4324402679690462,20.041807783441776
2026-02-15 11:00:00,1.2525917038521077,22.071499775016036
2026-02-15 12:00:00,0.9281017897002032,11.431510834807488
2026-02-15 13:00:00,0.5585728608220608,14.383149572412204
2026-02-15 14:00:00,0.41602902490692023,18.328293207002254
2026-02-15 15:00:00,0.3260177926641661,18.884098853536916
2026-02-15 16:00:00,0.568047929340837,24.147880731461285
2026-02-15 17:00:00,0.9320297764094717,17.418990819330205
2026-02-15 18:00:00,1.6738955542461194,21.116690195169504
2026-02-15 19:00:00,1.672762554104041,14.073772493842132
2026-02-15 20:00:00,1.9702143645220698,17.003376469501397
2026-02-15 21:00:00,1.9514210780405348,15.600982244355542
2026-02-15 22:00:00,1.7166917075584387,13.235671095496096
2026-02-15 23:00:00,1.2940857186512726,17.555740158432155
2026-02-16 00:00:00,0.8972341205287687,23.313738307496077
2026-02-16 01:00:00,0.46494948199610286,16.007021029886573
2026-02-16 02:00:00,0.5717545559173779,23.75445739350816
2026-02-16 03:00:00,0.43252260801594866,21.34655272296215
2026-02-16 04:00:00,0.5828327198696142,21.818085132015728
2026-02-16 05:00:00,0.9446252475664706,22.9778349832726
2026-02-16 06:00:00,1.3052995028833903,32.826507712425915
2026-02-16 07:00:00,1.7132533883478245,15.372252135082178
2026-02-16 08:00:00,1.9781082103567778,11.58393326648423
2026-02-16 09:00:00,1.9647341041374553,21.7493072884794
2026-02-16 10:00:00,3.253636873888305,78.56862035615474
2026-02-16 11:00:00,1.5652872503675703,30.87596342256562
2026-02-16 12:00:00,1.1854392748384524,19.667354547455172
2026-02-16 13:00:00,0.9029027768495679,15.143457147520863
2026-02-16 14:00:00,0.5455762737057422,16.878666800814955
2026-02-16 15:00:00,0.2674445566282827,15.964633460665542
2026-02-16 16:00:00,0.6414458829087984,18.408345488036446
2026-02-16 17:00:00,0.6429314432895916,7.084357891247539
2026-02-16 18:00:00,1.2446378788051742,23.33278227888626
2026-02-16 19:00:00,1.379367306896208,19.986876301433977
2026-02-16 20:00:00,1.8904331302913404,21.589984917837217
2026-02-16 21:00:00,2.1519568644676017,17.104897490574857
2026-02-16 22:00:00,1.9910348710169508,15.613430640157905
2026-02-16 23:00:00,1.6723931775535,17.658501899237493
2026-02-17 00:00:00,1.129748695762467,26.840088309064782
2026-02-17 01:00:00,0.9299656195346004,22.21731220059789
2026-02-17 02:00:00,0.4184128233585277,29.533161364291054
2026-02-17 03:00:00,0.33886156391322053,13.64310470608233
2026-02-17 04:00:00,0.44434747794918833,19.92909462497091
2026-02-17 05:00:00,0.6562925874917931,16.94478870438996
2026-02-17 06:00:00,0.947193160728485,26.07383594852215
2026-02-17 07:00:00,1.4074352969547728,12.675094233050961
2026-02-17 08:00:00,1.6579795831752528,31.26854488725637
2026-02-17 09:00:00,1.8923531848800437,20.32640729964969
2026-02-17 10:00:00,2.022618798620551,18.76748410287729
2026-02-17 11:00:00,1.666716794498734,26.843298574439466
2026-02-17 12:00:00,1.1701168703952416,23.927645290929483
2026-02-17 13:00:00,2.632966210703689,82.5841157677242
2026-02-17 14:00:00,0.6981800298137161,18.741538323931092
2026-02-17 15:00:00,0.33423622847733886,22.17488639397005
2026-02-17 16:00:00,0.5977310922973871,18.301276581612704
2026-02-17 17:00:00,0.5420048021513998,24.377323998306025
2026-02-17 18:00:00,0.8878475673987809,20.405076628034177
2026-02-17 19:00:00,1.3067387100639993,13.986769683576341
2026-02-17 20:00:00,1.7323142500413682,18.611208760035545
2026-02-17 21:00:00,1.9819355154159397,17.357641619990364
2026-02-17 22:00:00,3.542229148500242,84.29121515216849
2026-02-17 23:00:00,1.992128463400526,18.583888497677034
2026-02-18 00:00:00,1.4986082527442592,19.12452303862068
2026-02-18 01:00:00,1.3338861396404866,6.521308566690342
2026-02-18 02:00:00,1.1123161489174873,23.120958138732508
2026-02-18 03:00:00,0.6106962959439599,22.848163355454748
2026-02-18 04:00:00,0.46598749271863804,24.90850470344988
2026-02-18 05:00:00,0.5353648203804289,22.55790188606163
2026-02-18 06:00:00,0.7016682280755115,27.575603852751897
2026-02-18 07:00:00,1.1546190836342092,13.95777618658796
2026-02-18 08:00:00,1.6579462230730637,21.849589817709973
2026-02-18 09:00:00,1.9009378854691539,15.703963120095487
2026-02-18 10:00:00,1.9841609507872433,21.651579615801108
2026-02-18 11:00:00,1.9784876261962288,21.49680565199181
2026-02-18 12:00:00,1.7899152271560947,26.35221827034645
2026-02-18 13:00:00,1.095678386412544,16.379351174047898
2026-02-18 14:00:00,1.0172884134122269,11.227630613661425
2026-02-18 15:00:00,0.5009649752952949,20.045445681791538
2026-02-18 16:00:00,0.5260204910654465,31.34519763415308
2026-02-18 17:00:00,0.46595152095450887,20.42099211033113
2026-02-18 18:00:00,0.7129200457735372,22.668984261316755
2026-02-18 19:00:00,1.02007196259767,17.173636095348566
2026-02-18 20:00:00,1.4273167695698459,18.788691149821428
2026-02-18 21:00:00,1.5007819504139301,32.28693218125606
2026-02-18 22:00:00,2.111591659829748,22.261638959131417
2026-02-18 23:00:00,1.8428807330137877,13.808767635911796
2026-02-19 00:00:00,2.0789013985948497,20.09256581724004
2026-02-19 01:00:00,1.6100330492403403,22.06019343840061
2026-02-19 02:00:00,1.087471031223883,27.794448595806948
2026-02-19 03:00:00,0.7284153313608253,3.458883523730883
2026-02-19 04:00:00,0.3248052648214851,18.252706538199277
2026-02-19 05:00:00,0.3325244402626946,19.12169826780953
2026-02-19 06:00:00,0.45088596402810555,9.985744861885394
2026-02-19 07:00:00,0.862304062268154,13.722720808366777
2026-02-19 08:00:00,1.1878221903942117,19.180335841007274
2026-02-19 09:00:00,1.557814051810296,19.45620288701141
2026-02-19 10:00:00,1.9390031078753254,13.102069282074584
2026-02-19 11:00:00,2.1068426268609133,11.172208327465382
2026-02-19 12:00:00,1.8448749964537676,11.812999281272416
2026-02-19 13:00:00,1.5445677093253638,30.558712993189516
2026-02-19 14:00:00,1.3130263480236344,22.707510723448976
2026-02-19 15:00:00,1.0881330383862278,16.54693653584283
2026-02-19 16:00:00,0.6785136875151321,14.343792983863906
2026-02-19 17:00:00,0.4167921437416782,16.05200113891445
2026-02-19 18:00:00,0.23986214643127368,21.71322651022742
2026-02-19 19:00:00,0.5412633181682205,29.653788318630475
2026-02-19 20:00:00,0.9930594177903643,20.572680452641805
2026-02-19 21:00:00,1.3980837549138037,28.194481436568516
2026-02-19 22:00:00,1.7901947725804406,18.94185585279191
2026-02-19 23:00:00,2.207623234360888,12.385756441384496
2026-02-20 00:00:00,2.080878318053167,22.777120717330476
2026-02-20 01:00:00,1.733431982439458,16.347255197143486
2026-02-20 02:00:00,1.4035309223107912,16.848102918986562
2026-02-20 03:00:00,1.1239253468614367,13.20286088157967
2026-02-20 04:00:00,0.6498857268125624,24.20752179097529
2026-02-20 05:00:00,0.48435659905668205,28.998903925053106
2026-02-20 06:00:00,0.430175587044654,12.191612593883516
2026-02-20 07:00:00,0.6678889880939743,9.57363434402147
2026-02-20 08:00:00,0.9044086554368,15.946850167076004
2026-02-20 09:00:00,1.3764497364605501,25.93790663725176
2026-02-20 10:00:00,1.5685276719513426,20.381502106230506
2026-02-20 11:00:00,1.8720956086772442,18.912618942171008
2026-02-20 12:00:00,1.9103024478614339,24.157251595520655
2026-02-20 13:00:00,1.8239067723930098,19.446867236332004
2026-02-20 14:00:00,1.6511269296438504,15.70679684820388
2026-02-20 15:00:00,1.0396445156606464,15.616652075157102
2026-02-20 16:00:00,1.0227735108630487,21.594905292894154
2026-02-20 17:00:00,0.4017918391125558,17.94220585999828
2026-02-20 18:00:00,0.4293888524988319,20.796972102059584
2026-02-20 19:00:00,0.45544328540120893,22.407242706448447
2026-02-20 20:00:00,2.30987922420306,82.81099492823725
2026-02-20 21:00:00,1.0330530705858096,15.26849416502526
2026-02-20 22:00:00,1.3947431143563946,8.955828437539694
2026-02-20 23:00:00,1.7265139435284769,25.051772930676293
2026-02-21 00:00:00,1.954025741713153,22.366059718863806
